data_source_name,data_source_id,data_source_alive,report_name,report_token,report_url,space_name,query_name,last_run_at,days_since_last_run,owner,is_archived
from definition,24116,no,24h Online Bookings tracking,ed2dacdf3196,https://app.mode.com/editor/ecooltra706/reports/ed2dacdf3196,++ aSlack reports,01 Reservations,2020-10-24T14:11:33.251Z,2058,ecooltra706,no
from definition,24116,no,24h Online Bookings tracking,ed2dacdf3196,https://app.mode.com/editor/ecooltra706/reports/ed2dacdf3196,++ aSlack reports,02 Data for chart,2020-10-24T14:11:33.251Z,2058,ecooltra706,no
from definition,24116,no,Portugal ST and LT revenues,2e481914888f,https://app.mode.com/editor/ecooltra706/reports/2e481914888f,++ City Managers,Query 4,2022-11-04T12:58:37.530Z,1317,ecooltra706,no
from definition,24116,no,Portugal ST and LT revenues,2e481914888f,https://app.mode.com/editor/ecooltra706/reports/2e481914888f,++ City Managers,01 Data,2022-11-04T12:58:37.530Z,1317,ecooltra706,no
from definition,24116,no,Portugal ST and LT revenues,2e481914888f,https://app.mode.com/editor/ecooltra706/reports/2e481914888f,++ City Managers,z params,2022-11-04T12:58:37.530Z,1317,ecooltra706,no
from definition,24116,no,Portugal ST and LT revenues,2e481914888f,https://app.mode.com/editor/ecooltra706/reports/2e481914888f,++ City Managers,Query 4,2022-11-04T12:58:37.530Z,1317,ecooltra706,no
from definition,24116,no,OB-Estudi de taules a nivell quantitats de registres - privat,9e2a797503a9,https://app.mode.com/editor/ecooltra706/reports/9e2a797503a9,+ ORIOL - OB investigacions,07) Legal Entity,2020-08-24T08:22:56.093Z,2120,ecooltra706,no
from definition,24116,no,OB-Estudi de taules a nivell quantitats de registres - privat,9e2a797503a9,https://app.mode.com/editor/ecooltra706/reports/9e2a797503a9,+ ORIOL - OB investigacions,Query 20,2020-08-24T08:22:56.093Z,2120,ecooltra706,no
from definition,24116,no,OB-Estudi de taules a nivell quantitats de registres - privat,9e2a797503a9,https://app.mode.com/editor/ecooltra706/reports/9e2a797503a9,+ ORIOL - OB investigacions,18) Contract Type,2020-08-24T08:22:56.093Z,2120,ecooltra706,no
from definition,24116,no,OB-Estudi de taules a nivell quantitats de registres - privat,9e2a797503a9,https://app.mode.com/editor/ecooltra706/reports/9e2a797503a9,+ ORIOL - OB investigacions,05) ALL Invoices and lines CO,2020-08-24T08:22:56.093Z,2120,ecooltra706,no
from definition,24116,no,OB-Estudi de taules a nivell quantitats de registres - privat,9e2a797503a9,https://app.mode.com/editor/ecooltra706/reports/9e2a797503a9,+ ORIOL - OB investigacions,14) R2B Invoiced contracts,2020-08-24T08:22:56.093Z,2120,ecooltra706,no
from definition,24116,no,OB-Estudi de taules a nivell quantitats de registres - privat,9e2a797503a9,https://app.mode.com/editor/ecooltra706/reports/9e2a797503a9,+ ORIOL - OB investigacions,16) Cost Center,2020-08-24T08:22:56.093Z,2120,ecooltra706,no
from definition,24116,no,OB-Estudi de taules a nivell quantitats de registres - privat,9e2a797503a9,https://app.mode.com/editor/ecooltra706/reports/9e2a797503a9,+ ORIOL - OB investigacions,01) All invoices,2020-08-24T08:22:56.093Z,2120,ecooltra706,no
from definition,24116,no,OB-Estudi de taules a nivell quantitats de registres - privat,9e2a797503a9,https://app.mode.com/editor/ecooltra706/reports/9e2a797503a9,+ ORIOL - OB investigacions,02) All invoices and lines,2020-08-24T08:22:56.093Z,2120,ecooltra706,no
from definition,24116,no,OB-Estudi de taules a nivell quantitats de registres - privat,9e2a797503a9,https://app.mode.com/editor/ecooltra706/reports/9e2a797503a9,+ ORIOL - OB investigacions,04) ALL Invoices CO,2020-08-24T08:22:56.093Z,2120,ecooltra706,no
from definition,24116,no,OB-Estudi de taules a nivell quantitats de registres - privat,9e2a797503a9,https://app.mode.com/editor/ecooltra706/reports/9e2a797503a9,+ ORIOL - OB investigacions,03) Check All invoices and lines,2020-08-24T08:22:56.093Z,2120,ecooltra706,no
from definition,24116,no,OB-Estudi de taules a nivell quantitats de registres - privat,9e2a797503a9,https://app.mode.com/editor/ecooltra706/reports/9e2a797503a9,+ ORIOL - OB investigacions,06) Doctypes,2020-08-24T08:22:56.093Z,2120,ecooltra706,no
from definition,24116,no,OB-Estudi de taules a nivell quantitats de registres - privat,9e2a797503a9,https://app.mode.com/editor/ecooltra706/reports/9e2a797503a9,+ ORIOL - OB investigacions,06) Doctypes distinct,2020-08-24T08:22:56.093Z,2120,ecooltra706,no
from definition,24116,no,OB-Estudi de taules a nivell quantitats de registres - privat,9e2a797503a9,https://app.mode.com/editor/ecooltra706/reports/9e2a797503a9,+ ORIOL - OB investigacions,08) Category Product,2020-08-24T08:22:56.093Z,2120,ecooltra706,no
from definition,24116,no,OB-Estudi de taules a nivell quantitats de registres - privat,9e2a797503a9,https://app.mode.com/editor/ecooltra706/reports/9e2a797503a9,+ ORIOL - OB investigacions,0-LA QUERY,2020-08-24T08:22:56.093Z,2120,ecooltra706,no
from definition,24116,no,OB-Estudi de taules a nivell quantitats de registres - privat,9e2a797503a9,https://app.mode.com/editor/ecooltra706/reports/9e2a797503a9,+ ORIOL - OB investigacions,09) Products,2020-08-24T08:22:56.093Z,2120,ecooltra706,no
from definition,24116,no,OB-Estudi de taules a nivell quantitats de registres - privat,9e2a797503a9,https://app.mode.com/editor/ecooltra706/reports/9e2a797503a9,+ ORIOL - OB investigacions,10) Projects - BL,2020-08-24T08:22:56.093Z,2120,ecooltra706,no
from definition,24116,no,OB-Estudi de taules a nivell quantitats de registres - privat,9e2a797503a9,https://app.mode.com/editor/ecooltra706/reports/9e2a797503a9,+ ORIOL - OB investigacions,13) Legal Entity - Projects,2020-08-24T08:22:56.093Z,2120,ecooltra706,no
from definition,24116,no,OB-Estudi de taules a nivell quantitats de registres - privat,9e2a797503a9,https://app.mode.com/editor/ecooltra706/reports/9e2a797503a9,+ ORIOL - OB investigacions,15) Third parties,2020-08-24T08:22:56.093Z,2120,ecooltra706,no
from definition,24116,no,OB-Estudi de taules a nivell quantitats de registres - privat,9e2a797503a9,https://app.mode.com/editor/ecooltra706/reports/9e2a797503a9,+ ORIOL - OB investigacions,0-Factures de venda,2020-08-24T08:22:56.093Z,2120,ecooltra706,no
from definition,24116,no,OB-Estudi de taules a nivell quantitats de registres - privat,9e2a797503a9,https://app.mode.com/editor/ecooltra706/reports/9e2a797503a9,+ ORIOL - OB investigacions,17) Organization,2020-08-24T08:22:56.093Z,2120,ecooltra706,no
from definition,24116,no,OB-BACKUP Definitions,5cdc5f386ca1,https://app.mode.com/editor/ecooltra706/reports/5cdc5f386ca1,+ ORIOL - OB investigacions,@Online_Bookings,2020-07-26T10:55:06.075Z,2149,ecooltra706,no
from definition,24116,no,OB-BACKUP Definitions,5cdc5f386ca1,https://app.mode.com/editor/ecooltra706/reports/5cdc5f386ca1,+ ORIOL - OB investigacions,@OB_Invoices,2020-07-26T10:55:06.075Z,2149,ecooltra706,no
from definition,24116,no,OB-BACKUP Definitions,5cdc5f386ca1,https://app.mode.com/editor/ecooltra706/reports/5cdc5f386ca1,+ ORIOL - OB investigacions,0-Index,2020-07-26T10:55:06.075Z,2149,ecooltra706,no
from definition,24116,no,OB-BACKUP Definitions,5cdc5f386ca1,https://app.mode.com/editor/ecooltra706/reports/5cdc5f386ca1,+ ORIOL - OB investigacions,@Mapping_Categories,2020-07-26T10:55:06.075Z,2149,ecooltra706,no
from definition,24116,no,OB-BACKUP Definitions,5cdc5f386ca1,https://app.mode.com/editor/ecooltra706/reports/5cdc5f386ca1,+ ORIOL - OB investigacions,@Organizations_delegations,2020-07-26T10:55:06.075Z,2149,ecooltra706,no
from definition,24116,no,OB-BACKUP Definitions,5cdc5f386ca1,https://app.mode.com/editor/ecooltra706/reports/5cdc5f386ca1,+ ORIOL - OB investigacions,@Rental_bbpp,2020-07-26T10:55:06.075Z,2149,ecooltra706,no
from definition,24116,no,OB-BACKUP Definitions,5cdc5f386ca1,https://app.mode.com/editor/ecooltra706/reports/5cdc5f386ca1,+ ORIOL - OB investigacions,@Correct_delegations,2020-07-26T10:55:06.075Z,2149,ecooltra706,no
from definition,24116,no,OB-BACKUP Definitions,5cdc5f386ca1,https://app.mode.com/editor/ecooltra706/reports/5cdc5f386ca1,+ ORIOL - OB investigacions,@Ordered_countries,2020-07-26T10:55:06.075Z,2149,ecooltra706,no
from definition,24116,no,OB-BACKUP Definitions,5cdc5f386ca1,https://app.mode.com/editor/ecooltra706/reports/5cdc5f386ca1,+ ORIOL - OB investigacions,@cecos,2020-07-26T10:55:06.075Z,2149,ecooltra706,no
from definition,24116,no,OB-BACKUP Definitions,5cdc5f386ca1,https://app.mode.com/editor/ecooltra706/reports/5cdc5f386ca1,+ ORIOL - OB investigacions,@accounts,2020-07-26T10:55:06.075Z,2149,ecooltra706,no
from definition,35007,no,Clone of [ZEUS][SWA/SINGLE] Swapping analysis,30a0e5e5d5c7,https://app.mode.com/editor/ecooltra706/reports/30a0e5e5d5c7,Backup Lluís,z params,2022-12-28T12:02:41.666Z,1264,ecooltra706,no
from definition,35007,no,Clone of [ZEUS][SWA/SINGLE] Swapping analysis,30a0e5e5d5c7,https://app.mode.com/editor/ecooltra706/reports/30a0e5e5d5c7,Backup Lluís,01 Detalles últimos X días,2022-12-28T12:02:41.666Z,1264,ecooltra706,no
from definition,35007,no,Clone of [ZEUS][SWA/SINGLE] Swapping analysis,30a0e5e5d5c7,https://app.mode.com/editor/ecooltra706/reports/30a0e5e5d5c7,Backup Lluís,Query 4,2022-12-28T12:02:41.666Z,1264,ecooltra706,no
from definition,35007,no,Clone of [ZEUS][SWA/SINGLE] Swapping analysis,30a0e5e5d5c7,https://app.mode.com/editor/ecooltra706/reports/30a0e5e5d5c7,Backup Lluís,Query 5,2022-12-28T12:02:41.666Z,1264,ecooltra706,no
from definition,35007,no,Clone of [ZEUS][SWA/SINGLE] Swapping analysis,30a0e5e5d5c7,https://app.mode.com/editor/ecooltra706/reports/30a0e5e5d5c7,Backup Lluís,Query 6,2022-12-28T12:02:41.666Z,1264,ecooltra706,no
from definition,24116,no,Clone of Contratos y reservas,6f65ece8bb4b,https://app.mode.com/editor/ecooltra706/reports/6f65ece8bb4b,Backup Lluís,01 ST,2022-11-17T11:01:52.850Z,1305,ecooltra706,no
from definition,24116,no,Clone of Contratos y reservas,6f65ece8bb4b,https://app.mode.com/editor/ecooltra706/reports/6f65ece8bb4b,Backup Lluís,z params,2022-11-17T11:01:52.850Z,1305,ecooltra706,no
from definition,24116,no,Clone of Contratos y reservas,6f65ece8bb4b,https://app.mode.com/editor/ecooltra706/reports/6f65ece8bb4b,Backup Lluís,Query 5,2022-11-17T11:01:52.850Z,1305,ecooltra706,no
from definition,24116,no,Clone of Contratos y reservas,6f65ece8bb4b,https://app.mode.com/editor/ecooltra706/reports/6f65ece8bb4b,Backup Lluís,02 LT,2022-11-17T11:01:52.850Z,1305,ecooltra706,no
from definition,24116,no,Clone of Contratos y reservas,6f65ece8bb4b,https://app.mode.com/editor/ecooltra706/reports/6f65ece8bb4b,Backup Lluís,02 Raw data,2022-11-17T11:01:52.850Z,1305,ecooltra706,no
from definition,24116,no,Clone of Contratos y reservas,6f65ece8bb4b,https://app.mode.com/editor/ecooltra706/reports/6f65ece8bb4b,Backup Lluís,Query 6,2022-11-17T11:01:52.850Z,1305,ecooltra706,no
from definition,35007,no,Clone of Selligent,ed737bb82447,https://app.mode.com/editor/ecooltra706/reports/ed737bb82447,Backup Lluís,05 zeus.registered_users,2022-12-17T11:56:28.834Z,1275,ecooltra706,no
from definition,35007,no,Clone of Selligent,ed737bb82447,https://app.mode.com/editor/ecooltra706/reports/ed737bb82447,Backup Lluís,03 cooltra_club_hourly,2022-12-17T11:56:28.834Z,1275,ecooltra706,no
from definition,35007,no,Clone of Selligent,ed737bb82447,https://app.mode.com/editor/ecooltra706/reports/ed737bb82447,Backup Lluís,02 [ZEUS] Rentals_update,2022-12-17T11:56:28.834Z,1275,ecooltra706,no
from definition,35007,no,Clone of Selligent,ed737bb82447,https://app.mode.com/editor/ecooltra706/reports/ed737bb82447,Backup Lluís,04 cdc.users,2022-12-17T11:56:28.834Z,1275,ecooltra706,no
from definition,35007,no,Clone of Selligent,ed737bb82447,https://app.mode.com/editor/ecooltra706/reports/ed737bb82447,Backup Lluís,Query 7,2022-12-17T11:56:28.834Z,1275,ecooltra706,no
from definition,35007,no,Clone of Selligent,ed737bb82447,https://app.mode.com/editor/ecooltra706/reports/ed737bb82447,Backup Lluís,06 rentals,2022-12-17T11:56:28.834Z,1275,ecooltra706,no
from definition,35007,no,Clone of Selligent,ed737bb82447,https://app.mode.com/editor/ecooltra706/reports/ed737bb82447,Backup Lluís,Query 9,2022-12-17T11:56:28.834Z,1275,ecooltra706,no
from definition,35007,no,ZEUS tables,63b0c1e754fa,https://app.mode.com/editor/ecooltra706/reports/63b0c1e754fa,Backup Lluís,Query 1,2022-12-13T13:36:33.805Z,1278,ecooltra706,no
from definition,35007,no,ZEUS tables,63b0c1e754fa,https://app.mode.com/editor/ecooltra706/reports/63b0c1e754fa,Backup Lluís,Query 3,2022-12-13T13:36:33.805Z,1278,ecooltra706,no
from definition,35007,no,ZEUS tables,63b0c1e754fa,https://app.mode.com/editor/ecooltra706/reports/63b0c1e754fa,Backup Lluís,Query 4,2022-12-13T13:36:33.805Z,1278,ecooltra706,no
from definition,35007,no,ZEUS tables,63b0c1e754fa,https://app.mode.com/editor/ecooltra706/reports/63b0c1e754fa,Backup Lluís,Query 5,2022-12-13T13:36:33.805Z,1278,ecooltra706,no
from definition,35007,no,ZEUS tables,63b0c1e754fa,https://app.mode.com/editor/ecooltra706/reports/63b0c1e754fa,Backup Lluís,Query 6,2022-12-13T13:36:33.805Z,1278,ecooltra706,no
from definition,35007,no,ZEUS tables,63b0c1e754fa,https://app.mode.com/editor/ecooltra706/reports/63b0c1e754fa,Backup Lluís,Filtered rentals,2022-12-13T13:36:33.805Z,1278,ecooltra706,no
from definition,35007,no,Current location of bikes,ef8de8d3e701,https://app.mode.com/editor/ecooltra706/reports/ef8de8d3e701,Backup Lluís,Bikes,2022-11-22T12:39:10.520Z,1299,ecooltra706,no
from definition,35007,no,Current location of bikes,ef8de8d3e701,https://app.mode.com/editor/ecooltra706/reports/ef8de8d3e701,Backup Lluís,Query 3,2022-11-22T12:39:10.520Z,1299,ecooltra706,no
from definition,35007,no,Current location of bikes,ef8de8d3e701,https://app.mode.com/editor/ecooltra706/reports/ef8de8d3e701,Backup Lluís,Query 2,2022-11-22T12:39:10.520Z,1299,ecooltra706,no
from definition,35007,no,Proves...,a2bf9a60903b,https://app.mode.com/editor/ecooltra706/reports/a2bf9a60903b,Backup Lluís,Query 23,2022-11-21T15:55:30.265Z,1300,ecooltra706,no
from definition,35007,no,Proves...,a2bf9a60903b,https://app.mode.com/editor/ecooltra706/reports/a2bf9a60903b,Backup Lluís,Query 11,2022-11-21T15:55:30.265Z,1300,ecooltra706,no
from definition,35007,no,Proves...,a2bf9a60903b,https://app.mode.com/editor/ecooltra706/reports/a2bf9a60903b,Backup Lluís,Query 14,2022-11-21T15:55:30.265Z,1300,ecooltra706,no
from definition,35007,no,Proves...,a2bf9a60903b,https://app.mode.com/editor/ecooltra706/reports/a2bf9a60903b,Backup Lluís,Query 24,2022-11-21T15:55:30.265Z,1300,ecooltra706,no
from definition,35007,no,Proves...,a2bf9a60903b,https://app.mode.com/editor/ecooltra706/reports/a2bf9a60903b,Backup Lluís,Query 1,2022-11-21T15:55:30.265Z,1300,ecooltra706,no
from definition,35007,no,Proves...,a2bf9a60903b,https://app.mode.com/editor/ecooltra706/reports/a2bf9a60903b,Backup Lluís,Query 4,2022-11-21T15:55:30.265Z,1300,ecooltra706,no
from definition,35007,no,Proves...,a2bf9a60903b,https://app.mode.com/editor/ecooltra706/reports/a2bf9a60903b,Backup Lluís,Query 7,2022-11-21T15:55:30.265Z,1300,ecooltra706,no
from definition,24116,no,Proves...,a2bf9a60903b,https://app.mode.com/editor/ecooltra706/reports/a2bf9a60903b,Backup Lluís,OB Invoices Free Now,2022-11-21T15:55:30.265Z,1300,ecooltra706,no
from definition,35007,no,Proves...,a2bf9a60903b,https://app.mode.com/editor/ecooltra706/reports/a2bf9a60903b,Backup Lluís,Query 8,2022-11-21T15:55:30.265Z,1300,ecooltra706,no
from definition,35007,no,Proves...,a2bf9a60903b,https://app.mode.com/editor/ecooltra706/reports/a2bf9a60903b,Backup Lluís,Query 22,2022-11-21T15:55:30.265Z,1300,ecooltra706,no
from definition,35007,no,[ZEUS] Work shifts,e76e7adcd105,https://app.mode.com/editor/ecooltra706/reports/e76e7adcd105,Backup Lluís,Query 1,2022-11-14T08:43:24.601Z,1308,ecooltra706,no
from definition,35007,no,Clone of Riders por rango de edad y ciudades,47500bcf1d9b,https://app.mode.com/editor/ecooltra706/reports/47500bcf1d9b,DATA,Query 3,2022-11-17T14:15:19.330Z,1304,ecooltra706,no
from definition,35007,no,Clone of Riders por rango de edad y ciudades,47500bcf1d9b,https://app.mode.com/editor/ecooltra706/reports/47500bcf1d9b,DATA,01 Rangos edades por ciudad,2022-11-17T14:15:19.330Z,1304,ecooltra706,no
from definition,35007,no,Clone of Análisis de usuarios,e3e08504402b,https://app.mode.com/editor/ecooltra706/reports/e3e08504402b,DATA,01 Funnel in chosen cities,2022-11-17T11:45:58.648Z,1305,ecooltra706,no
from definition,35007,no,Clone of Análisis de usuarios,e3e08504402b,https://app.mode.com/editor/ecooltra706/reports/e3e08504402b,DATA,02 Leads,2022-11-17T11:45:58.648Z,1305,ecooltra706,no
from definition,35007,no,Clone of Análisis de usuarios,e3e08504402b,https://app.mode.com/editor/ecooltra706/reports/e3e08504402b,DATA,03 Users,2022-11-17T11:45:58.648Z,1305,ecooltra706,no
from definition,35007,no,Clone of Análisis de usuarios,e3e08504402b,https://app.mode.com/editor/ecooltra706/reports/e3e08504402b,DATA,04 Rentals,2022-11-17T11:45:58.648Z,1305,ecooltra706,no
from definition,35007,no,Clone of Análisis de usuarios,e3e08504402b,https://app.mode.com/editor/ecooltra706/reports/e3e08504402b,DATA,05 Packs,2022-11-17T11:45:58.648Z,1305,ecooltra706,no
from definition,35007,no,Clone of Análisis de usuarios,e3e08504402b,https://app.mode.com/editor/ecooltra706/reports/e3e08504402b,DATA,06 Latest Rental At,2022-11-17T11:45:58.648Z,1305,ecooltra706,no
from definition,35007,no,Clone of Análisis de usuarios,e3e08504402b,https://app.mode.com/editor/ecooltra706/reports/e3e08504402b,DATA,02.2 Leads per city,2022-11-17T11:45:58.648Z,1305,ecooltra706,no
from definition,35007,no,Clone of Análisis de usuarios,e3e08504402b,https://app.mode.com/editor/ecooltra706/reports/e3e08504402b,DATA,03.1 Users per city,2022-11-17T11:45:58.648Z,1305,ecooltra706,no
from definition,35007,no,Clone of Análisis de usuarios,e3e08504402b,https://app.mode.com/editor/ecooltra706/reports/e3e08504402b,DATA,3.3 Users,2022-11-17T11:45:58.648Z,1305,ecooltra706,no
from definition,35007,no,Clone of Análisis de usuarios,e3e08504402b,https://app.mode.com/editor/ecooltra706/reports/e3e08504402b,DATA,z params,2022-11-17T11:45:58.648Z,1305,ecooltra706,no
from definition,35007,no,Clone of Análisis de usuarios,e3e08504402b,https://app.mode.com/editor/ecooltra706/reports/e3e08504402b,DATA,03.2 Users per language,2022-11-17T11:45:58.648Z,1305,ecooltra706,no
from definition,35007,no,Selligent,01616bb8aac1,https://app.mode.com/editor/ecooltra706/reports/01616bb8aac1,DATA,01 Users_update,2023-02-01T11:42:50.777Z,1229,ecooltra706,no
from definition,35007,no,Selligent,01616bb8aac1,https://app.mode.com/editor/ecooltra706/reports/01616bb8aac1,DATA,02 Rentals_update,2023-02-01T11:42:50.777Z,1229,ecooltra706,no
from definition,35007,no,Selligent,01616bb8aac1,https://app.mode.com/editor/ecooltra706/reports/01616bb8aac1,DATA,02 [ZEUS] Rentals_update,2023-02-01T11:42:50.777Z,1229,ecooltra706,no
from definition,35007,no,Selligent,01616bb8aac1,https://app.mode.com/editor/ecooltra706/reports/01616bb8aac1,DATA,01b Users_update,2023-02-01T11:42:50.777Z,1229,ecooltra706,no
from definition,35007,no,Selligent,01616bb8aac1,https://app.mode.com/editor/ecooltra706/reports/01616bb8aac1,DATA,01c Users_update,2023-02-01T11:42:50.777Z,1229,ecooltra706,no
from definition,35007,no,Selligent,01616bb8aac1,https://app.mode.com/editor/ecooltra706/reports/01616bb8aac1,DATA,01d Users_update 48 hours,2023-02-01T11:42:50.777Z,1229,ecooltra706,no
from definition,35007,no,Selligent,01616bb8aac1,https://app.mode.com/editor/ecooltra706/reports/01616bb8aac1,DATA,01e Users_update since 2022-12-19,2023-02-01T11:42:50.777Z,1229,ecooltra706,no
from definition,35007,no,Zeus explorations,b63076265995,https://app.mode.com/editor/ecooltra706/reports/b63076265995,DATA,Query 30,2023-01-04T16:58:51.662Z,1256,ecooltra706,no
from definition,35007,no,Zeus explorations,b63076265995,https://app.mode.com/editor/ecooltra706/reports/b63076265995,DATA,07.1 extended Work_units,2023-01-04T16:58:51.662Z,1256,ecooltra706,no
from definition,35007,no,Zeus explorations,b63076265995,https://app.mode.com/editor/ecooltra706/reports/b63076265995,DATA,19.1 maas_registered_users,2023-01-04T16:58:51.662Z,1256,ecooltra706,no
from definition,35007,no,Zeus explorations,b63076265995,https://app.mode.com/editor/ecooltra706/reports/b63076265995,DATA,Query 84,2023-01-04T16:58:51.662Z,1256,ecooltra706,no
from definition,35007,no,Zeus explorations,b63076265995,https://app.mode.com/editor/ecooltra706/reports/b63076265995,DATA,Query 86,2023-01-04T16:58:51.662Z,1256,ecooltra706,no
from definition,35007,no,Zeus explorations,b63076265995,https://app.mode.com/editor/ecooltra706/reports/b63076265995,DATA,11 locations,2023-01-04T16:58:51.662Z,1256,ecooltra706,no
from definition,35007,no,Zeus explorations,b63076265995,https://app.mode.com/editor/ecooltra706/reports/b63076265995,DATA,08.1 vehicle_operational_state_records,2023-01-04T16:58:51.662Z,1256,ecooltra706,no
from definition,35007,no,Zeus explorations,b63076265995,https://app.mode.com/editor/ecooltra706/reports/b63076265995,DATA,04 Vehicles_PR_EF,2023-01-04T16:58:51.662Z,1256,ecooltra706,no
from definition,35007,no,Zeus explorations,b63076265995,https://app.mode.com/editor/ecooltra706/reports/b63076265995,DATA,Query 71,2023-01-04T16:58:51.662Z,1256,ecooltra706,no
from definition,35007,no,Zeus explorations,b63076265995,https://app.mode.com/editor/ecooltra706/reports/b63076265995,DATA,z_params,2023-01-04T16:58:51.662Z,1256,ecooltra706,no
from definition,35007,no,Zeus explorations,b63076265995,https://app.mode.com/editor/ecooltra706/reports/b63076265995,DATA,Query 13,2023-01-04T16:58:51.662Z,1256,ecooltra706,no
from definition,35007,no,Zeus explorations,b63076265995,https://app.mode.com/editor/ecooltra706/reports/b63076265995,DATA,99 20 SWAPPING UNAVAILABILITY,2023-01-04T16:58:51.662Z,1256,ecooltra706,no
from definition,35007,no,Zeus explorations,b63076265995,https://app.mode.com/editor/ecooltra706/reports/b63076265995,DATA,Query 69,2023-01-04T16:58:51.662Z,1256,ecooltra706,no
from definition,35007,no,Zeus explorations,b63076265995,https://app.mode.com/editor/ecooltra706/reports/b63076265995,DATA,Query 46,2023-01-04T16:58:51.662Z,1256,ecooltra706,no
from definition,35007,no,Zeus explorations,b63076265995,https://app.mode.com/editor/ecooltra706/reports/b63076265995,DATA,20 user_funnel_zeus_old,2023-01-04T16:58:51.662Z,1256,ecooltra706,no
from definition,35007,no,Zeus explorations,b63076265995,https://app.mode.com/editor/ecooltra706/reports/b63076265995,DATA,10 Tasks,2023-01-04T16:58:51.662Z,1256,ecooltra706,no
from definition,35007,no,Zeus explorations,b63076265995,https://app.mode.com/editor/ecooltra706/reports/b63076265995,DATA,Query 42,2023-01-04T16:58:51.662Z,1256,ecooltra706,no
from definition,35007,no,Zeus explorations,b63076265995,https://app.mode.com/editor/ecooltra706/reports/b63076265995,DATA,40 redeemed_referral_codes,2023-01-04T16:58:51.662Z,1256,ecooltra706,no
from definition,35007,no,Zeus explorations,b63076265995,https://app.mode.com/editor/ecooltra706/reports/b63076265995,DATA,41 user_credit,2023-01-04T16:58:51.662Z,1256,ecooltra706,no
from definition,35007,no,Zeus explorations,b63076265995,https://app.mode.com/editor/ecooltra706/reports/b63076265995,DATA,Query 51,2023-01-04T16:58:51.662Z,1256,ecooltra706,no
from definition,35007,no,Zeus explorations,b63076265995,https://app.mode.com/editor/ecooltra706/reports/b63076265995,DATA,Query 74,2023-01-04T16:58:51.662Z,1256,ecooltra706,no
from definition,35007,no,Zeus explorations,b63076265995,https://app.mode.com/editor/ecooltra706/reports/b63076265995,DATA,Query 48,2023-01-04T16:58:51.662Z,1256,ecooltra706,no
from definition,35007,no,Zeus explorations,b63076265995,https://app.mode.com/editor/ecooltra706/reports/b63076265995,DATA,Query 93,2023-01-04T16:58:51.662Z,1256,ecooltra706,no
from definition,35007,no,Zeus explorations,b63076265995,https://app.mode.com/editor/ecooltra706/reports/b63076265995,DATA,Query 74,2023-01-04T16:58:51.662Z,1256,ecooltra706,no
from definition,35007,no,Zeus explorations,b63076265995,https://app.mode.com/editor/ecooltra706/reports/b63076265995,DATA,Query 54,2023-01-04T16:58:51.662Z,1256,ecooltra706,no
from definition,35007,no,Zeus explorations,b63076265995,https://app.mode.com/editor/ecooltra706/reports/b63076265995,DATA,42.2 pack_charges,2023-01-04T16:58:51.662Z,1256,ecooltra706,no
from definition,35007,no,Zeus explorations,b63076265995,https://app.mode.com/editor/ecooltra706/reports/b63076265995,DATA,17.1 approval_reviews,2023-01-04T16:58:51.662Z,1256,ecooltra706,no
from definition,35007,no,Zeus explorations,b63076265995,https://app.mode.com/editor/ecooltra706/reports/b63076265995,DATA,42 packs,2023-01-04T16:58:51.662Z,1256,ecooltra706,no
from definition,35007,no,Zeus explorations,b63076265995,https://app.mode.com/editor/ecooltra706/reports/b63076265995,DATA,99 date_trunc,2023-01-04T16:58:51.662Z,1256,ecooltra706,no
from definition,35007,no,Zeus explorations,b63076265995,https://app.mode.com/editor/ecooltra706/reports/b63076265995,DATA,20 user_funnel_zeus,2023-01-04T16:58:51.662Z,1256,ecooltra706,no
from definition,35007,no,Zeus explorations,b63076265995,https://app.mode.com/editor/ecooltra706/reports/b63076265995,DATA,17.2 user_suspensions,2023-01-04T16:58:51.662Z,1256,ecooltra706,no
from definition,35007,no,Zeus explorations,b63076265995,https://app.mode.com/editor/ecooltra706/reports/b63076265995,DATA,Query 77,2023-01-04T16:58:51.662Z,1256,ecooltra706,no
from definition,35007,no,Zeus explorations,b63076265995,https://app.mode.com/editor/ecooltra706/reports/b63076265995,DATA,Query 96,2023-01-04T16:58:51.662Z,1256,ecooltra706,no
from definition,35007,no,Zeus explorations,b63076265995,https://app.mode.com/editor/ecooltra706/reports/b63076265995,DATA,Query 103,2023-01-04T16:58:51.662Z,1256,ecooltra706,no
from definition,35007,no,Zeus explorations,b63076265995,https://app.mode.com/editor/ecooltra706/reports/b63076265995,DATA,30 work_shifts,2023-01-04T16:58:51.662Z,1256,ecooltra706,no
from definition,35007,no,Zeus explorations,b63076265995,https://app.mode.com/editor/ecooltra706/reports/b63076265995,DATA,z params - 04 ZEUS Vehicle kind,2023-01-04T16:58:51.662Z,1256,ecooltra706,no
from definition,35007,no,Zeus explorations,b63076265995,https://app.mode.com/editor/ecooltra706/reports/b63076265995,DATA,Query 72,2023-01-04T16:58:51.662Z,1256,ecooltra706,no
from definition,35007,no,Zeus explorations,b63076265995,https://app.mode.com/editor/ecooltra706/reports/b63076265995,DATA,12 Tags,2023-01-04T16:58:51.662Z,1256,ecooltra706,no
from definition,35007,no,Zeus explorations,b63076265995,https://app.mode.com/editor/ecooltra706/reports/b63076265995,DATA,13 operators,2023-01-04T16:58:51.662Z,1256,ecooltra706,no
from definition,35007,no,Zeus explorations,b63076265995,https://app.mode.com/editor/ecooltra706/reports/b63076265995,DATA,20 user_funnel_zeus old2,2023-01-04T16:58:51.662Z,1256,ecooltra706,no
from definition,35007,no,Zeus explorations,b63076265995,https://app.mode.com/editor/ecooltra706/reports/b63076265995,DATA,01 Operators,2023-01-04T16:58:51.662Z,1256,ecooltra706,no
from definition,35007,no,Zeus explorations,b63076265995,https://app.mode.com/editor/ecooltra706/reports/b63076265995,DATA,02 Vehicles_events,2023-01-04T16:58:51.662Z,1256,ecooltra706,no
from definition,35007,no,Zeus explorations,b63076265995,https://app.mode.com/editor/ecooltra706/reports/b63076265995,DATA,03 Vehicles_PR,2023-01-04T16:58:51.662Z,1256,ecooltra706,no
from definition,35007,no,Zeus explorations,b63076265995,https://app.mode.com/editor/ecooltra706/reports/b63076265995,DATA,Query 91,2023-01-04T16:58:51.662Z,1256,ecooltra706,no
from definition,35007,no,Zeus explorations,b63076265995,https://app.mode.com/editor/ecooltra706/reports/b63076265995,DATA,52 geofences,2023-01-04T16:58:51.662Z,1256,ecooltra706,no
from definition,35007,no,Zeus explorations,b63076265995,https://app.mode.com/editor/ecooltra706/reports/b63076265995,DATA,06 Vehicle_events,2023-01-04T16:58:51.662Z,1256,ecooltra706,no
from definition,35007,no,Zeus explorations,b63076265995,https://app.mode.com/editor/ecooltra706/reports/b63076265995,DATA,07 Work_units,2023-01-04T16:58:51.662Z,1256,ecooltra706,no
from definition,35007,no,Zeus explorations,b63076265995,https://app.mode.com/editor/ecooltra706/reports/b63076265995,DATA,08 vehicle_operational_state,2023-01-04T16:58:51.662Z,1256,ecooltra706,no
from definition,35007,no,Zeus explorations,b63076265995,https://app.mode.com/editor/ecooltra706/reports/b63076265995,DATA,09 vehicle_operational_events,2023-01-04T16:58:51.662Z,1256,ecooltra706,no
from definition,35007,no,Zeus explorations,b63076265995,https://app.mode.com/editor/ecooltra706/reports/b63076265995,DATA,14 Inicidents,2023-01-04T16:58:51.662Z,1256,ecooltra706,no
from definition,35007,no,Zeus explorations,b63076265995,https://app.mode.com/editor/ecooltra706/reports/b63076265995,DATA,19.0 registered_users,2023-01-04T16:58:51.662Z,1256,ecooltra706,no
from definition,35007,no,Zeus explorations,b63076265995,https://app.mode.com/editor/ecooltra706/reports/b63076265995,DATA,16 registrations_analytics,2023-01-04T16:58:51.662Z,1256,ecooltra706,no
from definition,35007,no,Zeus explorations,b63076265995,https://app.mode.com/editor/ecooltra706/reports/b63076265995,DATA,17 users_states,2023-01-04T16:58:51.662Z,1256,ecooltra706,no
from definition,35007,no,Zeus explorations,b63076265995,https://app.mode.com/editor/ecooltra706/reports/b63076265995,DATA,18 users,2023-01-04T16:58:51.662Z,1256,ecooltra706,no
from definition,35007,no,Zeus explorations,b63076265995,https://app.mode.com/editor/ecooltra706/reports/b63076265995,DATA,31 shifts defintion,2023-01-04T16:58:51.662Z,1256,ecooltra706,no
from definition,35007,no,Zeus explorations,b63076265995,https://app.mode.com/editor/ecooltra706/reports/b63076265995,DATA,05.1 vehicles,2023-01-04T16:58:51.662Z,1256,ecooltra706,no
from definition,35007,no,Zeus explorations,b63076265995,https://app.mode.com/editor/ecooltra706/reports/b63076265995,DATA,99 timestmap-timezone,2023-01-04T16:58:51.662Z,1256,ecooltra706,no
from definition,35007,no,Zeus explorations,b63076265995,https://app.mode.com/editor/ecooltra706/reports/b63076265995,DATA,42.1 pack_payments,2023-01-04T16:58:51.662Z,1256,ecooltra706,no
from definition,35007,no,Zeus explorations,b63076265995,https://app.mode.com/editor/ecooltra706/reports/b63076265995,DATA,Query 57,2023-01-04T16:58:51.662Z,1256,ecooltra706,no
from definition,35007,no,Zeus explorations,b63076265995,https://app.mode.com/editor/ecooltra706/reports/b63076265995,DATA,Query 59,2023-01-04T16:58:51.662Z,1256,ecooltra706,no
from definition,35007,no,Zeus explorations,b63076265995,https://app.mode.com/editor/ecooltra706/reports/b63076265995,DATA,43 promotions,2023-01-04T16:58:51.662Z,1256,ecooltra706,no
from definition,35007,no,Zeus explorations,b63076265995,https://app.mode.com/editor/ecooltra706/reports/b63076265995,DATA,44 redeemed_promotion_codes,2023-01-04T16:58:51.662Z,1256,ecooltra706,no
from definition,35007,no,Zeus explorations,b63076265995,https://app.mode.com/editor/ecooltra706/reports/b63076265995,DATA,45 pricing.users,2023-01-04T16:58:51.662Z,1256,ecooltra706,no
from definition,35007,no,Zeus explorations,b63076265995,https://app.mode.com/editor/ecooltra706/reports/b63076265995,DATA,Query 63,2023-01-04T16:58:51.662Z,1256,ecooltra706,no
from definition,35007,no,Zeus explorations,b63076265995,https://app.mode.com/editor/ecooltra706/reports/b63076265995,DATA,Query 64,2023-01-04T16:58:51.662Z,1256,ecooltra706,no
from definition,35007,no,Zeus explorations,b63076265995,https://app.mode.com/editor/ecooltra706/reports/b63076265995,DATA,50 Rentals,2023-01-04T16:58:51.662Z,1256,ecooltra706,no
from definition,35007,no,Zeus explorations,b63076265995,https://app.mode.com/editor/ecooltra706/reports/b63076265995,DATA,Query 68,2023-01-04T16:58:51.662Z,1256,ecooltra706,no
from definition,35007,no,Zeus explorations,b63076265995,https://app.mode.com/editor/ecooltra706/reports/b63076265995,DATA,51 reservations,2023-01-04T16:58:51.662Z,1256,ecooltra706,no
from definition,35007,no,Zeus explorations,b63076265995,https://app.mode.com/editor/ecooltra706/reports/b63076265995,DATA,50.1 rentals_price,2023-01-04T16:58:51.662Z,1256,ecooltra706,no
from definition,35007,no,Zeus explorations,b63076265995,https://app.mode.com/editor/ecooltra706/reports/b63076265995,DATA,46. subscriptions,2023-01-04T16:58:51.662Z,1256,ecooltra706,no
from definition,35007,no,Zeus explorations,b63076265995,https://app.mode.com/editor/ecooltra706/reports/b63076265995,DATA,47. subscription_charges,2023-01-04T16:58:51.662Z,1256,ecooltra706,no
from definition,35007,no,Zeus explorations,b63076265995,https://app.mode.com/editor/ecooltra706/reports/b63076265995,DATA,Query 83,2023-01-04T16:58:51.662Z,1256,ecooltra706,no
from definition,35007,no,Zeus explorations,b63076265995,https://app.mode.com/editor/ecooltra706/reports/b63076265995,DATA,30.1 work_shifts - real,2023-01-04T16:58:51.662Z,1256,ecooltra706,no
from definition,35007,no,Zeus explorations,b63076265995,https://app.mode.com/editor/ecooltra706/reports/b63076265995,DATA,50.1 rental_charges,2023-01-04T16:58:51.662Z,1256,ecooltra706,no
from definition,35007,no,Zeus explorations,b63076265995,https://app.mode.com/editor/ecooltra706/reports/b63076265995,DATA,61 rental_invoice_items,2023-01-04T16:58:51.662Z,1256,ecooltra706,no
from definition,35007,no,Zeus explorations,b63076265995,https://app.mode.com/editor/ecooltra706/reports/b63076265995,DATA,Query 102,2023-01-04T16:58:51.662Z,1256,ecooltra706,no
from definition,35007,no,[OLD] Cooltra-Zeus data for Fluctuo reports,55b6937e2f10,https://app.mode.com/editor/ecooltra706/reports/55b6937e2f10,DATA,z_params,2023-01-04T15:10:13.921Z,1256,ecooltra706,no
from definition,24116,no,INFO: Respuesta Ayt. Valencia APR Ciutat Vella Nord,a0b275f4f2fc,https://app.mode.com/editor/ecooltra706/reports/a0b275f4f2fc,Data Science,01 Readme,2021-04-13T17:16:01.156Z,1887,ecooltra706,no
from definition,24116,no,OB_B2CLT_activos,fa6832663951,https://app.mode.com/editor/ecooltra706/reports/fa6832663951,Data Science,Query 4,2021-03-24T14:40:28.515Z,1907,ecooltra706,no
from definition,24116,no,OB_B2CLT_activos,fa6832663951,https://app.mode.com/editor/ecooltra706/reports/fa6832663951,Data Science,Query 9,2021-03-24T14:40:28.515Z,1907,ecooltra706,no
from definition,24116,no,OB_B2CLT_activos,fa6832663951,https://app.mode.com/editor/ecooltra706/reports/fa6832663951,Data Science,01 B2C LT ESP ACTIVOS,2021-03-24T14:40:28.515Z,1907,ecooltra706,no
from definition,24116,no,OB_B2CLT_activos,fa6832663951,https://app.mode.com/editor/ecooltra706/reports/fa6832663951,Data Science,Query 8,2021-03-24T14:40:28.515Z,1907,ecooltra706,no
from definition,24116,no,OB_B2CLT_activos,fa6832663951,https://app.mode.com/editor/ecooltra706/reports/fa6832663951,Data Science,Query 8,2021-03-24T14:40:28.515Z,1907,ecooltra706,no
from definition,24116,no,OB_B2CLT_activos,fa6832663951,https://app.mode.com/editor/ecooltra706/reports/fa6832663951,Data Science,Query 5,2021-03-24T14:40:28.515Z,1907,ecooltra706,no
from definition,24116,no,OB_B2CLT_activos,fa6832663951,https://app.mode.com/editor/ecooltra706/reports/fa6832663951,Data Science,Query 6,2021-03-24T14:40:28.515Z,1907,ecooltra706,no
from definition,24116,no,OB_B2CLT_activos,fa6832663951,https://app.mode.com/editor/ecooltra706/reports/fa6832663951,Data Science,Query 7,2021-03-24T14:40:28.515Z,1907,ecooltra706,no
from definition,24116,no,[OB] Contratos activos LT,d8b1e99135b0,https://app.mode.com/editor/ecooltra706/reports/d8b1e99135b0,Data Science,01 Todos los campos,2021-02-11T18:05:31.839Z,1948,ecooltra706,no
from definition,24116,no,[OB] Contratos activos LT,d8b1e99135b0,https://app.mode.com/editor/ecooltra706/reports/d8b1e99135b0,Data Science,04 Prueba,2021-02-11T18:05:31.839Z,1948,ecooltra706,no
from definition,24116,no,[OB] Contratos activos LT,d8b1e99135b0,https://app.mode.com/editor/ecooltra706/reports/d8b1e99135b0,Data Science,02 Nombre + email,2021-02-11T18:05:31.839Z,1948,ecooltra706,no
from definition,24116,no,[OB] Contratos activos LT,d8b1e99135b0,https://app.mode.com/editor/ecooltra706/reports/d8b1e99135b0,Data Science,03 Name and email,2021-02-11T18:05:31.839Z,1948,ecooltra706,no
from definition,24116,no,[GROUP] Monthly Revenue Progress (old version),7c18e1523485,https://app.mode.com/editor/ecooltra706/reports/7c18e1523485,Data Science,05 Time progress,2021-03-28T07:49:57.612Z,1904,ecooltra706,no
from definition,24116,no,[GROUP] Monthly Revenue Progress (old version),7c18e1523485,https://app.mode.com/editor/ecooltra706/reports/7c18e1523485,Data Science,02 Real not FF,2021-03-28T07:49:57.612Z,1904,ecooltra706,no
from definition,24116,no,[GROUP] Monthly Revenue Progress (old version),7c18e1523485,https://app.mode.com/editor/ecooltra706/reports/7c18e1523485,Data Science,01 BBPP,2021-03-28T07:49:57.612Z,1904,ecooltra706,no
from definition,24116,no,[GROUP] Monthly Revenue Progress (old version),7c18e1523485,https://app.mode.com/editor/ecooltra706/reports/7c18e1523485,Data Science,Query 9,2021-03-28T07:49:57.612Z,1904,ecooltra706,no
from definition,24116,no,[GROUP] Monthly Revenue Progress (old version),7c18e1523485,https://app.mode.com/editor/ecooltra706/reports/7c18e1523485,Data Science,Query 10,2021-03-28T07:49:57.612Z,1904,ecooltra706,no
from definition,24116,no,[GROUP] Monthly Revenue Progress (old version),7c18e1523485,https://app.mode.com/editor/ecooltra706/reports/7c18e1523485,Data Science,Query 8,2021-03-28T07:49:57.612Z,1904,ecooltra706,no
from definition,24116,no,[GROUP] Monthly Revenue Progress (old version),7c18e1523485,https://app.mode.com/editor/ecooltra706/reports/7c18e1523485,Data Science,02 Real B2B and SB,2021-03-28T07:49:57.612Z,1904,ecooltra706,no
from definition,24116,no,Datos para PPTs corporativas,7165d8690cf5,https://app.mode.com/editor/ecooltra706/reports/7165d8690cf5,Deprecated reports,00 B2C SB,2022-09-22T14:40:41.771Z,1360,ecooltra706,no
from definition,24116,no,Datos para PPTs corporativas,7165d8690cf5,https://app.mode.com/editor/ecooltra706/reports/7165d8690cf5,Deprecated reports,Flota,2022-09-22T14:40:41.771Z,1360,ecooltra706,no
from definition,24116,no,Datos para PPTs corporativas,7165d8690cf5,https://app.mode.com/editor/ecooltra706/reports/7165d8690cf5,Deprecated reports,06 Kms,2022-09-22T14:40:41.771Z,1360,ecooltra706,no
from definition,35007,no,Datos para PPTs corporativas,7165d8690cf5,https://app.mode.com/editor/ecooltra706/reports/7165d8690cf5,Deprecated reports,Query 11,2022-09-22T14:40:41.771Z,1360,ecooltra706,no
from definition,24116,no,[GROUP] YTD Revenue per Region (with BBPP and Forecast),f3f7f755e63a,https://app.mode.com/editor/ecooltra706/reports/f3f7f755e63a,Deprecated reports,04Total Monthly Revenue,2022-07-01T10:30:14.587Z,1444,ecooltra706,no
from definition,24116,no,[GROUP] YTD Revenue per Region (with BBPP and Forecast),f3f7f755e63a,https://app.mode.com/editor/ecooltra706/reports/f3f7f755e63a,Deprecated reports,01 Real B2B and SB,2022-07-01T10:30:14.587Z,1444,ecooltra706,no
from definition,24116,no,[GROUP] YTD Revenue per Region (with BBPP and Forecast),f3f7f755e63a,https://app.mode.com/editor/ecooltra706/reports/f3f7f755e63a,Deprecated reports,03 BBPP,2022-07-01T10:30:14.587Z,1444,ecooltra706,no
from definition,24116,no,[GROUP] YTD Revenue per Region (with BBPP and Forecast),f3f7f755e63a,https://app.mode.com/editor/ecooltra706/reports/f3f7f755e63a,Deprecated reports,03 Forecast,2022-07-01T10:30:14.587Z,1444,ecooltra706,no
from definition,24116,no,OB-Online Bookings,883ec6ca0fd5,https://app.mode.com/editor/ecooltra706/reports/883ec6ca0fd5,OB,03 All pickups during chosen time frame,2022-12-01T09:29:10.469Z,1291,ecooltra706,no
from definition,24116,no,[OB] Control Report,ed8686daabc3,https://app.mode.com/editor/ecooltra706/reports/ed8686daabc3,OB,02 CECOs,2022-12-01T09:25:32.479Z,1291,ecooltra706,no
from definition,24116,no,[GROUP] YTD Revenue Progress,ffce1c93cf39,https://app.mode.com/editor/ecooltra706/reports/ffce1c93cf39,OB,02 Real not FF,2022-12-01T09:18:01.055Z,1291,ecooltra706,no
from definition,24116,no,[GROUP] YTD Revenue Progress,ffce1c93cf39,https://app.mode.com/editor/ecooltra706/reports/ffce1c93cf39,OB,02 Real B2B and SB,2022-12-01T09:18:01.055Z,1291,ecooltra706,no
from definition,24116,no,[GROUP] YTD Revenue Progress,ffce1c93cf39,https://app.mode.com/editor/ecooltra706/reports/ffce1c93cf39,OB,06 CECO null or CMT,2022-12-01T09:18:01.055Z,1291,ecooltra706,no
from definition,24116,no,[GROUP] Monthly Revenue per Region (BBPP & Forecast),b4b347c47f06,https://app.mode.com/editor/ecooltra706/reports/b4b347c47f06,OB,04Total Monthly Revenue,2022-12-01T09:16:37.226Z,1291,ecooltra706,no
from definition,24116,no,[GROUP] Monthly Revenue per Region (BBPP & Forecast),b4b347c47f06,https://app.mode.com/editor/ecooltra706/reports/b4b347c47f06,OB,03 BBPP,2022-12-01T09:16:37.226Z,1291,ecooltra706,no
from definition,24116,no,[GROUP] Monthly Revenue per Region (BBPP & Forecast),b4b347c47f06,https://app.mode.com/editor/ecooltra706/reports/b4b347c47f06,OB,03 Forecast,2022-12-01T09:16:37.226Z,1291,ecooltra706,no
from definition,24116,no,[GROUP] YTD Revenue Progress (with BBPP and Forecast),6c31ca33c9a6,https://app.mode.com/editor/ecooltra706/reports/6c31ca33c9a6,OB,02 Real not FF,2022-12-01T09:12:38.122Z,1291,ecooltra706,no
from definition,24116,no,[GROUP] YTD Revenue Progress (with BBPP and Forecast),6c31ca33c9a6,https://app.mode.com/editor/ecooltra706/reports/6c31ca33c9a6,OB,02 Real B2B and SB,2022-12-01T09:12:38.122Z,1291,ecooltra706,no
from definition,24116,no,[GROUP] YTD Revenue Progress (with BBPP and Forecast),6c31ca33c9a6,https://app.mode.com/editor/ecooltra706/reports/6c31ca33c9a6,OB,06 CECO null or CMT,2022-12-01T09:12:38.122Z,1291,ecooltra706,no
from definition,24116,no,[GROUP] YTD Revenue Progress (with BBPP and Forecast),6c31ca33c9a6,https://app.mode.com/editor/ecooltra706/reports/6c31ca33c9a6,OB,01 Forecast,2022-12-01T09:12:38.122Z,1291,ecooltra706,no
from definition,24116,no,[GROUP] Monthly Revenue per Region,588075736482,https://app.mode.com/editor/ecooltra706/reports/588075736482,OB,04Total Monthly Revenue,2022-12-01T09:08:14.202Z,1291,ecooltra706,no
from definition,24116,no,[GROUP] Monthly Revenue per Region,588075736482,https://app.mode.com/editor/ecooltra706/reports/588075736482,OB,01 Real B2B and SB,2022-12-01T09:08:14.202Z,1291,ecooltra706,no
from definition,24116,no,[GROUP] Monthly Revenue per Region,588075736482,https://app.mode.com/editor/ecooltra706/reports/588075736482,OB,03 BBPP,2022-12-01T09:08:14.202Z,1291,ecooltra706,no
from definition,24116,no,[GROUP] YTD Revenue per Region,d86565f7704b,https://app.mode.com/editor/ecooltra706/reports/d86565f7704b,OB,03 BBPP,2022-12-01T09:06:19.964Z,1291,ecooltra706,no
from definition,24116,no,[GROUP] Monthly Revenue Progress,9a054f43dce4,https://app.mode.com/editor/ecooltra706/reports/9a054f43dce4,OB,06 CECO null or CMT,2022-12-01T09:02:46.779Z,1291,ecooltra706,no
from definition,24116,no,[GROUP] Monthly Revenue Progress,9a054f43dce4,https://app.mode.com/editor/ecooltra706/reports/9a054f43dce4,OB,02 Real not FF,2022-12-01T09:02:46.779Z,1291,ecooltra706,no
from definition,24116,no,[GROUP] Monthly Revenue Progress,9a054f43dce4,https://app.mode.com/editor/ecooltra706/reports/9a054f43dce4,OB,02 Real B2B and SB,2022-12-01T09:02:46.779Z,1291,ecooltra706,no
from definition,24116,no,[OB] OPS: Plantillas de Mantenimiento por líneas,0a9d520e0393,https://app.mode.com/editor/ecooltra706/reports/0a9d520e0393,OB,00 README,2022-12-01T09:23:09.962Z,1291,ecooltra706,no
from definition,24116,no,[OB] Datos de Openbravo (contratos/reservas),3d6652bce81b,https://app.mode.com/editor/ecooltra706/reports/3d6652bce81b,OB,01 Data,2022-12-01T09:26:25.464Z,1291,ecooltra706,no
from definition,24116,no,[OB] Datos de Openbravo (contratos/reservas),3d6652bce81b,https://app.mode.com/editor/ecooltra706/reports/3d6652bce81b,OB,00 Readme,2022-12-01T09:26:25.464Z,1291,ecooltra706,no
from definition,35007,no,Clone of [OFFICIAL] ACTIVATIONS REPORT,fc7462372f3c,https://app.mode.com/editor/ecooltra706/reports/fc7462372f3c,Personal,Query 10,2022-03-10T12:40:52.467Z,1556,ecooltra706,no
from definition,35007,no,Clone of [OFFICIAL] ACTIVATIONS REPORT,fc7462372f3c,https://app.mode.com/editor/ecooltra706/reports/fc7462372f3c,Personal,08 b,2022-03-10T12:40:52.467Z,1556,ecooltra706,no
from definition,1,no,Pricing ABC test,0ffb07c0b8e4,https://app.mode.com/editor/ecooltra706/reports/0ffb07c0b8e4,Personal,Query 18,2022-01-27T16:30:50.374Z,1598,ecooltra706,no
from definition,1,no,Pricing ABC test,0ffb07c0b8e4,https://app.mode.com/editor/ecooltra706/reports/0ffb07c0b8e4,Personal,Query 19,2022-01-27T16:30:50.374Z,1598,ecooltra706,no
from definition,1,no,CODICE SCONTO promocode report,78a4ed39e006,https://app.mode.com/editor/ecooltra706/reports/78a4ed39e006,Personal,a) Funnel,2022-01-31T15:28:09.348Z,1594,ecooltra706,no
from definition,24116,no,B2C Revenue by categories,abdd68fd790d,https://app.mode.com/editor/ecooltra706/reports/abdd68fd790d,Personal,Query 3,2021-10-19T07:23:59.530Z,1699,ecooltra706,no
from definition,24116,no,B2C Revenue by categories,abdd68fd790d,https://app.mode.com/editor/ecooltra706/reports/abdd68fd790d,Personal,01,2021-10-19T07:23:59.530Z,1699,ecooltra706,no
from definition,24116,no,B2C Revenue by categories,abdd68fd790d,https://app.mode.com/editor/ecooltra706/reports/abdd68fd790d,Personal,z params 1 month,2021-10-19T07:23:59.530Z,1699,ecooltra706,no
from definition,24116,no,B2C Revenue by categories,abdd68fd790d,https://app.mode.com/editor/ecooltra706/reports/abdd68fd790d,Personal,Query 4,2021-10-19T07:23:59.530Z,1699,ecooltra706,no
from definition,24116,no,B2C Revenue by categories,abdd68fd790d,https://app.mode.com/editor/ecooltra706/reports/abdd68fd790d,Personal,Query 5,2021-10-19T07:23:59.530Z,1699,ecooltra706,no
from definition,24116,no,B2C Revenue by categories,abdd68fd790d,https://app.mode.com/editor/ecooltra706/reports/abdd68fd790d,Personal,02 Compartimentación,2021-10-19T07:23:59.530Z,1699,ecooltra706,no
from definition,24116,no,B2C Revenue by categories,abdd68fd790d,https://app.mode.com/editor/ecooltra706/reports/abdd68fd790d,Personal,Query 7,2021-10-19T07:23:59.530Z,1699,ecooltra706,no
from definition,24116,no,B2C Revenue by categories,abdd68fd790d,https://app.mode.com/editor/ecooltra706/reports/abdd68fd790d,Personal,Query 8,2021-10-19T07:23:59.530Z,1699,ecooltra706,no
from definition,24116,no,B2C Revenue by categories,abdd68fd790d,https://app.mode.com/editor/ecooltra706/reports/abdd68fd790d,Personal,Query 9,2021-10-19T07:23:59.530Z,1699,ecooltra706,no
from definition,24116,no,Clone of Monthly P&L per Business Line (Ebidta before HQ),b493e5e705af,https://app.mode.com/editor/ecooltra706/reports/b493e5e705af,Personal,02 B2C SB,2021-04-06T08:40:35.522Z,1895,ecooltra706,no
from definition,24116,no,Clone of Monthly P&L per Business Line (Ebidta before HQ),b493e5e705af,https://app.mode.com/editor/ecooltra706/reports/b493e5e705af,Personal,03 B2C FF,2021-04-06T08:40:35.522Z,1895,ecooltra706,no
from definition,24116,no,Clone of Monthly P&L per Business Line (Ebidta before HQ),b493e5e705af,https://app.mode.com/editor/ecooltra706/reports/b493e5e705af,Personal,04 HQ,2021-04-06T08:40:35.522Z,1895,ecooltra706,no
from definition,24116,no,Clone of Monthly P&L per Business Line (Ebidta before HQ),b493e5e705af,https://app.mode.com/editor/ecooltra706/reports/b493e5e705af,Personal,z params,2021-04-06T08:40:35.522Z,1895,ecooltra706,no
from definition,24116,no,Clone of Monthly P&L per Business Line (Ebidta before HQ),b493e5e705af,https://app.mode.com/editor/ecooltra706/reports/b493e5e705af,Personal,Query 3,2021-04-06T08:40:35.522Z,1895,ecooltra706,no
from definition,24116,no,Clone of Monthly P&L per Business Line (Ebidta before HQ),b493e5e705af,https://app.mode.com/editor/ecooltra706/reports/b493e5e705af,Personal,Query 4,2021-04-06T08:40:35.522Z,1895,ecooltra706,no
from definition,24116,no,Clone of Monthly P&L per Business Line (Ebidta before HQ),b493e5e705af,https://app.mode.com/editor/ecooltra706/reports/b493e5e705af,Personal,01 B2B,2021-04-06T08:40:35.522Z,1895,ecooltra706,no
from definition,35007,no,TES_IAG,3be905b243cc,https://app.mode.com/editor/ecooltra706/reports/3be905b243cc,Personal,Query 2,2022-12-29T11:22:25.415Z,1263,ecooltra706,no
from definition,35007,no,TES_IAG,3be905b243cc,https://app.mode.com/editor/ecooltra706/reports/3be905b243cc,Personal,Query 9,2022-12-29T11:22:25.415Z,1263,ecooltra706,no
from definition,35007,no,TES_IAG,3be905b243cc,https://app.mode.com/editor/ecooltra706/reports/3be905b243cc,Personal,Query 10,2022-12-29T11:22:25.415Z,1263,ecooltra706,no
from definition,35007,no,TES_IAG,3be905b243cc,https://app.mode.com/editor/ecooltra706/reports/3be905b243cc,Personal,Query 11,2022-12-29T11:22:25.415Z,1263,ecooltra706,no
from definition,35007,no,TES_IAG,3be905b243cc,https://app.mode.com/editor/ecooltra706/reports/3be905b243cc,Personal,Query 13,2022-12-29T11:22:25.415Z,1263,ecooltra706,no
from definition,35007,no,TES_IAG,3be905b243cc,https://app.mode.com/editor/ecooltra706/reports/3be905b243cc,Personal,Query 4,2022-12-29T11:22:25.415Z,1263,ecooltra706,no
from definition,35007,no,TES_IAG,3be905b243cc,https://app.mode.com/editor/ecooltra706/reports/3be905b243cc,Personal,Query 8,2022-12-29T11:22:25.415Z,1263,ecooltra706,no
from definition,35007,no,TES_IAG,3be905b243cc,https://app.mode.com/editor/ecooltra706/reports/3be905b243cc,Personal,Query 3,2022-12-29T11:22:25.415Z,1263,ecooltra706,no
from definition,1,no,TES_IAG,3be905b243cc,https://app.mode.com/editor/ecooltra706/reports/3be905b243cc,Personal,Query 6,2022-12-29T11:22:25.415Z,1263,ecooltra706,no
from definition,35007,no,TES_IAG,3be905b243cc,https://app.mode.com/editor/ecooltra706/reports/3be905b243cc,Personal,Query 5,2022-12-29T11:22:25.415Z,1263,ecooltra706,no
from definition,35007,no,TES_IAG,3be905b243cc,https://app.mode.com/editor/ecooltra706/reports/3be905b243cc,Personal,Query 12,2022-12-29T11:22:25.415Z,1263,ecooltra706,no
from definition,35007,no,TES_IAG,3be905b243cc,https://app.mode.com/editor/ecooltra706/reports/3be905b243cc,Personal,Query 1,2022-12-29T11:22:25.415Z,1263,ecooltra706,no
from definition,35007,no,TES_IAG,3be905b243cc,https://app.mode.com/editor/ecooltra706/reports/3be905b243cc,Personal,01_códigos promo,2022-12-29T11:22:25.415Z,1263,ecooltra706,no
from definition,35007,no,TES_IAG,3be905b243cc,https://app.mode.com/editor/ecooltra706/reports/3be905b243cc,Personal,02_Tarifas,2022-12-29T11:22:25.415Z,1263,ecooltra706,no
from definition,35007,no,TES_IAG,3be905b243cc,https://app.mode.com/editor/ecooltra706/reports/3be905b243cc,Personal,03_Status_usuarios,2022-12-29T11:22:25.415Z,1263,ecooltra706,no
from definition,35007,no,TES_IAG,3be905b243cc,https://app.mode.com/editor/ecooltra706/reports/3be905b243cc,Personal,Query 7,2022-12-29T11:22:25.415Z,1263,ecooltra706,no
App_FirebaseEvents,31860,si,[Firebase] Events,3fb32b48c8f2,https://app.mode.com/editor/ecooltra706/reports/3fb32b48c8f2,DATA,Query 3,2022-04-22T07:38:10.525Z,1514,ecooltra706,no
App_FirebaseEvents,31860,si,[Firebase] Events,3fb32b48c8f2,https://app.mode.com/editor/ecooltra706/reports/3fb32b48c8f2,DATA,z params,2022-04-22T07:38:10.525Z,1514,ecooltra706,no
App_FirebaseEvents,31860,si,[Firebase] Events,3fb32b48c8f2,https://app.mode.com/editor/ecooltra706/reports/3fb32b48c8f2,DATA,00 Data,2022-04-22T07:38:10.525Z,1514,ecooltra706,no
App_FirebaseEvents,31860,si,Onboarding Fabio,953cbb639603,https://app.mode.com/editor/ecooltra706/reports/953cbb639603,Personal,Query 7,2022-04-21T15:45:13.400Z,1514,ecooltra706,no
EF_Gecco,25788,si,Underaged: Activated+Approved,a1ac03e91693,https://app.mode.com/editor/ecooltra706/reports/a1ac03e91693,++ aSlack reports,Activated+Approve GECCO,2022-10-10T16:19:19.623Z,1342,ecooltra706,no
EF_Gecco,25788,si,Incorrect DL: Activated+Approved,c1255f9c1c18,https://app.mode.com/editor/ecooltra706/reports/c1255f9c1c18,++ aSlack reports,Users with incorrect DL GECCO,2022-10-11T06:16:51.827Z,1342,ecooltra706,no
EF_Gecco,25788,si,Incorrect DL: Activated+Approved,c1255f9c1c18,https://app.mode.com/editor/ecooltra706/reports/c1255f9c1c18,++ aSlack reports,Users with null DL GECCO,2022-10-11T06:16:51.827Z,1342,ecooltra706,no
EF_Gecco,25788,si,Unapproved users,1a956e7ca0ce,https://app.mode.com/editor/ecooltra706/reports/1a956e7ca0ce,++ aSlack reports,Awaiting for Review GECCO,2022-10-11T06:22:55.615Z,1342,ecooltra706,no
EF_Gecco,25788,si,Unapproved users,1a956e7ca0ce,https://app.mode.com/editor/ecooltra706/reports/1a956e7ca0ce,++ aSlack reports,Corrections requested GECCO,2022-10-11T06:22:55.615Z,1342,ecooltra706,no
EF_Gecco,25788,si,[ALL IN ONE] User Verification Query,6f352d4cb98c,https://app.mode.com/editor/ecooltra706/reports/6f352d4cb98c,++ CS team,Gecco,2022-02-20T10:01:50.054Z,1575,ecooltra706,no
EF_Gecco,25788,si,POTENTIAL 125cc USERS IN MADRID,4c76fb08491b,https://app.mode.com/editor/ecooltra706/reports/4c76fb08491b,Data Science,Query 3,2020-12-28T12:28:08.087Z,1994,ecooltra706,no
EF_Gecco,25788,si,POTENTIAL 125cc USERS IN MADRID,4c76fb08491b,https://app.mode.com/editor/ecooltra706/reports/4c76fb08491b,Data Science,Query 2,2020-12-28T12:28:08.087Z,1994,ecooltra706,no
EF_Gecco,25788,si,[Roberto] Card declined,afca90a0639e,https://app.mode.com/editor/ecooltra706/reports/afca90a0639e,Data Science,03 Gecco,2020-12-15T12:32:15.030Z,2007,ecooltra706,no
EF_Gecco,25788,si,"[CS] Gecco active ""TARIFA PLANA 39"" subscriptions",06398f2861b6,https://app.mode.com/editor/ecooltra706/reports/06398f2861b6,Data Science,Query 1,2020-12-15T12:21:04.456Z,2007,ecooltra706,no
EF_PRIME,22468,si,Unprocessed Problem Reports (Cooltra Prime),db03fc70ac61,https://app.mode.com/editor/ecooltra706/reports/db03fc70ac61,++ aSlack reports,All Unprocessed Problem Reports per scooter,2021-07-06T06:18:25.276Z,1804,ecooltra706,no
EF_PRIME,22468,si,Unprocessed Problem Reports (Cooltra Prime),db03fc70ac61,https://app.mode.com/editor/ecooltra706/reports/db03fc70ac61,++ aSlack reports,4 UNPROCESSED PROBLEM REPORTS,2021-07-06T06:18:25.276Z,1804,ecooltra706,no
EF_PRIME,22468,si,Unprocessed Problem Reports (Cooltra Prime),db03fc70ac61,https://app.mode.com/editor/ecooltra706/reports/db03fc70ac61,++ aSlack reports,5 OR MORE,2021-07-06T06:18:25.276Z,1804,ecooltra706,no
EF_PRIME,22468,si,Unprocessed Problem Reports (Cooltra Prime),db03fc70ac61,https://app.mode.com/editor/ecooltra706/reports/db03fc70ac61,++ aSlack reports,Query 4,2021-07-06T06:18:25.276Z,1804,ecooltra706,no
EF_PRIME,22468,si,Unprocessed Problem Reports (Cooltra Prime),db03fc70ac61,https://app.mode.com/editor/ecooltra706/reports/db03fc70ac61,++ aSlack reports,4 or more,2021-07-06T06:18:25.276Z,1804,ecooltra706,no
EF_PRIME,22468,si,Unapproved users (Cooltra Prime),1bab33225223,https://app.mode.com/editor/ecooltra706/reports/1bab33225223,++ aSlack reports,Awaiting review,2021-07-17T02:29:20.306Z,1793,ecooltra706,no
EF_PRIME,22468,si,Unapproved users (Cooltra Prime),1bab33225223,https://app.mode.com/editor/ecooltra706/reports/1bab33225223,++ aSlack reports,Corrections requested,2021-07-17T02:29:20.306Z,1793,ecooltra706,no
EF_PRIME,22468,si,Unapproved users (Cooltra Prime),1bab33225223,https://app.mode.com/editor/ecooltra706/reports/1bab33225223,++ aSlack reports,Daily evolution of activations,2021-07-17T02:29:20.306Z,1793,ecooltra706,no
EF_PRIME,22468,si,Unapproved users (Cooltra Prime),1bab33225223,https://app.mode.com/editor/ecooltra706/reports/1bab33225223,++ aSlack reports,Activations per operator in the last 24 hours,2021-07-17T02:29:20.306Z,1793,ecooltra706,no
EF_PRIME,22468,si,Unapproved users (Cooltra Prime),1bab33225223,https://app.mode.com/editor/ecooltra706/reports/1bab33225223,++ aSlack reports,Date of the last activated user,2021-07-17T02:29:20.306Z,1793,ecooltra706,no
EF_PRIME,22468,si,Unapproved users (Cooltra Prime),1bab33225223,https://app.mode.com/editor/ecooltra706/reports/1bab33225223,++ aSlack reports,Query 6,2021-07-17T02:29:20.306Z,1793,ecooltra706,no
EF_PRIME,22468,si,Unapproved users (Cooltra Prime),1bab33225223,https://app.mode.com/editor/ecooltra706/reports/1bab33225223,++ aSlack reports,Activations per operator in the last 24 hours,2021-07-17T02:29:20.306Z,1793,ecooltra706,no
EF_PRIME,22468,si,[ALL IN ONE] User Verification Query,6f352d4cb98c,https://app.mode.com/editor/ecooltra706/reports/6f352d4cb98c,++ CS team,Prime,2022-02-20T10:01:50.054Z,1575,ecooltra706,no
EF_PRIME,22468,si,Find users with rentals in areas,dedc8e3bfd15,https://app.mode.com/editor/ecooltra706/reports/dedc8e3bfd15,Data Science,z params,2021-07-20T14:31:57.564Z,1789,ecooltra706,no
EF_PRIME,22468,si,[Roberto] Card declined,afca90a0639e,https://app.mode.com/editor/ecooltra706/reports/afca90a0639e,Data Science,02 Prime,2020-12-15T12:32:15.030Z,2007,ecooltra706,no
EF_postgresql,18616,si,Underaged control (simple),8e4764ed8fd4,https://app.mode.com/editor/ecooltra706/reports/8e4764ed8fd4,++ aSlack reports,Pending+Activated+Suspended,2023-02-06T13:20:12.337Z,1223,ecooltra706,no
EF_postgresql,18616,si,Unprocessed Problem Reports,2dd1c0995e44,https://app.mode.com/editor/ecooltra706/reports/2dd1c0995e44,++ aSlack reports,Query 4,2023-02-07T09:10:40.025Z,1223,ecooltra706,no
EF_postgresql,18616,si,Unprocessed Problem Reports,2dd1c0995e44,https://app.mode.com/editor/ecooltra706/reports/2dd1c0995e44,++ aSlack reports,4 UNPROCESSED PROBLEM REPORTS,2023-02-07T09:10:40.025Z,1223,ecooltra706,no
EF_postgresql,18616,si,Unprocessed Problem Reports,2dd1c0995e44,https://app.mode.com/editor/ecooltra706/reports/2dd1c0995e44,++ aSlack reports,5 OR MORE,2023-02-07T09:10:40.025Z,1223,ecooltra706,no
EF_postgresql,18616,si,Unprocessed Problem Reports,2dd1c0995e44,https://app.mode.com/editor/ecooltra706/reports/2dd1c0995e44,++ aSlack reports,All Unprocessed Problem Reports per scooter,2023-02-07T09:10:40.025Z,1223,ecooltra706,no
EF_postgresql,18616,si,Unprocessed Problem Reports,2dd1c0995e44,https://app.mode.com/editor/ecooltra706/reports/2dd1c0995e44,++ aSlack reports,4 or more,2023-02-07T09:10:40.025Z,1223,ecooltra706,no
EF_postgresql,18616,si,[ALL] Total Riders,e2b2232961dc,https://app.mode.com/editor/ecooltra706/reports/e2b2232961dc,++ aSlack reports,Query 1,2021-11-30T18:00:44.528Z,1656,ecooltra706,no
EF_postgresql,18616,si,Original [ALL] MONTHLY REVENUE PROGRESS,acc34a989e58,https://app.mode.com/editor/ecooltra706/reports/acc34a989e58,++ aSlack reports,Time information:,2022-12-20T13:17:12.521Z,1271,ecooltra706,no
EF_postgresql,18616,si,Original [ALL] MONTHLY REVENUE PROGRESS,acc34a989e58,https://app.mode.com/editor/ecooltra706/reports/acc34a989e58,++ aSlack reports,All queries,2022-12-20T13:17:12.521Z,1271,ecooltra706,no
EF_postgresql,18616,si,Original [ALL] MONTHLY REVENUE PROGRESS,acc34a989e58,https://app.mode.com/editor/ecooltra706/reports/acc34a989e58,++ aSlack reports,Last week,2022-12-20T13:17:12.521Z,1271,ecooltra706,no
EF_postgresql,18616,si,Original [ALL] MONTHLY REVENUE PROGRESS,acc34a989e58,https://app.mode.com/editor/ecooltra706/reports/acc34a989e58,++ aSlack reports,Projections,2022-12-20T13:17:12.521Z,1271,ecooltra706,no
EF_postgresql,18616,si,RENTALS 0-3 MIN WITH BAD RATING,27fa94e8dfc3,https://app.mode.com/editor/ecooltra706/reports/27fa94e8dfc3,++ aSlack reports,01 Data,2023-02-07T07:17:00.598Z,1223,ecooltra706,no
EF_postgresql,18616,si,Underaged: Activated+Approved,a1ac03e91693,https://app.mode.com/editor/ecooltra706/reports/a1ac03e91693,++ aSlack reports,Activated+Approve,2022-10-10T16:19:19.623Z,1342,ecooltra706,no
EF_postgresql,18616,si,24h PACK TRACKING,71ebb084f472,https://app.mode.com/editor/ecooltra706/reports/71ebb084f472,++ aSlack reports,Query 6,2023-02-07T08:17:04.765Z,1223,ecooltra706,no
EF_postgresql,18616,si,24h PACK TRACKING,71ebb084f472,https://app.mode.com/editor/ecooltra706/reports/71ebb084f472,++ aSlack reports,Query 1,2023-02-07T08:17:04.765Z,1223,ecooltra706,no
EF_postgresql,18616,si,24h PACK TRACKING,71ebb084f472,https://app.mode.com/editor/ecooltra706/reports/71ebb084f472,++ aSlack reports,Query 4,2023-02-07T08:17:04.765Z,1223,ecooltra706,no
EF_postgresql,18616,si,24h PACK TRACKING,71ebb084f472,https://app.mode.com/editor/ecooltra706/reports/71ebb084f472,++ aSlack reports,Query 2,2023-02-07T08:17:04.765Z,1223,ecooltra706,no
EF_postgresql,18616,si,24h PACK TRACKING,71ebb084f472,https://app.mode.com/editor/ecooltra706/reports/71ebb084f472,++ aSlack reports,Query 7,2023-02-07T08:17:04.765Z,1223,ecooltra706,no
EF_postgresql,18616,si,24h PACK TRACKING,71ebb084f472,https://app.mode.com/editor/ecooltra706/reports/71ebb084f472,++ aSlack reports,Query 3,2023-02-07T08:17:04.765Z,1223,ecooltra706,no
EF_postgresql,18616,si,24h PACK TRACKING,71ebb084f472,https://app.mode.com/editor/ecooltra706/reports/71ebb084f472,++ aSlack reports,Query 5,2023-02-07T08:17:04.765Z,1223,ecooltra706,no
EF_postgresql,18616,si,Incorrect DL: Activated+Approved,c1255f9c1c18,https://app.mode.com/editor/ecooltra706/reports/c1255f9c1c18,++ aSlack reports,Users with incorrect DL,2022-10-11T06:16:51.827Z,1342,ecooltra706,no
EF_postgresql,18616,si,Incorrect DL: Activated+Approved,c1255f9c1c18,https://app.mode.com/editor/ecooltra706/reports/c1255f9c1c18,++ aSlack reports,Query 3,2022-10-11T06:16:51.827Z,1342,ecooltra706,no
EF_postgresql,18616,si,Incorrect DL: Activated+Approved,c1255f9c1c18,https://app.mode.com/editor/ecooltra706/reports/c1255f9c1c18,++ aSlack reports,Users with null DL,2022-10-11T06:16:51.827Z,1342,ecooltra706,no
EF_postgresql,18616,si,Unapproved users,1a956e7ca0ce,https://app.mode.com/editor/ecooltra706/reports/1a956e7ca0ce,++ aSlack reports,Activations per operator in the last 24 hours,2022-10-11T06:22:55.615Z,1342,ecooltra706,no
EF_postgresql,18616,si,Unapproved users,1a956e7ca0ce,https://app.mode.com/editor/ecooltra706/reports/1a956e7ca0ce,++ aSlack reports,Awaiting review,2022-10-11T06:22:55.615Z,1342,ecooltra706,no
EF_postgresql,18616,si,Unapproved users,1a956e7ca0ce,https://app.mode.com/editor/ecooltra706/reports/1a956e7ca0ce,++ aSlack reports,Corrections requested,2022-10-11T06:22:55.615Z,1342,ecooltra706,no
EF_postgresql,18616,si,Unapproved users,1a956e7ca0ce,https://app.mode.com/editor/ecooltra706/reports/1a956e7ca0ce,++ aSlack reports,Date of the last activated user,2022-10-11T06:22:55.615Z,1342,ecooltra706,no
EF_postgresql,18616,si,Unapproved users,1a956e7ca0ce,https://app.mode.com/editor/ecooltra706/reports/1a956e7ca0ce,++ aSlack reports,Query 6,2022-10-11T06:22:55.615Z,1342,ecooltra706,no
EF_postgresql,18616,si,Unapproved users,1a956e7ca0ce,https://app.mode.com/editor/ecooltra706/reports/1a956e7ca0ce,++ aSlack reports,Activations per operator in the last 24 hours,2022-10-11T06:22:55.615Z,1342,ecooltra706,no
EF_postgresql,18616,si,Unapproved users,1a956e7ca0ce,https://app.mode.com/editor/ecooltra706/reports/1a956e7ca0ce,++ aSlack reports,Daily evolution of activations,2022-10-11T06:22:55.615Z,1342,ecooltra706,no
EF_postgresql,18616,si,Unprocessed invoices,8fdeebb49336,https://app.mode.com/editor/ecooltra706/reports/8fdeebb49336,++ aSlack reports,Query 1,2021-10-22T08:20:11.689Z,1696,ecooltra706,no
EF_postgresql,18616,si,Problem reports closed in the last 24 hours,8b8a850c9b55,https://app.mode.com/editor/ecooltra706/reports/8b8a850c9b55,++ aSlack reports,Problem reports still open 24 hours ago,2023-02-07T03:53:58.835Z,1223,ecooltra706,no
EF_postgresql,18616,si,Problem reports closed in the last 24 hours,8b8a850c9b55,https://app.mode.com/editor/ecooltra706/reports/8b8a850c9b55,++ aSlack reports,Date of the last processed problem report,2023-02-07T03:53:58.835Z,1223,ecooltra706,no
EF_postgresql,18616,si,Problem reports closed in the last 24 hours,8b8a850c9b55,https://app.mode.com/editor/ecooltra706/reports/8b8a850c9b55,++ aSlack reports,Query 8,2023-02-07T03:53:58.835Z,1223,ecooltra706,no
EF_postgresql,18616,si,Problem reports closed in the last 24 hours,8b8a850c9b55,https://app.mode.com/editor/ecooltra706/reports/8b8a850c9b55,++ aSlack reports,Daily evolution of closed problem reports,2023-02-07T03:53:58.835Z,1223,ecooltra706,no
EF_postgresql,18616,si,Problem reports closed in the last 24 hours,8b8a850c9b55,https://app.mode.com/editor/ecooltra706/reports/8b8a850c9b55,++ aSlack reports,Problem reports open in the last 24 hours,2023-02-07T03:53:58.835Z,1223,ecooltra706,no
EF_postgresql,18616,si,Problem reports closed in the last 24 hours,8b8a850c9b55,https://app.mode.com/editor/ecooltra706/reports/8b8a850c9b55,++ aSlack reports,Last hour,2023-02-07T03:53:58.835Z,1223,ecooltra706,no
EF_postgresql,18616,si,Problem reports closed in the last 24 hours,8b8a850c9b55,https://app.mode.com/editor/ecooltra706/reports/8b8a850c9b55,++ aSlack reports,Problem reports closed per operator in the last 24 hours,2023-02-07T03:53:58.835Z,1223,ecooltra706,no
EF_postgresql,18616,si,Problem reports closed in the last 24 hours,8b8a850c9b55,https://app.mode.com/editor/ecooltra706/reports/8b8a850c9b55,++ aSlack reports,Problem Reports,2023-02-07T03:53:58.835Z,1223,ecooltra706,no
EF_postgresql,18616,si,Problem reports closed in the last 24 hours,8b8a850c9b55,https://app.mode.com/editor/ecooltra706/reports/8b8a850c9b55,++ aSlack reports,Problem reports closed per operator in the last 24 hours,2023-02-07T03:53:58.835Z,1223,ecooltra706,no
EF_postgresql,18616,si,Yesterday rentals per city,0d998fcf3819,https://app.mode.com/editor/ecooltra706/reports/0d998fcf3819,++ aSlack reports,Query 1,2023-02-07T07:18:28.040Z,1223,ecooltra706,no
EF_postgresql,18616,si,PACK Campaign - Total per Pack,b56b002ccfae,https://app.mode.com/editor/ecooltra706/reports/b56b002ccfae,++ aSlack reports,PACK A,2019-09-12T11:22:50.694Z,2467,ecooltra706,no
EF_postgresql,18616,si,PACK Campaign - Total per Pack,b56b002ccfae,https://app.mode.com/editor/ecooltra706/reports/b56b002ccfae,++ aSlack reports,PACK B,2019-09-12T11:22:50.694Z,2467,ecooltra706,no
EF_postgresql,18616,si,PACK Campaign - Total per Pack,b56b002ccfae,https://app.mode.com/editor/ecooltra706/reports/b56b002ccfae,++ aSlack reports,PACK C,2019-09-12T11:22:50.694Z,2467,ecooltra706,no
EF_postgresql,18616,si,PACK Campaign - Total per Pack,b56b002ccfae,https://app.mode.com/editor/ecooltra706/reports/b56b002ccfae,++ aSlack reports,ALL PACKS,2019-09-12T11:22:50.694Z,2467,ecooltra706,no
EF_postgresql,18616,si,PACK Campaign - Total per Pack,b56b002ccfae,https://app.mode.com/editor/ecooltra706/reports/b56b002ccfae,++ aSlack reports,z-OTHER PACKS,2019-09-12T11:22:50.694Z,2467,ecooltra706,no
EF_postgresql,18616,si,Deleted credits,71d2b10f369c,https://app.mode.com/editor/ecooltra706/reports/71d2b10f369c,++ aSlack reports,Detailed credits deleted per operator,2021-05-13T12:06:23.503Z,1858,ecooltra706,no
EF_postgresql,18616,si,Deleted credits,71d2b10f369c,https://app.mode.com/editor/ecooltra706/reports/71d2b10f369c,++ aSlack reports,Today,2021-05-13T12:06:23.503Z,1858,ecooltra706,no
EF_postgresql,18616,si,Deleted credits,71d2b10f369c,https://app.mode.com/editor/ecooltra706/reports/71d2b10f369c,++ aSlack reports,Credits deleted per operator,2021-05-13T12:06:23.503Z,1858,ecooltra706,no
EF_postgresql,18616,si,Deleted credits,71d2b10f369c,https://app.mode.com/editor/ecooltra706/reports/71d2b10f369c,++ aSlack reports,z_params,2021-05-13T12:06:23.503Z,1858,ecooltra706,no
EF_postgresql,18616,si,Total Registrations,1fbe89904682,https://app.mode.com/editor/ecooltra706/reports/1fbe89904682,++ aSlack reports,01: Total Registrations,2020-11-30T17:22:01.116Z,2021,ecooltra706,no
EF_postgresql,18616,si,Total Registrations,1fbe89904682,https://app.mode.com/editor/ecooltra706/reports/1fbe89904682,++ aSlack reports,Last Registration Started at:,2020-11-30T17:22:01.116Z,2021,ecooltra706,no
EF_postgresql,18616,si,MODE Sync Control,9285d75a41ad,https://app.mode.com/editor/ecooltra706/reports/9285d75a41ad,++ aSlack reports,4: Credits,2023-02-06T23:21:09.384Z,1223,ecooltra706,no
EF_postgresql,18616,si,MODE Sync Control,9285d75a41ad,https://app.mode.com/editor/ecooltra706/reports/9285d75a41ad,++ aSlack reports,2: Rentals,2023-02-06T23:21:09.384Z,1223,ecooltra706,no
EF_postgresql,18616,si,MODE Sync Control,9285d75a41ad,https://app.mode.com/editor/ecooltra706/reports/9285d75a41ad,++ aSlack reports,3: Invoices,2023-02-06T23:21:09.384Z,1223,ecooltra706,no
EF_postgresql,18616,si,MODE Sync Control,9285d75a41ad,https://app.mode.com/editor/ecooltra706/reports/9285d75a41ad,++ aSlack reports,1: Registrations,2023-02-06T23:21:09.384Z,1223,ecooltra706,no
EF_postgresql,18616,si,MODE Sync Control,9285d75a41ad,https://app.mode.com/editor/ecooltra706/reports/9285d75a41ad,++ aSlack reports,7: Filtered Rentals,2023-02-06T23:21:09.384Z,1223,ecooltra706,no
EF_postgresql,18616,si,MODE Sync Control,9285d75a41ad,https://app.mode.com/editor/ecooltra706/reports/9285d75a41ad,++ aSlack reports,5: Charges,2023-02-06T23:21:09.384Z,1223,ecooltra706,no
EF_postgresql,18616,si,MODE Sync Control,9285d75a41ad,https://app.mode.com/editor/ecooltra706/reports/9285d75a41ad,++ aSlack reports,6: Swaps,2023-02-06T23:21:09.384Z,1223,ecooltra706,no
EF_postgresql,18616,si,"Lisbon rentals, vehicles and riders data",b7dff062e000,https://app.mode.com/editor/ecooltra706/reports/b7dff062e000,++ City Managers,02 riders,2022-11-21T15:49:30.919Z,1300,ecooltra706,no
EF_postgresql,18616,si,"Lisbon rentals, vehicles and riders data",b7dff062e000,https://app.mode.com/editor/ecooltra706/reports/b7dff062e000,++ City Managers,01 rentals_and_vehicles,2022-11-21T15:49:30.919Z,1300,ecooltra706,no
EF_postgresql,18616,si,"Revenue per week, day of week and city",85093e7abcaa,https://app.mode.com/editor/ecooltra706/reports/85093e7abcaa,++ City Managers,Query 1,2022-07-28T15:26:13.646Z,1416,ecooltra706,no
EF_postgresql,18616,si,"Revenue per week, day of week and city",85093e7abcaa,https://app.mode.com/editor/ecooltra706/reports/85093e7abcaa,++ City Managers,z params,2022-07-28T15:26:13.646Z,1416,ecooltra706,no
EF_postgresql,18616,si,"Revenue per week, day of week and city",85093e7abcaa,https://app.mode.com/editor/ecooltra706/reports/85093e7abcaa,++ City Managers,Query 4,2022-07-28T15:26:13.646Z,1416,ecooltra706,no
EF_postgresql,18616,si,"Revenue per week, day of week and city",85093e7abcaa,https://app.mode.com/editor/ecooltra706/reports/85093e7abcaa,++ City Managers,Query 3,2022-07-28T15:26:13.646Z,1416,ecooltra706,no
EF_postgresql,18616,si,[Slack] Barcelona Regulation (SCOOTERS with QR),c600ed1d7444,https://app.mode.com/editor/ecooltra706/reports/c600ed1d7444,++ City Managers,03 Total,2023-02-07T09:11:39.145Z,1223,ecooltra706,no
EF_postgresql,18616,si,[Slack] Barcelona Regulation (SCOOTERS with QR),c600ed1d7444,https://app.mode.com/editor/ecooltra706/reports/c600ed1d7444,++ City Managers,05 QNR,2023-02-07T09:11:39.145Z,1223,ecooltra706,no
EF_postgresql,18616,si,[Slack] Barcelona Regulation (SCOOTERS with QR),c600ed1d7444,https://app.mode.com/editor/ecooltra706/reports/c600ed1d7444,++ City Managers,01 Scooters,2023-02-07T09:11:39.145Z,1223,ecooltra706,no
EF_postgresql,18616,si,[Slack] Barcelona Regulation (SCOOTERS with QR),c600ed1d7444,https://app.mode.com/editor/ecooltra706/reports/c600ed1d7444,++ City Managers,06 Free QNR,2023-02-07T09:11:39.145Z,1223,ecooltra706,no
EF_postgresql,18616,si,[Slack] Barcelona Regulation (SCOOTERS with QR),c600ed1d7444,https://app.mode.com/editor/ecooltra706/reports/c600ed1d7444,++ City Managers,Query 12,2023-02-07T09:11:39.145Z,1223,ecooltra706,no
EF_postgresql,18616,si,[Slack] Barcelona Regulation (SCOOTERS with QR),c600ed1d7444,https://app.mode.com/editor/ecooltra706/reports/c600ed1d7444,++ City Managers,Last updated time,2023-02-07T09:11:39.145Z,1223,ecooltra706,no
EF_postgresql,18616,si,Usage per age and gender,b3e95e76c7b7,https://app.mode.com/editor/ecooltra706/reports/b3e95e76c7b7,++ City Managers,01 Totals,2021-10-06T09:59:44.017Z,1712,ecooltra706,no
EF_postgresql,18616,si,Usage per age and gender,b3e95e76c7b7,https://app.mode.com/editor/ecooltra706/reports/b3e95e76c7b7,++ City Managers,z params,2021-10-06T09:59:44.017Z,1712,ecooltra706,no
EF_postgresql,18616,si,Barcelona Regulation (SCOOTERS with QR),e32c5ad53742,https://app.mode.com/editor/ecooltra706/reports/e32c5ad53742,++ City Managers,Query 13,2022-03-14T11:11:26.884Z,1553,ecooltra706,no
EF_postgresql,18616,si,Barcelona Regulation (SCOOTERS with QR),e32c5ad53742,https://app.mode.com/editor/ecooltra706/reports/e32c5ad53742,++ City Managers,05 QNR,2022-03-14T11:11:26.884Z,1553,ecooltra706,no
EF_postgresql,18616,si,Barcelona Regulation (SCOOTERS with QR),e32c5ad53742,https://app.mode.com/editor/ecooltra706/reports/e32c5ad53742,++ City Managers,06 Free QNR,2022-03-14T11:11:26.884Z,1553,ecooltra706,no
EF_postgresql,18616,si,Barcelona Regulation (SCOOTERS with QR),e32c5ad53742,https://app.mode.com/editor/ecooltra706/reports/e32c5ad53742,++ City Managers,scooters,2022-03-14T11:11:26.884Z,1553,ecooltra706,no
EF_postgresql,18616,si,Barcelona Regulation (SCOOTERS with QR),e32c5ad53742,https://app.mode.com/editor/ecooltra706/reports/e32c5ad53742,++ City Managers,Last updated time,2022-03-14T11:11:26.884Z,1553,ecooltra706,no
EF_postgresql,18616,si,Barcelona Regulation (SCOOTERS with QR),e32c5ad53742,https://app.mode.com/editor/ecooltra706/reports/e32c5ad53742,++ City Managers,Reservations,2022-03-14T11:11:26.884Z,1553,ecooltra706,no
EF_postgresql,18616,si,Barcelona Regulation (SCOOTERS with QR),e32c5ad53742,https://app.mode.com/editor/ecooltra706/reports/e32c5ad53742,++ City Managers,Rentals,2022-03-14T11:11:26.884Z,1553,ecooltra706,no
EF_postgresql,18616,si,Barcelona Regulation (SCOOTERS with QR),e32c5ad53742,https://app.mode.com/editor/ecooltra706/reports/e32c5ad53742,++ City Managers,01 Scooters,2022-03-14T11:11:26.884Z,1553,ecooltra706,no
EF_postgresql,18616,si,Barcelona Regulation (SCOOTERS with QR),e32c5ad53742,https://app.mode.com/editor/ecooltra706/reports/e32c5ad53742,++ City Managers,02 City center,2022-03-14T11:11:26.884Z,1553,ecooltra706,no
EF_postgresql,18616,si,Barcelona Regulation (SCOOTERS with QR),e32c5ad53742,https://app.mode.com/editor/ecooltra706/reports/e32c5ad53742,++ City Managers,03 Total,2022-03-14T11:11:26.884Z,1553,ecooltra706,no
EF_postgresql,18616,si,Barcelona Regulation (SCOOTERS with QR),e32c5ad53742,https://app.mode.com/editor/ecooltra706/reports/e32c5ad53742,++ City Managers,Query 12,2022-03-14T11:11:26.884Z,1553,ecooltra706,no
EF_postgresql,18616,si,Barcelona Regulation (SCOOTERS with QR),e32c5ad53742,https://app.mode.com/editor/ecooltra706/reports/e32c5ad53742,++ City Managers,Query 11,2022-03-14T11:11:26.884Z,1553,ecooltra706,no
EF_postgresql,18616,si,Barcelona Regulation (SCOOTERS with QR),e32c5ad53742,https://app.mode.com/editor/ecooltra706/reports/e32c5ad53742,++ City Managers,04 Tasks,2022-03-14T11:11:26.884Z,1553,ecooltra706,no
EF_postgresql,18616,si,Barcelona Regulation (SCOOTERS with QR),e32c5ad53742,https://app.mode.com/editor/ecooltra706/reports/e32c5ad53742,++ City Managers,Query 9,2022-03-14T11:11:26.884Z,1553,ecooltra706,no
EF_postgresql,18616,si,Barcelona Regulation (SCOOTERS with QR),e32c5ad53742,https://app.mode.com/editor/ecooltra706/reports/e32c5ad53742,++ City Managers,Query 10,2022-03-14T11:11:26.884Z,1553,ecooltra706,no
EF_postgresql,18616,si,[OPS] Rome swappers statistics,4d41db643cd8,https://app.mode.com/editor/ecooltra706/reports/4d41db643cd8,++ City Managers,z params,2023-01-04T12:14:41.791Z,1257,ecooltra706,no
EF_postgresql,18616,si,[OPS] Rome swappers statistics,4d41db643cd8,https://app.mode.com/editor/ecooltra706/reports/4d41db643cd8,++ City Managers,Query 2,2023-01-04T12:14:41.791Z,1257,ecooltra706,no
EF_postgresql,18616,si,[OPS] Rome swappers statistics,4d41db643cd8,https://app.mode.com/editor/ecooltra706/reports/4d41db643cd8,++ City Managers,01 Swappers,2023-01-04T12:14:41.791Z,1257,ecooltra706,no
EF_postgresql,18616,si,Lisbon users per age range and gender,7b93702f79f1,https://app.mode.com/editor/ecooltra706/reports/7b93702f79f1,++ City Managers,02 Percentages,2020-02-03T14:28:12.215Z,2322,ecooltra706,no
EF_postgresql,18616,si,Lisbon users per age range and gender,7b93702f79f1,https://app.mode.com/editor/ecooltra706/reports/7b93702f79f1,++ City Managers,01 Totals,2020-02-03T14:28:12.215Z,2322,ecooltra706,no
EF_postgresql,18616,si,Lisbon data,5668f7a68648,https://app.mode.com/editor/ecooltra706/reports/5668f7a68648,++ City Managers,Query 10,2020-05-25T09:56:40.444Z,2211,ecooltra706,no
EF_postgresql,18616,si,Lisbon data,5668f7a68648,https://app.mode.com/editor/ecooltra706/reports/5668f7a68648,++ City Managers,06.02.02  How many rides before no return? Median,2020-05-25T09:56:40.444Z,2211,ecooltra706,no
EF_postgresql,18616,si,Lisbon data,5668f7a68648,https://app.mode.com/editor/ecooltra706/reports/5668f7a68648,++ City Managers,06.03 Exits that have bought packs,2020-05-25T09:56:40.444Z,2211,ecooltra706,no
EF_postgresql,18616,si,Lisbon data,5668f7a68648,https://app.mode.com/editor/ecooltra706/reports/5668f7a68648,++ City Managers,06.04 By location of residence,2020-05-25T09:56:40.444Z,2211,ecooltra706,no
EF_postgresql,18616,si,Lisbon data,5668f7a68648,https://app.mode.com/editor/ecooltra706/reports/5668f7a68648,++ City Managers,06.09 - Exits with actual spending,2020-05-25T09:56:40.444Z,2211,ecooltra706,no
EF_postgresql,18616,si,Lisbon data,5668f7a68648,https://app.mode.com/editor/ecooltra706/reports/5668f7a68648,++ City Managers,06.08 - Exits with MGM,2020-05-25T09:56:40.444Z,2211,ecooltra706,no
EF_postgresql,18616,si,Lisbon data,5668f7a68648,https://app.mode.com/editor/ecooltra706/reports/5668f7a68648,++ City Managers,06.05 Postal code,2020-05-25T09:56:40.444Z,2211,ecooltra706,no
EF_postgresql,18616,si,Lisbon data,5668f7a68648,https://app.mode.com/editor/ecooltra706/reports/5668f7a68648,++ City Managers,06.02  How many rides before no return?,2020-05-25T09:56:40.444Z,2211,ecooltra706,no
EF_postgresql,18616,si,Lisbon data,5668f7a68648,https://app.mode.com/editor/ecooltra706/reports/5668f7a68648,++ City Managers,06.06 - Exits with damage reports,2020-05-25T09:56:40.444Z,2211,ecooltra706,no
EF_postgresql,18616,si,Lisbon data,5668f7a68648,https://app.mode.com/editor/ecooltra706/reports/5668f7a68648,++ City Managers,06.07 - Exits with debts,2020-05-25T09:56:40.444Z,2211,ecooltra706,no
EF_postgresql,18616,si,Lisbon data,5668f7a68648,https://app.mode.com/editor/ecooltra706/reports/5668f7a68648,++ City Managers,Query 20,2020-05-25T09:56:40.444Z,2211,ecooltra706,no
EF_postgresql,18616,si,Lisbon data,5668f7a68648,https://app.mode.com/editor/ecooltra706/reports/5668f7a68648,++ City Managers,Query 19,2020-05-25T09:56:40.444Z,2211,ecooltra706,no
EF_postgresql,18616,si,Lisbon data,5668f7a68648,https://app.mode.com/editor/ecooltra706/reports/5668f7a68648,++ City Managers,z _ geofences,2020-05-25T09:56:40.444Z,2211,ecooltra706,no
EF_postgresql,18616,si,Lisbon data,5668f7a68648,https://app.mode.com/editor/ecooltra706/reports/5668f7a68648,++ City Managers,01 Gender,2020-05-25T09:56:40.444Z,2211,ecooltra706,no
EF_postgresql,18616,si,Lisbon data,5668f7a68648,https://app.mode.com/editor/ecooltra706/reports/5668f7a68648,++ City Managers,02 Age,2020-05-25T09:56:40.444Z,2211,ecooltra706,no
EF_postgresql,18616,si,Lisbon data,5668f7a68648,https://app.mode.com/editor/ecooltra706/reports/5668f7a68648,++ City Managers,03 Postal codes,2020-05-25T09:56:40.444Z,2211,ecooltra706,no
EF_postgresql,18616,si,Lisbon data,5668f7a68648,https://app.mode.com/editor/ecooltra706/reports/5668f7a68648,++ City Managers,04 Usage - rides per month,2020-05-25T09:56:40.444Z,2211,ecooltra706,no
EF_postgresql,18616,si,Lisbon data,5668f7a68648,https://app.mode.com/editor/ecooltra706/reports/5668f7a68648,++ City Managers,05 Usage - dow,2020-05-25T09:56:40.444Z,2211,ecooltra706,no
EF_postgresql,18616,si,Lisbon data,5668f7a68648,https://app.mode.com/editor/ecooltra706/reports/5668f7a68648,++ City Managers,06.01 Monthly evolution,2020-05-25T09:56:40.444Z,2211,ecooltra706,no
EF_postgresql,18616,si,Lisbon data,5668f7a68648,https://app.mode.com/editor/ecooltra706/reports/5668f7a68648,++ City Managers,z params,2020-05-25T09:56:40.444Z,2211,ecooltra706,no
EF_postgresql,18616,si,Ghost rentals,94b90cfff6d5,https://app.mode.com/editor/ecooltra706/reports/94b90cfff6d5,++ City Managers,z_params,2022-09-09T10:58:46.704Z,1374,ecooltra706,no
EF_postgresql,18616,si,Ghost rentals,94b90cfff6d5,https://app.mode.com/editor/ecooltra706/reports/94b90cfff6d5,++ City Managers,Ghost rentals per user,2022-09-09T10:58:46.704Z,1374,ecooltra706,no
EF_postgresql,18616,si,Ghost rentals,94b90cfff6d5,https://app.mode.com/editor/ecooltra706/reports/94b90cfff6d5,++ City Managers,Data per user (in chosen cities),2022-09-09T10:58:46.704Z,1374,ecooltra706,no
EF_postgresql,18616,si,Ghost rentals,94b90cfff6d5,https://app.mode.com/editor/ecooltra706/reports/94b90cfff6d5,++ City Managers,Ghost rentals per scooter,2022-09-09T10:58:46.704Z,1374,ecooltra706,no
EF_postgresql,18616,si,Ghost rentals,94b90cfff6d5,https://app.mode.com/editor/ecooltra706/reports/94b90cfff6d5,++ City Managers,Data per scooter (in chosen cities),2022-09-09T10:58:46.704Z,1374,ecooltra706,no
EF_postgresql,18616,si,Ghost rentals,94b90cfff6d5,https://app.mode.com/editor/ecooltra706/reports/94b90cfff6d5,++ City Managers,Total ghost rentals,2022-09-09T10:58:46.704Z,1374,ecooltra706,no
EF_postgresql,18616,si,[SWA/SINGLE] Swapping analysis,bb559b07d922,https://app.mode.com/editor/ecooltra706/reports/bb559b07d922,++ City Managers,Detalles últimos X días,2023-01-11T07:54:30.516Z,1250,ecooltra706,no
EF_postgresql,18616,si,[SWA/SINGLE] Swapping analysis,bb559b07d922,https://app.mode.com/editor/ecooltra706/reports/bb559b07d922,++ City Managers,Sessions included in your selection,2023-01-11T07:54:30.516Z,1250,ecooltra706,no
EF_postgresql,18616,si,[SWA/SINGLE] Swapping analysis,bb559b07d922,https://app.mode.com/editor/ecooltra706/reports/bb559b07d922,++ City Managers,z - dummy sfsi,2023-01-11T07:54:30.516Z,1250,ecooltra706,no
EF_postgresql,18616,si,[SWA/SINGLE] Swapping analysis,bb559b07d922,https://app.mode.com/editor/ecooltra706/reports/bb559b07d922,++ City Managers,Swaps,2023-01-11T07:54:30.516Z,1250,ecooltra706,no
EF_postgresql,18616,si,[SWA/SINGLE] Swapping analysis,bb559b07d922,https://app.mode.com/editor/ecooltra706/reports/bb559b07d922,++ City Managers,geo_fences,2023-01-11T07:54:30.516Z,1250,ecooltra706,no
EF_postgresql,18616,si,[SWA/SINGLE] Swapping analysis,bb559b07d922,https://app.mode.com/editor/ecooltra706/reports/bb559b07d922,++ City Managers,city,2023-01-11T07:54:30.516Z,1250,ecooltra706,no
EF_postgresql,18616,si,[SWA/SINGLE] Swapping analysis,bb559b07d922,https://app.mode.com/editor/ecooltra706/reports/bb559b07d922,++ City Managers,Query 11,2023-01-11T07:54:30.516Z,1250,ecooltra706,no
EF_postgresql,18616,si,[SWA/SINGLE] Swapping analysis,bb559b07d922,https://app.mode.com/editor/ecooltra706/reports/bb559b07d922,++ City Managers,param: system,2023-01-11T07:54:30.516Z,1250,ecooltra706,no
EF_postgresql,18616,si,[SWA/SINGLE] Swapping analysis,bb559b07d922,https://app.mode.com/editor/ecooltra706/reports/bb559b07d922,++ City Managers,Daily rain,2023-01-11T07:54:30.516Z,1250,ecooltra706,no
EF_postgresql,18616,si,[SWA/SINGLE] Swapping analysis,bb559b07d922,https://app.mode.com/editor/ecooltra706/reports/bb559b07d922,++ City Managers,Summary for selected interval,2023-01-11T07:54:30.516Z,1250,ecooltra706,no
EF_postgresql,18616,si,[SWA/SINGLE] Swapping analysis,bb559b07d922,https://app.mode.com/editor/ecooltra706/reports/bb559b07d922,++ City Managers,Query 10,2023-01-11T07:54:30.516Z,1250,ecooltra706,no
EF_postgresql,18616,si,Rentals in Bonus Areas,1bd251c4eedc,https://app.mode.com/editor/ecooltra706/reports/1bd251c4eedc,++ City Managers,Query 4,2023-01-13T10:59:33.186Z,1248,ecooltra706,no
EF_postgresql,18616,si,Rentals in Bonus Areas,1bd251c4eedc,https://app.mode.com/editor/ecooltra706/reports/1bd251c4eedc,++ City Managers,z params,2023-01-13T10:59:33.186Z,1248,ecooltra706,no
EF_postgresql,18616,si,Rentals in Bonus Areas,1bd251c4eedc,https://app.mode.com/editor/ecooltra706/reports/1bd251c4eedc,++ City Managers,01 Data,2023-01-13T10:59:33.186Z,1248,ecooltra706,no
EF_postgresql,18616,si,Hypothesis validation for Lisbon fleet,3106fc512bd1,https://app.mode.com/editor/ecooltra706/reports/3106fc512bd1,++ City Managers,z params,2021-11-04T17:20:10.376Z,1682,ecooltra706,no
EF_postgresql,18616,si,Hypothesis validation for Lisbon fleet,3106fc512bd1,https://app.mode.com/editor/ecooltra706/reports/3106fc512bd1,++ City Managers,01 Rentals,2021-11-04T17:20:10.376Z,1682,ecooltra706,no
EF_postgresql,18616,si,Hypothesis validation for Lisbon fleet,3106fc512bd1,https://app.mode.com/editor/ecooltra706/reports/3106fc512bd1,++ City Managers,02 City center,2021-11-04T17:20:10.376Z,1682,ecooltra706,no
EF_postgresql,18616,si,Hypothesis validation for Lisbon fleet,3106fc512bd1,https://app.mode.com/editor/ecooltra706/reports/3106fc512bd1,++ City Managers,03 Distribution,2021-11-04T17:20:10.376Z,1682,ecooltra706,no
EF_postgresql,18616,si,Hypothesis validation for Lisbon fleet,3106fc512bd1,https://app.mode.com/editor/ecooltra706/reports/3106fc512bd1,++ City Managers,04 Elbow,2021-11-04T17:20:10.376Z,1682,ecooltra706,no
EF_postgresql,18616,si,Rentals in L'H,36f25c14637b,https://app.mode.com/editor/ecooltra706/reports/36f25c14637b,++ City Managers,Rentals,2021-09-15T11:15:25.674Z,1733,ecooltra706,no
EF_postgresql,18616,si,Rentals in L'H,36f25c14637b,https://app.mode.com/editor/ecooltra706/reports/36f25c14637b,++ City Managers,z params,2021-09-15T11:15:25.674Z,1733,ecooltra706,no
EF_postgresql,18616,si,Rebranded vehicles,5251cd7b2601,https://app.mode.com/editor/ecooltra706/reports/5251cd7b2601,++ City Managers,01 Data,2021-11-08T11:43:48.816Z,1679,ecooltra706,no
EF_postgresql,18616,si,LISBOA30 - Flat rate analysis,8c99e4b75b0b,https://app.mode.com/editor/ecooltra706/reports/8c99e4b75b0b,++ City Managers,06 Monthly riders,2020-12-14T14:36:42.139Z,2007,ecooltra706,no
EF_postgresql,18616,si,LISBOA30 - Flat rate analysis,8c99e4b75b0b,https://app.mode.com/editor/ecooltra706/reports/8c99e4b75b0b,++ City Managers,07 Monthly revenue,2020-12-14T14:36:42.139Z,2007,ecooltra706,no
EF_postgresql,18616,si,LISBOA30 - Flat rate analysis,8c99e4b75b0b,https://app.mode.com/editor/ecooltra706/reports/8c99e4b75b0b,++ City Managers,04 Daily riders,2020-12-14T14:36:42.139Z,2007,ecooltra706,no
EF_postgresql,18616,si,LISBOA30 - Flat rate analysis,8c99e4b75b0b,https://app.mode.com/editor/ecooltra706/reports/8c99e4b75b0b,++ City Managers,Query 9,2020-12-14T14:36:42.139Z,2007,ecooltra706,no
EF_postgresql,18616,si,LISBOA30 - Flat rate analysis,8c99e4b75b0b,https://app.mode.com/editor/ecooltra706/reports/8c99e4b75b0b,++ City Managers,01 SRR and SDR,2020-12-14T14:36:42.139Z,2007,ecooltra706,no
EF_postgresql,18616,si,LISBOA30 - Flat rate analysis,8c99e4b75b0b,https://app.mode.com/editor/ecooltra706/reports/8c99e4b75b0b,++ City Managers,02 Rentals,2020-12-14T14:36:42.139Z,2007,ecooltra706,no
EF_postgresql,18616,si,LISBOA30 - Flat rate analysis,8c99e4b75b0b,https://app.mode.com/editor/ecooltra706/reports/8c99e4b75b0b,++ City Managers,03 Daily users with subscription,2020-12-14T14:36:42.139Z,2007,ecooltra706,no
EF_postgresql,18616,si,LISBOA30 - Flat rate analysis,8c99e4b75b0b,https://app.mode.com/editor/ecooltra706/reports/8c99e4b75b0b,++ City Managers,05 Daily SRR and SDR,2020-12-14T14:36:42.139Z,2007,ecooltra706,no
EF_postgresql,18616,si,LISBOA30 - Flat rate analysis,8c99e4b75b0b,https://app.mode.com/editor/ecooltra706/reports/8c99e4b75b0b,++ City Managers,z param,2020-12-14T14:36:42.139Z,2007,ecooltra706,no
EF_postgresql,18616,si,LISBOA30 - Flat rate analysis,8c99e4b75b0b,https://app.mode.com/editor/ecooltra706/reports/8c99e4b75b0b,++ City Managers,Query 7,2020-12-14T14:36:42.139Z,2007,ecooltra706,no
EF_postgresql,18616,si,LISBOA30 - Flat rate analysis,8c99e4b75b0b,https://app.mode.com/editor/ecooltra706/reports/8c99e4b75b0b,++ City Managers,Query 8,2020-12-14T14:36:42.139Z,2007,ecooltra706,no
EF_postgresql,18616,si,Barcelona Regulation (only SCOOTERS),3a74c3b07023,https://app.mode.com/editor/ecooltra706/reports/3a74c3b07023,++ City Managers,scooters,2023-02-07T05:51:01.761Z,1223,ecooltra706,no
EF_postgresql,18616,si,Barcelona Regulation (only SCOOTERS),3a74c3b07023,https://app.mode.com/editor/ecooltra706/reports/3a74c3b07023,++ City Managers,Rentals,2023-02-07T05:51:01.761Z,1223,ecooltra706,no
EF_postgresql,18616,si,Barcelona Regulation (only SCOOTERS),3a74c3b07023,https://app.mode.com/editor/ecooltra706/reports/3a74c3b07023,++ City Managers,Reservations,2023-02-07T05:51:01.761Z,1223,ecooltra706,no
EF_postgresql,18616,si,Barcelona Regulation (only SCOOTERS),3a74c3b07023,https://app.mode.com/editor/ecooltra706/reports/3a74c3b07023,++ City Managers,Last updated time,2023-02-07T05:51:01.761Z,1223,ecooltra706,no
EF_postgresql,18616,si,DATI COMUNE MILANO – OFFICIAL,2d10fcab1d99,https://app.mode.com/editor/ecooltra706/reports/2d10fcab1d99,++ City Managers,01 Utenti Persone Fisiche,2020-12-21T13:00:31.515Z,2000,ecooltra706,no
EF_postgresql,18616,si,DATI COMUNE MILANO – OFFICIAL,2d10fcab1d99,https://app.mode.com/editor/ecooltra706/reports/2d10fcab1d99,++ City Managers,z params,2020-12-21T13:00:31.515Z,2000,ecooltra706,no
EF_postgresql,18616,si,DATI COMUNE MILANO – OFFICIAL,2d10fcab1d99,https://app.mode.com/editor/ecooltra706/reports/2d10fcab1d99,++ City Managers,02 Noleggi,2020-12-21T13:00:31.515Z,2000,ecooltra706,no
EF_postgresql,18616,si,DATI COMUNE MILANO – OFFICIAL,2d10fcab1d99,https://app.mode.com/editor/ecooltra706/reports/2d10fcab1d99,++ City Managers,03 Utenti iscritti in altre città,2020-12-21T13:00:31.515Z,2000,ecooltra706,no
EF_postgresql,18616,si,App opens and rentals analysis in an area,e4f8ef5377a2,https://app.mode.com/editor/ecooltra706/reports/e4f8ef5377a2,++ City Managers,z_params,2021-10-06T11:04:35.931Z,1712,ecooltra706,no
EF_postgresql,18616,si,App opens and rentals analysis in an area,e4f8ef5377a2,https://app.mode.com/editor/ecooltra706/reports/e4f8ef5377a2,++ City Managers,App opens,2021-10-06T11:04:35.931Z,1712,ecooltra706,no
EF_postgresql,18616,si,App opens and rentals analysis in an area,e4f8ef5377a2,https://app.mode.com/editor/ecooltra706/reports/e4f8ef5377a2,++ City Managers,Rentals to area,2021-10-06T11:04:35.931Z,1712,ecooltra706,no
EF_postgresql,18616,si,App opens and rentals analysis in an area,e4f8ef5377a2,https://app.mode.com/editor/ecooltra706/reports/e4f8ef5377a2,++ City Managers,Rentals from area,2021-10-06T11:04:35.931Z,1712,ecooltra706,no
EF_postgresql,18616,si,Lisbon rentals matrix of zip codes,299919d56258,https://app.mode.com/editor/ecooltra706/reports/299919d56258,++ City Managers,Query 2,2019-12-02T14:36:28.057Z,2385,ecooltra706,no
EF_postgresql,18616,si,Lisbon rentals matrix of zip codes,299919d56258,https://app.mode.com/editor/ecooltra706/reports/299919d56258,++ City Managers,Query 1,2019-12-02T14:36:28.057Z,2385,ecooltra706,no
EF_postgresql,18616,si,Lisbon rentals matrix of zip codes,299919d56258,https://app.mode.com/editor/ecooltra706/reports/299919d56258,++ City Managers,Query 3,2019-12-02T14:36:28.057Z,2385,ecooltra706,no
EF_postgresql,18616,si,Lisbon rentals matrix of zip codes,299919d56258,https://app.mode.com/editor/ecooltra706/reports/299919d56258,++ City Managers,Matrix zip codes,2019-12-02T14:36:28.057Z,2385,ecooltra706,no
EF_postgresql,18616,si,Lisbon rentals matrix of zip codes,299919d56258,https://app.mode.com/editor/ecooltra706/reports/299919d56258,++ City Managers,Rentals,2019-12-02T14:36:28.057Z,2385,ecooltra706,no
EF_postgresql,18616,si,Lisbon rentals matrix of zip codes,299919d56258,https://app.mode.com/editor/ecooltra706/reports/299919d56258,++ City Managers,Zip codes,2019-12-02T14:36:28.057Z,2385,ecooltra706,no
EF_postgresql,18616,si,Lisbon: Data for Insurance Purposes,e0dbe8064697,https://app.mode.com/editor/ecooltra706/reports/e0dbe8064697,++ City Managers,Avg age of active users,2019-11-22T11:25:51.984Z,2396,ecooltra706,no
EF_postgresql,18616,si,Lisbon: Data for Insurance Purposes,e0dbe8064697,https://app.mode.com/editor/ecooltra706/reports/e0dbe8064697,++ City Managers,Avg minutes per scooter and day,2019-11-22T11:25:51.984Z,2396,ecooltra706,no
EF_postgresql,18616,si,Lisbon: Data for Insurance Purposes,e0dbe8064697,https://app.mode.com/editor/ecooltra706/reports/e0dbe8064697,++ City Managers,Avg age of registered users,2019-11-22T11:25:51.984Z,2396,ecooltra706,no
EF_postgresql,18616,si,Export-Vehicles,a36d13335e06,https://app.mode.com/editor/ecooltra706/reports/a36d13335e06,++ City Managers,Vehicles,2023-01-30T10:56:07.444Z,1231,ecooltra706,no
EF_postgresql,18616,si,Export-Vehicles,a36d13335e06,https://app.mode.com/editor/ecooltra706/reports/a36d13335e06,++ City Managers,88:param,2023-01-30T10:56:07.444Z,1231,ecooltra706,no
EF_postgresql,18616,si,Export-Vehicles,a36d13335e06,https://app.mode.com/editor/ecooltra706/reports/a36d13335e06,++ City Managers,99:param,2023-01-30T10:56:07.444Z,1231,ecooltra706,no
EF_postgresql,18616,si,Mobile App Opens,b46add53cd6c,https://app.mode.com/editor/ecooltra706/reports/b46add53cd6c,++ City Managers,geo_fences,2020-11-19T22:26:46.074Z,2032,ecooltra706,no
EF_postgresql,18616,si,Mobile App Opens,b46add53cd6c,https://app.mode.com/editor/ecooltra706/reports/b46add53cd6c,++ City Managers,mobile_data,2020-11-19T22:26:46.074Z,2032,ecooltra706,no
EF_postgresql,18616,si,Mobile App Opens,b46add53cd6c,https://app.mode.com/editor/ecooltra706/reports/b46add53cd6c,++ City Managers,Query 3,2020-11-19T22:26:46.074Z,2032,ecooltra706,no
EF_postgresql,18616,si,Checkout Success Rate,8b14b594df1f,https://app.mode.com/editor/ecooltra706/reports/8b14b594df1f,++ City Managers,ALL,2020-03-12T10:42:50.435Z,2285,ecooltra706,no
EF_postgresql,18616,si,Checkout Success Rate,8b14b594df1f,https://app.mode.com/editor/ecooltra706/reports/8b14b594df1f,++ City Managers,z_params,2020-03-12T10:42:50.435Z,2285,ecooltra706,no
EF_postgresql,18616,si,Checkout Success Rate,8b14b594df1f,https://app.mode.com/editor/ecooltra706/reports/8b14b594df1f,++ City Managers,geo_fences,2020-03-12T10:42:50.435Z,2285,ecooltra706,no
EF_postgresql,18616,si,Checkout Success Rate,8b14b594df1f,https://app.mode.com/editor/ecooltra706/reports/8b14b594df1f,++ City Managers,offlines,2020-03-12T10:42:50.435Z,2285,ecooltra706,no
EF_postgresql,18616,si,[ALL IN ONE] User Verification Query,6f352d4cb98c,https://app.mode.com/editor/ecooltra706/reports/6f352d4cb98c,++ CS team,Query 4,2022-02-20T10:01:50.054Z,1575,ecooltra706,no
EF_postgresql,18616,si,[ALL IN ONE] User Verification Query,6f352d4cb98c,https://app.mode.com/editor/ecooltra706/reports/6f352d4cb98c,++ CS team,Query 5,2022-02-20T10:01:50.054Z,1575,ecooltra706,no
EF_postgresql,18616,si,[ALL IN ONE] User Verification Query,6f352d4cb98c,https://app.mode.com/editor/ecooltra706/reports/6f352d4cb98c,++ CS team,eCooltra,2022-02-20T10:01:50.054Z,1575,ecooltra706,no
EF_postgresql,18616,si,User Master Data check,ba823edce1ec,https://app.mode.com/editor/ecooltra706/reports/ba823edce1ec,++ CS team,Suspicious Driver License Expiration,2023-02-07T09:18:43.604Z,1223,ecooltra706,no
EF_postgresql,18616,si,User Master Data check,ba823edce1ec,https://app.mode.com/editor/ecooltra706/reports/ba823edce1ec,++ CS team,Suspicious Address ZIP,2023-02-07T09:18:43.604Z,1223,ecooltra706,no
EF_postgresql,18616,si,[ORIOL] Control Credits,804ca56d1b98,https://app.mode.com/editor/ecooltra706/reports/804ca56d1b98,1-Coses meves,Query 1,2019-06-19T20:37:03.245Z,2551,ecooltra706,no
EF_postgresql,18616,si,Promo Code Misuse,c52833136b5d,https://app.mode.com/editor/ecooltra706/reports/c52833136b5d,1-Coses meves,Query 1,2021-09-16T12:11:51.934Z,1732,ecooltra706,no
EF_postgresql,18616,si,Promo Code Misuse,c52833136b5d,https://app.mode.com/editor/ecooltra706/reports/c52833136b5d,1-Coses meves,Query 2,2021-09-16T12:11:51.934Z,1732,ecooltra706,no
EF_postgresql,18616,si,Finance monthly export per city,0707b6e50b12,https://app.mode.com/editor/ecooltra706/reports/0707b6e50b12,2-ORIOL Procés tancament mensual,1-Total invoiced per city,2019-07-30T14:44:20.547Z,2510,ecooltra706,no
EF_postgresql,18616,si,Finance monthly export per city,0707b6e50b12,https://app.mode.com/editor/ecooltra706/reports/0707b6e50b12,2-ORIOL Procés tancament mensual,1b-Rented minutes per city per month,2019-07-30T14:44:20.547Z,2510,ecooltra706,no
EF_postgresql,18616,si,Finance monthly export per city,0707b6e50b12,https://app.mode.com/editor/ecooltra706/reports/0707b6e50b12,2-ORIOL Procés tancament mensual,2-Total unpaid per city,2019-07-30T14:44:20.547Z,2510,ecooltra706,no
EF_postgresql,18616,si,Finance monthly export per city,0707b6e50b12,https://app.mode.com/editor/ecooltra706/reports/0707b6e50b12,2-ORIOL Procés tancament mensual,3-Invoices raised that month and already paid GROSS,2019-07-30T14:44:20.547Z,2510,ecooltra706,no
EF_postgresql,18616,si,Finance monthly export per city,0707b6e50b12,https://app.mode.com/editor/ecooltra706/reports/0707b6e50b12,2-ORIOL Procés tancament mensual,4-Total money collected this month,2019-07-30T14:44:20.547Z,2510,ecooltra706,no
EF_postgresql,18616,si,Finance monthly export per city,0707b6e50b12,https://app.mode.com/editor/ecooltra706/reports/0707b6e50b12,2-ORIOL Procés tancament mensual,5-Unpaid Analysis,2019-07-30T14:44:20.547Z,2510,ecooltra706,no
EF_postgresql,18616,si,Finance monthly export per city,0707b6e50b12,https://app.mode.com/editor/ecooltra706/reports/0707b6e50b12,2-ORIOL Procés tancament mensual,6-Pack Minutes pending to be used,2019-07-30T14:44:20.547Z,2510,ecooltra706,no
EF_postgresql,18616,si,Finance monthly export per city,0707b6e50b12,https://app.mode.com/editor/ecooltra706/reports/0707b6e50b12,2-ORIOL Procés tancament mensual,A-EXPORT all invoices,2019-07-30T14:44:20.547Z,2510,ecooltra706,no
EF_postgresql,18616,si,Finance monthly export per city,0707b6e50b12,https://app.mode.com/editor/ecooltra706/reports/0707b6e50b12,2-ORIOL Procés tancament mensual,B-EXPORT invoices paid this month,2019-07-30T14:44:20.547Z,2510,ecooltra706,no
EF_postgresql,18616,si,Finance monthly export per city,0707b6e50b12,https://app.mode.com/editor/ecooltra706/reports/0707b6e50b12,2-ORIOL Procés tancament mensual,Query 10,2019-07-30T14:44:20.547Z,2510,ecooltra706,no
EF_postgresql,18616,si,Finance monthly export per city,0707b6e50b12,https://app.mode.com/editor/ecooltra706/reports/0707b6e50b12,2-ORIOL Procés tancament mensual,T) Information is  until de timestamp below,2019-07-30T14:44:20.547Z,2510,ecooltra706,no
EF_postgresql,18616,si,Finance monthly export per city,0707b6e50b12,https://app.mode.com/editor/ecooltra706/reports/0707b6e50b12,2-ORIOL Procés tancament mensual,Query 11,2019-07-30T14:44:20.547Z,2510,ecooltra706,no
EF_postgresql,18616,si,Invoices Export per company,18cdca7700b7,https://app.mode.com/editor/ecooltra706/reports/18cdca7700b7,2-ORIOL Procés tancament mensual,1-Total NET invoiced per city,2020-12-01T04:02:13.430Z,2021,ecooltra706,no
EF_postgresql,18616,si,Invoices Export per company,18cdca7700b7,https://app.mode.com/editor/ecooltra706/reports/18cdca7700b7,2-ORIOL Procés tancament mensual,2-Total GROSS invoiced per city,2020-12-01T04:02:13.430Z,2021,ecooltra706,no
EF_postgresql,18616,si,Invoices Export per company,18cdca7700b7,https://app.mode.com/editor/ecooltra706/reports/18cdca7700b7,2-ORIOL Procés tancament mensual,A-EXPORT all invoices,2020-12-01T04:02:13.430Z,2021,ecooltra706,no
EF_postgresql,18616,si,Invoices Export per company,18cdca7700b7,https://app.mode.com/editor/ecooltra706/reports/18cdca7700b7,2-ORIOL Procés tancament mensual,00:param,2020-12-01T04:02:13.430Z,2021,ecooltra706,no
EF_postgresql,18616,si,Invoices Export per company,18cdca7700b7,https://app.mode.com/editor/ecooltra706/reports/18cdca7700b7,2-ORIOL Procés tancament mensual,3-Count Invoices,2020-12-01T04:02:13.430Z,2021,ecooltra706,no
EF_postgresql,18616,si,Invoices Export per company,18cdca7700b7,https://app.mode.com/editor/ecooltra706/reports/18cdca7700b7,2-ORIOL Procés tancament mensual,0-First and Last invoices selected:,2020-12-01T04:02:13.430Z,2021,ecooltra706,no
EF_postgresql,18616,si,Check special subscriptions,9213e8c3d193,https://app.mode.com/editor/ecooltra706/reports/9213e8c3d193,2-ORIOL Procés tancament mensual,Query 2,2023-02-01T04:11:37.233Z,1229,ecooltra706,no
EF_postgresql,18616,si,Check special subscriptions,9213e8c3d193,https://app.mode.com/editor/ecooltra706/reports/9213e8c3d193,2-ORIOL Procés tancament mensual,TABLA PARA HR,2023-02-01T04:11:37.233Z,1229,ecooltra706,no
EF_postgresql,18616,si,Check special subscriptions,9213e8c3d193,https://app.mode.com/editor/ecooltra706/reports/9213e8c3d193,2-ORIOL Procés tancament mensual,Last 3 months changes of Special Subscriptions,2023-02-01T04:11:37.233Z,1229,ecooltra706,no
EF_postgresql,18616,si,MONTHLY CSV EXPORT FOR RONAN,a4b15b27846a,https://app.mode.com/editor/ecooltra706/reports/a4b15b27846a,2-ORIOL Procés tancament mensual,Query 1,2020-02-07T16:19:37.796Z,2318,ecooltra706,no
EF_postgresql,18616,si,MONTHLY CSV EXPORT FOR RONAN,a4b15b27846a,https://app.mode.com/editor/ecooltra706/reports/a4b15b27846a,2-ORIOL Procés tancament mensual,Query 2,2020-02-07T16:19:37.796Z,2318,ecooltra706,no
EF_postgresql,18616,si,MONTHLY CSV EXPORT FOR RONAN,a4b15b27846a,https://app.mode.com/editor/ecooltra706/reports/a4b15b27846a,2-ORIOL Procés tancament mensual,Query 3,2020-02-07T16:19:37.796Z,2318,ecooltra706,no
EF_postgresql,18616,si,Heatmap of rentals,2618c4debc79,https://app.mode.com/editor/ecooltra706/reports/2618c4debc79,[ZEUS] City Managers,02 city centers,2023-11-23T08:55:48.362Z,934,ecooltra706,no
EF_postgresql,18616,si,[US/ALL] Unused Scooters,4fe4b6a64f46,https://app.mode.com/editor/ecooltra706/reports/4fe4b6a64f46,[ZEUS] City Managers,z_params,2023-01-24T10:22:37.013Z,1237,ecooltra706,no
EF_postgresql,18616,si,[US/ALL] Unused Scooters,4fe4b6a64f46,https://app.mode.com/editor/ecooltra706/reports/4fe4b6a64f46,[ZEUS] City Managers,Table_not_used_vehicles,2023-01-24T10:22:37.013Z,1237,ecooltra706,no
EF_postgresql,18616,si,[US/ALL] Unused Scooters,4fe4b6a64f46,https://app.mode.com/editor/ecooltra706/reports/4fe4b6a64f46,[ZEUS] City Managers,geo_fences,2023-01-24T10:22:37.013Z,1237,ecooltra706,no
EF_postgresql,18616,si,[US/ALL] Unused Scooters,4fe4b6a64f46,https://app.mode.com/editor/ecooltra706/reports/4fe4b6a64f46,[ZEUS] City Managers,Query 5,2023-01-24T10:22:37.013Z,1237,ecooltra706,no
EF_postgresql,18616,si,[US/ALL] Unused Scooters,4fe4b6a64f46,https://app.mode.com/editor/ecooltra706/reports/4fe4b6a64f46,[ZEUS] City Managers,Info about this report:,2023-01-24T10:22:37.013Z,1237,ecooltra706,no
EF_postgresql,18616,si,[ZEUS] [OFFICIAL] PROBLEM REPORTS,9387c83524de,https://app.mode.com/editor/ecooltra706/reports/9387c83524de,[ZEUS] HQ Customer Service,y Report interval,2024-01-21T22:48:46.040Z,874,ecooltra706,no
EF_postgresql,18616,si,Clone of [ZEUS][SWA/SINGLE] Swapping analysis,30a0e5e5d5c7,https://app.mode.com/editor/ecooltra706/reports/30a0e5e5d5c7,Backup Lluís,02 City,2022-12-28T12:02:41.666Z,1264,ecooltra706,no
EF_postgresql,18616,si,,c3897400147b,https://app.mode.com/editor/ecooltra706/reports/c3897400147b,Backup Lluís,Query 1,2022-12-22T09:47:41.784Z,1270,ecooltra706,no
EF_postgresql,18616,si,Clone of Selligent,ed737bb82447,https://app.mode.com/editor/ecooltra706/reports/ed737bb82447,Backup Lluís,01 Users_update,2022-12-17T11:56:28.834Z,1275,ecooltra706,no
EF_postgresql,18616,si,Clone of Selligent,ed737bb82447,https://app.mode.com/editor/ecooltra706/reports/ed737bb82447,Backup Lluís,02 Rentals_update,2022-12-17T11:56:28.834Z,1275,ecooltra706,no
EF_postgresql,18616,si,ZIP Code analysis Paris,eb520067286f,https://app.mode.com/editor/ecooltra706/reports/eb520067286f,Backup Lluís,Query 1,2022-12-14T15:39:12.349Z,1277,ecooltra706,no
EF_postgresql,18616,si,ZIP Code analysis Paris,eb520067286f,https://app.mode.com/editor/ecooltra706/reports/eb520067286f,Backup Lluís,Query 2,2022-12-14T15:39:12.349Z,1277,ecooltra706,no
EF_postgresql,18616,si,ZIP Code analysis Paris,eb520067286f,https://app.mode.com/editor/ecooltra706/reports/eb520067286f,Backup Lluís,Query 3,2022-12-14T15:39:12.349Z,1277,ecooltra706,no
EF_postgresql,18616,si,ZIP Code analysis Paris,eb520067286f,https://app.mode.com/editor/ecooltra706/reports/eb520067286f,Backup Lluís,Query 4,2022-12-14T15:39:12.349Z,1277,ecooltra706,no
EF_postgresql,18616,si,ZEUS tables,63b0c1e754fa,https://app.mode.com/editor/ecooltra706/reports/63b0c1e754fa,Backup Lluís,Query 7,2022-12-13T13:36:33.805Z,1278,ecooltra706,no
EF_postgresql,18616,si,User domains,b7ca853806e0,https://app.mode.com/editor/ecooltra706/reports/b7ca853806e0,Backup Lluís,Query 1,2022-12-02T10:18:26.733Z,1290,ecooltra706,no
EF_postgresql,18616,si,User domains,b7ca853806e0,https://app.mode.com/editor/ecooltra706/reports/b7ca853806e0,Backup Lluís,Query 2,2022-12-02T10:18:26.733Z,1290,ecooltra706,no
EF_postgresql,18616,si,Proves...,a2bf9a60903b,https://app.mode.com/editor/ecooltra706/reports/a2bf9a60903b,Backup Lluís,Query 19,2022-11-21T15:55:30.265Z,1300,ecooltra706,no
EF_postgresql,18616,si,Proves...,a2bf9a60903b,https://app.mode.com/editor/ecooltra706/reports/a2bf9a60903b,Backup Lluís,Query 17,2022-11-21T15:55:30.265Z,1300,ecooltra706,no
EF_postgresql,18616,si,Proves...,a2bf9a60903b,https://app.mode.com/editor/ecooltra706/reports/a2bf9a60903b,Backup Lluís,Query 6,2022-11-21T15:55:30.265Z,1300,ecooltra706,no
EF_postgresql,18616,si,Proves...,a2bf9a60903b,https://app.mode.com/editor/ecooltra706/reports/a2bf9a60903b,Backup Lluís,Query 3,2022-11-21T15:55:30.265Z,1300,ecooltra706,no
EF_postgresql,18616,si,Proves...,a2bf9a60903b,https://app.mode.com/editor/ecooltra706/reports/a2bf9a60903b,Backup Lluís,Query 2,2022-11-21T15:55:30.265Z,1300,ecooltra706,no
EF_postgresql,18616,si,Proves...,a2bf9a60903b,https://app.mode.com/editor/ecooltra706/reports/a2bf9a60903b,Backup Lluís,Query 15,2022-11-21T15:55:30.265Z,1300,ecooltra706,no
EF_postgresql,18616,si,Proves...,a2bf9a60903b,https://app.mode.com/editor/ecooltra706/reports/a2bf9a60903b,Backup Lluís,Query 18,2022-11-21T15:55:30.265Z,1300,ecooltra706,no
EF_postgresql,18616,si,Proves...,a2bf9a60903b,https://app.mode.com/editor/ecooltra706/reports/a2bf9a60903b,Backup Lluís,Query 25,2022-11-21T15:55:30.265Z,1300,ecooltra706,no
EF_postgresql,18616,si,Proves...,a2bf9a60903b,https://app.mode.com/editor/ecooltra706/reports/a2bf9a60903b,Backup Lluís,Query 26,2022-11-21T15:55:30.265Z,1300,ecooltra706,no
EF_postgresql,18616,si,Proves...,a2bf9a60903b,https://app.mode.com/editor/ecooltra706/reports/a2bf9a60903b,Backup Lluís,Query 16,2022-11-21T15:55:30.265Z,1300,ecooltra706,no
EF_postgresql,18616,si,Proves...,a2bf9a60903b,https://app.mode.com/editor/ecooltra706/reports/a2bf9a60903b,Backup Lluís,Query 5,2022-11-21T15:55:30.265Z,1300,ecooltra706,no
EF_postgresql,18616,si,Proves...,a2bf9a60903b,https://app.mode.com/editor/ecooltra706/reports/a2bf9a60903b,Backup Lluís,Query 9,2022-11-21T15:55:30.265Z,1300,ecooltra706,no
EF_postgresql,18616,si,Proves...,a2bf9a60903b,https://app.mode.com/editor/ecooltra706/reports/a2bf9a60903b,Backup Lluís,Query 10,2022-11-21T15:55:30.265Z,1300,ecooltra706,no
EF_postgresql,18616,si,Proves...,a2bf9a60903b,https://app.mode.com/editor/ecooltra706/reports/a2bf9a60903b,Backup Lluís,Query 13,2022-11-21T15:55:30.265Z,1300,ecooltra706,no
EF_postgresql,18616,si,Proves...,a2bf9a60903b,https://app.mode.com/editor/ecooltra706/reports/a2bf9a60903b,Backup Lluís,Query 20,2022-11-21T15:55:30.265Z,1300,ecooltra706,no
EF_postgresql,18616,si,Proves...,a2bf9a60903b,https://app.mode.com/editor/ecooltra706/reports/a2bf9a60903b,Backup Lluís,Query 21,2022-11-21T15:55:30.265Z,1300,ecooltra706,no
EF_postgresql,18616,si,[Fluctuo] Prediction of rentals in 2023 in all cities,b02662a37fea,https://app.mode.com/editor/ecooltra706/reports/b02662a37fea,Backup Lluís,04 BCN,2022-11-17T16:27:11.461Z,1304,ecooltra706,no
EF_postgresql,18616,si,[Fluctuo] Prediction of rentals in 2023 in all cities,b02662a37fea,https://app.mode.com/editor/ecooltra706/reports/b02662a37fea,Backup Lluís,03 Daily rentals,2022-11-17T16:27:11.461Z,1304,ecooltra706,no
EF_postgresql,18616,si,[Fluctuo] Prediction of rentals in 2023 in all cities,b02662a37fea,https://app.mode.com/editor/ecooltra706/reports/b02662a37fea,Backup Lluís,Query 6,2022-11-17T16:27:11.461Z,1304,ecooltra706,no
EF_postgresql,18616,si,Infractores BCN 2022-01-09,28ffeeec972a,https://app.mode.com/editor/ecooltra706/reports/28ffeeec972a,Backup Lluís,01 Data,2022-10-13T14:23:46.627Z,1339,ecooltra706,no
EF_postgresql,18616,si,Infractores BCN 2022-01-09,28ffeeec972a,https://app.mode.com/editor/ecooltra706/reports/28ffeeec972a,Backup Lluís,02 City center,2022-10-13T14:23:46.627Z,1339,ecooltra706,no
EF_postgresql,18616,si,Infractores BCN 2022-01-09,28ffeeec972a,https://app.mode.com/editor/ecooltra706/reports/28ffeeec972a,Backup Lluís,02 Table,2022-10-13T14:23:46.627Z,1339,ecooltra706,no
EF_postgresql,18616,si,Clone of Datos para Policía de Valencia,00e36d54f533,https://app.mode.com/editor/ecooltra706/reports/00e36d54f533,Backup Lluís,01 Data,2022-10-13T13:59:59.643Z,1339,ecooltra706,no
EF_postgresql,18616,si,Clone of Datos para Policía de Valencia,00e36d54f533,https://app.mode.com/editor/ecooltra706/reports/00e36d54f533,Backup Lluís,02 City center,2022-10-13T13:59:59.643Z,1339,ecooltra706,no
EF_postgresql,18616,si,Clone of Datos para Policía de Valencia,00e36d54f533,https://app.mode.com/editor/ecooltra706/reports/00e36d54f533,Backup Lluís,02 Table,2022-10-13T13:59:59.643Z,1339,ecooltra706,no
EF_postgresql,18616,si,[COHORT] Average Net Rental Revenue per returning rider (PG),4e76fe6e83d7,https://app.mode.com/editor/ecooltra706/reports/4e76fe6e83d7,Cohorts,Paris: Average net rental revenue per user by returning riders,2021-06-28T09:09:04.702Z,1812,ecooltra706,no
EF_postgresql,18616,si,[COHORT] Average Net Rental Revenue per returning rider (PG),4e76fe6e83d7,https://app.mode.com/editor/ecooltra706/reports/4e76fe6e83d7,Cohorts,All Cities: Average net rental revenue per user by returning riders,2021-06-28T09:09:04.702Z,1812,ecooltra706,no
EF_postgresql,18616,si,[COHORT] Average Net Rental Revenue per returning rider (PG),4e76fe6e83d7,https://app.mode.com/editor/ecooltra706/reports/4e76fe6e83d7,Cohorts,Barcelona: Average net rental revenue per user by returning riders,2021-06-28T09:09:04.702Z,1812,ecooltra706,no
EF_postgresql,18616,si,[COHORT] Average Net Rental Revenue per returning rider (PG),4e76fe6e83d7,https://app.mode.com/editor/ecooltra706/reports/4e76fe6e83d7,Cohorts,Lisbon: Average net rental revenue per user by returning riders,2021-06-28T09:09:04.702Z,1812,ecooltra706,no
EF_postgresql,18616,si,[COHORT] Average Net Rental Revenue per returning rider (PG),4e76fe6e83d7,https://app.mode.com/editor/ecooltra706/reports/4e76fe6e83d7,Cohorts,Madrid: Average net rental revenue per user by returning riders,2021-06-28T09:09:04.702Z,1812,ecooltra706,no
EF_postgresql,18616,si,[COHORT] Average Net Rental Revenue per returning rider (PG),4e76fe6e83d7,https://app.mode.com/editor/ecooltra706/reports/4e76fe6e83d7,Cohorts,Milan: Average net rental revenue per user by returning riders,2021-06-28T09:09:04.702Z,1812,ecooltra706,no
EF_postgresql,18616,si,[COHORT] Average Net Rental Revenue per returning rider (PG),4e76fe6e83d7,https://app.mode.com/editor/ecooltra706/reports/4e76fe6e83d7,Cohorts,Rome: Average net rental revenue per user by returning riders,2021-06-28T09:09:04.702Z,1812,ecooltra706,no
EF_postgresql,18616,si,[COHORT] Average Net Rental Revenue per returning rider (PG),4e76fe6e83d7,https://app.mode.com/editor/ecooltra706/reports/4e76fe6e83d7,Cohorts,Valencia: Average net rental revenue per user by returning riders,2021-06-28T09:09:04.702Z,1812,ecooltra706,no
EF_postgresql,18616,si,[COHORT] Average Net Rental Revenue per User Total Cohort (PG),415026f01e59,https://app.mode.com/editor/ecooltra706/reports/415026f01e59,Cohorts,All Cities: Average net rental revenue per user by total cohort,2021-06-28T09:06:44.420Z,1812,ecooltra706,no
EF_postgresql,18616,si,[COHORT] Average Net Rental Revenue per User Total Cohort (PG),415026f01e59,https://app.mode.com/editor/ecooltra706/reports/415026f01e59,Cohorts,Barcelona: Average net rental revenue per user by total cohort,2021-06-28T09:06:44.420Z,1812,ecooltra706,no
EF_postgresql,18616,si,[COHORT] Average Net Rental Revenue per User Total Cohort (PG),415026f01e59,https://app.mode.com/editor/ecooltra706/reports/415026f01e59,Cohorts,Lisbon: Average net rental revenue per user by total cohort,2021-06-28T09:06:44.420Z,1812,ecooltra706,no
EF_postgresql,18616,si,[COHORT] Average Net Rental Revenue per User Total Cohort (PG),415026f01e59,https://app.mode.com/editor/ecooltra706/reports/415026f01e59,Cohorts,Madrid: Average net rental revenue per user by total cohort,2021-06-28T09:06:44.420Z,1812,ecooltra706,no
EF_postgresql,18616,si,[COHORT] Average Net Rental Revenue per User Total Cohort (PG),415026f01e59,https://app.mode.com/editor/ecooltra706/reports/415026f01e59,Cohorts,Milan: Average net rental revenue per user by total cohort,2021-06-28T09:06:44.420Z,1812,ecooltra706,no
EF_postgresql,18616,si,[COHORT] Average Net Rental Revenue per User Total Cohort (PG),415026f01e59,https://app.mode.com/editor/ecooltra706/reports/415026f01e59,Cohorts,Rome: Average net rental revenue per user by total cohort,2021-06-28T09:06:44.420Z,1812,ecooltra706,no
EF_postgresql,18616,si,[COHORT] Average Net Rental Revenue per User Total Cohort (PG),415026f01e59,https://app.mode.com/editor/ecooltra706/reports/415026f01e59,Cohorts,Valencia: Average net rental revenue per user by total cohort,2021-06-28T09:06:44.420Z,1812,ecooltra706,no
EF_postgresql,18616,si,[COHORT] Average Net Rental Revenue per User Total Cohort (PG),415026f01e59,https://app.mode.com/editor/ecooltra706/reports/415026f01e59,Cohorts,Paris: Average net rental revenue per user by total cohort,2021-06-28T09:06:44.420Z,1812,ecooltra706,no
EF_postgresql,18616,si,[COHORT] Monthly Average Rentals by Returning Riders (PG),8bd4b475c651,https://app.mode.com/editor/ecooltra706/reports/8bd4b475c651,Cohorts,Barcelona: Average rentals per rider (by returning riders),2021-06-28T09:04:14.648Z,1812,ecooltra706,no
EF_postgresql,18616,si,[COHORT] Monthly Average Rentals by Returning Riders (PG),8bd4b475c651,https://app.mode.com/editor/ecooltra706/reports/8bd4b475c651,Cohorts,Lisbon: Average rentals per rider (by returning riders),2021-06-28T09:04:14.648Z,1812,ecooltra706,no
EF_postgresql,18616,si,[COHORT] Monthly Average Rentals by Returning Riders (PG),8bd4b475c651,https://app.mode.com/editor/ecooltra706/reports/8bd4b475c651,Cohorts,Madrid: Average rentals per rider (by returning riders),2021-06-28T09:04:14.648Z,1812,ecooltra706,no
EF_postgresql,18616,si,[COHORT] Monthly Average Rentals by Returning Riders (PG),8bd4b475c651,https://app.mode.com/editor/ecooltra706/reports/8bd4b475c651,Cohorts,Milan: Average rentals per rider (by returning riders),2021-06-28T09:04:14.648Z,1812,ecooltra706,no
EF_postgresql,18616,si,[COHORT] Monthly Average Rentals by Returning Riders (PG),8bd4b475c651,https://app.mode.com/editor/ecooltra706/reports/8bd4b475c651,Cohorts,All Cities: Average rentals per rider (by returning riders),2021-06-28T09:04:14.648Z,1812,ecooltra706,no
EF_postgresql,18616,si,[COHORT] Monthly Average Rentals by Returning Riders (PG),8bd4b475c651,https://app.mode.com/editor/ecooltra706/reports/8bd4b475c651,Cohorts,Rome: Average rentals per rider (by returning riders),2021-06-28T09:04:14.648Z,1812,ecooltra706,no
EF_postgresql,18616,si,[COHORT] Monthly Average Rentals by Returning Riders (PG),8bd4b475c651,https://app.mode.com/editor/ecooltra706/reports/8bd4b475c651,Cohorts,Valencia: Average rentals per rider (by returning riders),2021-06-28T09:04:14.648Z,1812,ecooltra706,no
EF_postgresql,18616,si,[COHORT] Monthly Average Rentals by Returning Riders (PG),8bd4b475c651,https://app.mode.com/editor/ecooltra706/reports/8bd4b475c651,Cohorts,Paris: Average rentals per rider (by returning riders),2021-06-28T09:04:14.648Z,1812,ecooltra706,no
EF_postgresql,18616,si,[COHORT] Monthly Average Rentals by Total Cohort (PG),d62631e43c62,https://app.mode.com/editor/ecooltra706/reports/d62631e43c62,Cohorts,All Cities: Average rentals per rider (by total cohort),2021-06-28T09:01:50.962Z,1812,ecooltra706,no
EF_postgresql,18616,si,[COHORT] Monthly Average Rentals by Total Cohort (PG),d62631e43c62,https://app.mode.com/editor/ecooltra706/reports/d62631e43c62,Cohorts,Barcelona: Average rentals per rider (by total cohort),2021-06-28T09:01:50.962Z,1812,ecooltra706,no
EF_postgresql,18616,si,[COHORT] Monthly Average Rentals by Total Cohort (PG),d62631e43c62,https://app.mode.com/editor/ecooltra706/reports/d62631e43c62,Cohorts,Lisbon: Average rentals per rider (by total cohort),2021-06-28T09:01:50.962Z,1812,ecooltra706,no
EF_postgresql,18616,si,[COHORT] Monthly Average Rentals by Total Cohort (PG),d62631e43c62,https://app.mode.com/editor/ecooltra706/reports/d62631e43c62,Cohorts,Madrid: Average rentals per rider (by total cohort),2021-06-28T09:01:50.962Z,1812,ecooltra706,no
EF_postgresql,18616,si,[COHORT] Monthly Average Rentals by Total Cohort (PG),d62631e43c62,https://app.mode.com/editor/ecooltra706/reports/d62631e43c62,Cohorts,Milan: Average rentals per rider (by total cohort),2021-06-28T09:01:50.962Z,1812,ecooltra706,no
EF_postgresql,18616,si,[COHORT] Monthly Average Rentals by Total Cohort (PG),d62631e43c62,https://app.mode.com/editor/ecooltra706/reports/d62631e43c62,Cohorts,Rome: Average rentals per rider (by total cohort),2021-06-28T09:01:50.962Z,1812,ecooltra706,no
EF_postgresql,18616,si,[COHORT] Monthly Average Rentals by Total Cohort (PG),d62631e43c62,https://app.mode.com/editor/ecooltra706/reports/d62631e43c62,Cohorts,Valencia: Average rentals per rider (by total cohort),2021-06-28T09:01:50.962Z,1812,ecooltra706,no
EF_postgresql,18616,si,[COHORT] Monthly Average Rentals by Total Cohort (PG),d62631e43c62,https://app.mode.com/editor/ecooltra706/reports/d62631e43c62,Cohorts,Paris: Average rentals per rider (by total cohort),2021-06-28T09:01:50.962Z,1812,ecooltra706,no
EF_postgresql,18616,si,[COHORT] Monthly Total Rentals (PG),94d88b2b3e7e,https://app.mode.com/editor/ecooltra706/reports/94d88b2b3e7e,Cohorts,All Cities: Customer rentals by cohort,2021-06-28T08:59:04.135Z,1812,ecooltra706,no
EF_postgresql,18616,si,[COHORT] Monthly Total Rentals (PG),94d88b2b3e7e,https://app.mode.com/editor/ecooltra706/reports/94d88b2b3e7e,Cohorts,Barcelona: Customer rentals by cohort,2021-06-28T08:59:04.135Z,1812,ecooltra706,no
EF_postgresql,18616,si,[COHORT] Monthly Total Rentals (PG),94d88b2b3e7e,https://app.mode.com/editor/ecooltra706/reports/94d88b2b3e7e,Cohorts,Lisbon: Customer rentals by cohort,2021-06-28T08:59:04.135Z,1812,ecooltra706,no
EF_postgresql,18616,si,[COHORT] Monthly Total Rentals (PG),94d88b2b3e7e,https://app.mode.com/editor/ecooltra706/reports/94d88b2b3e7e,Cohorts,Madrid: Customer rentals by cohort,2021-06-28T08:59:04.135Z,1812,ecooltra706,no
EF_postgresql,18616,si,[COHORT] Monthly Total Rentals (PG),94d88b2b3e7e,https://app.mode.com/editor/ecooltra706/reports/94d88b2b3e7e,Cohorts,Milan: Customer rentals by cohort,2021-06-28T08:59:04.135Z,1812,ecooltra706,no
EF_postgresql,18616,si,[COHORT] Monthly Total Rentals (PG),94d88b2b3e7e,https://app.mode.com/editor/ecooltra706/reports/94d88b2b3e7e,Cohorts,Rome: Customer rentals by cohort,2021-06-28T08:59:04.135Z,1812,ecooltra706,no
EF_postgresql,18616,si,[COHORT] Monthly Total Rentals (PG),94d88b2b3e7e,https://app.mode.com/editor/ecooltra706/reports/94d88b2b3e7e,Cohorts,Valencia: Customer rentals by cohort,2021-06-28T08:59:04.135Z,1812,ecooltra706,no
EF_postgresql,18616,si,[COHORT] Monthly Total Rentals (PG),94d88b2b3e7e,https://app.mode.com/editor/ecooltra706/reports/94d88b2b3e7e,Cohorts,Paris: Customer rentals by cohort,2021-06-28T08:59:04.135Z,1812,ecooltra706,no
EF_postgresql,18616,si,[COHORT] Net Rental Revenue Total (PG),401320be395b,https://app.mode.com/editor/ecooltra706/reports/401320be395b,Cohorts,All Cities: Customer net rental revenue by cohort,2021-06-28T08:56:15.865Z,1812,ecooltra706,no
EF_postgresql,18616,si,[COHORT] Net Rental Revenue Total (PG),401320be395b,https://app.mode.com/editor/ecooltra706/reports/401320be395b,Cohorts,Barcelona: Customer net rental revenue by cohort,2021-06-28T08:56:15.865Z,1812,ecooltra706,no
EF_postgresql,18616,si,[COHORT] Net Rental Revenue Total (PG),401320be395b,https://app.mode.com/editor/ecooltra706/reports/401320be395b,Cohorts,Lisbon: Customer net rental revenue by cohort,2021-06-28T08:56:15.865Z,1812,ecooltra706,no
EF_postgresql,18616,si,[COHORT] Net Rental Revenue Total (PG),401320be395b,https://app.mode.com/editor/ecooltra706/reports/401320be395b,Cohorts,Madrid: Customer net rental revenue by cohort,2021-06-28T08:56:15.865Z,1812,ecooltra706,no
EF_postgresql,18616,si,[COHORT] Net Rental Revenue Total (PG),401320be395b,https://app.mode.com/editor/ecooltra706/reports/401320be395b,Cohorts,Milan: Customer net rental revenue by cohort,2021-06-28T08:56:15.865Z,1812,ecooltra706,no
EF_postgresql,18616,si,[COHORT] Net Rental Revenue Total (PG),401320be395b,https://app.mode.com/editor/ecooltra706/reports/401320be395b,Cohorts,Rome: Customer net rental revenue by cohort,2021-06-28T08:56:15.865Z,1812,ecooltra706,no
EF_postgresql,18616,si,[COHORT] Net Rental Revenue Total (PG),401320be395b,https://app.mode.com/editor/ecooltra706/reports/401320be395b,Cohorts,Valencia: Customer net rental revenue by cohort,2021-06-28T08:56:15.865Z,1812,ecooltra706,no
EF_postgresql,18616,si,[COHORT] Net Rental Revenue Total (PG),401320be395b,https://app.mode.com/editor/ecooltra706/reports/401320be395b,Cohorts,Paris: Customer net rental revenue by cohort,2021-06-28T08:56:15.865Z,1812,ecooltra706,no
EF_postgresql,18616,si,[COHORT] Inverted Monthly Retention,271d06357ec4,https://app.mode.com/editor/ecooltra706/reports/271d06357ec4,Cohorts,All Cities: Monthly Retention,2022-05-09T15:52:41.563Z,1496,ecooltra706,no
EF_postgresql,18616,si,[COHORT] Inverted Monthly Retention,271d06357ec4,https://app.mode.com/editor/ecooltra706/reports/271d06357ec4,Cohorts,Barcelona: Monthly Retention,2022-05-09T15:52:41.563Z,1496,ecooltra706,no
EF_postgresql,18616,si,[COHORT] Inverted Monthly Retention,271d06357ec4,https://app.mode.com/editor/ecooltra706/reports/271d06357ec4,Cohorts,Lisbon: Monthly Retention,2022-05-09T15:52:41.563Z,1496,ecooltra706,no
EF_postgresql,18616,si,[COHORT] Inverted Monthly Retention,271d06357ec4,https://app.mode.com/editor/ecooltra706/reports/271d06357ec4,Cohorts,Madrid: Monthly Retention,2022-05-09T15:52:41.563Z,1496,ecooltra706,no
EF_postgresql,18616,si,[COHORT] Inverted Monthly Retention,271d06357ec4,https://app.mode.com/editor/ecooltra706/reports/271d06357ec4,Cohorts,Milan: Monthly Retention,2022-05-09T15:52:41.563Z,1496,ecooltra706,no
EF_postgresql,18616,si,[COHORT] Inverted Monthly Retention,271d06357ec4,https://app.mode.com/editor/ecooltra706/reports/271d06357ec4,Cohorts,Rome: Monthly Retention,2022-05-09T15:52:41.563Z,1496,ecooltra706,no
EF_postgresql,18616,si,[COHORT] Inverted Monthly Retention,271d06357ec4,https://app.mode.com/editor/ecooltra706/reports/271d06357ec4,Cohorts,Valencia: Monthly Retention,2022-05-09T15:52:41.563Z,1496,ecooltra706,no
EF_postgresql,18616,si,[COHORT] Inverted Monthly Retention,271d06357ec4,https://app.mode.com/editor/ecooltra706/reports/271d06357ec4,Cohorts,Query 8,2022-05-09T15:52:41.563Z,1496,ecooltra706,no
EF_postgresql,18616,si,[COHORT] Inverted Monthly Retention,271d06357ec4,https://app.mode.com/editor/ecooltra706/reports/271d06357ec4,Cohorts,Paris: Monthly Retention,2022-05-09T15:52:41.563Z,1496,ecooltra706,no
EF_postgresql,18616,si,[COHORT] Monthly Retention of Packers,880afce8c646,https://app.mode.com/editor/ecooltra706/reports/880afce8c646,Cohorts,All Cities: Monthly Retention,2021-06-28T08:50:29.070Z,1812,ecooltra706,no
EF_postgresql,18616,si,[COHORT] Monthly Retention of Packers,880afce8c646,https://app.mode.com/editor/ecooltra706/reports/880afce8c646,Cohorts,Barcelona: Monthly Retention,2021-06-28T08:50:29.070Z,1812,ecooltra706,no
EF_postgresql,18616,si,[COHORT] Monthly Retention of Packers,880afce8c646,https://app.mode.com/editor/ecooltra706/reports/880afce8c646,Cohorts,Lisbon: Monthly Retention,2021-06-28T08:50:29.070Z,1812,ecooltra706,no
EF_postgresql,18616,si,[COHORT] Monthly Retention of Packers,880afce8c646,https://app.mode.com/editor/ecooltra706/reports/880afce8c646,Cohorts,Madrid: Monthly Retention,2021-06-28T08:50:29.070Z,1812,ecooltra706,no
EF_postgresql,18616,si,[COHORT] Monthly Retention of Packers,880afce8c646,https://app.mode.com/editor/ecooltra706/reports/880afce8c646,Cohorts,Milan: Monthly Retention,2021-06-28T08:50:29.070Z,1812,ecooltra706,no
EF_postgresql,18616,si,[COHORT] Monthly Retention of Packers,880afce8c646,https://app.mode.com/editor/ecooltra706/reports/880afce8c646,Cohorts,Rome: Monthly Retention,2021-06-28T08:50:29.070Z,1812,ecooltra706,no
EF_postgresql,18616,si,[COHORT] Monthly Retention of Packers,880afce8c646,https://app.mode.com/editor/ecooltra706/reports/880afce8c646,Cohorts,Valencia: Monthly Retention,2021-06-28T08:50:29.070Z,1812,ecooltra706,no
EF_postgresql,18616,si,[COHORT] Monthly Retention of Packers,880afce8c646,https://app.mode.com/editor/ecooltra706/reports/880afce8c646,Cohorts,z_params,2021-06-28T08:50:29.070Z,1812,ecooltra706,no
EF_postgresql,18616,si,[COHORT] Monthly Retention of Packers,880afce8c646,https://app.mode.com/editor/ecooltra706/reports/880afce8c646,Cohorts,Query 10,2021-06-28T08:50:29.070Z,1812,ecooltra706,no
EF_postgresql,18616,si,[COHORT] Monthly Retention of Packers,880afce8c646,https://app.mode.com/editor/ecooltra706/reports/880afce8c646,Cohorts,All Cities: Monthly Retention 2,2021-06-28T08:50:29.070Z,1812,ecooltra706,no
EF_postgresql,18616,si,[COHORT] Monthly Retention of Packers,880afce8c646,https://app.mode.com/editor/ecooltra706/reports/880afce8c646,Cohorts,Barcelona: Monthly Retention 2,2021-06-28T08:50:29.070Z,1812,ecooltra706,no
EF_postgresql,18616,si,[COHORT] Monthly Retention of Packers,880afce8c646,https://app.mode.com/editor/ecooltra706/reports/880afce8c646,Cohorts,Lisbon: Monthly Retention 2,2021-06-28T08:50:29.070Z,1812,ecooltra706,no
EF_postgresql,18616,si,[COHORT] Monthly Retention of Packers,880afce8c646,https://app.mode.com/editor/ecooltra706/reports/880afce8c646,Cohorts,Madrid: Monthly Retention 2,2021-06-28T08:50:29.070Z,1812,ecooltra706,no
EF_postgresql,18616,si,[COHORT] Monthly Retention of Packers,880afce8c646,https://app.mode.com/editor/ecooltra706/reports/880afce8c646,Cohorts,Milan: Monthly Retention 2,2021-06-28T08:50:29.070Z,1812,ecooltra706,no
EF_postgresql,18616,si,[COHORT] Monthly Retention of Packers,880afce8c646,https://app.mode.com/editor/ecooltra706/reports/880afce8c646,Cohorts,Rome: Monthly Retention 2,2021-06-28T08:50:29.070Z,1812,ecooltra706,no
EF_postgresql,18616,si,[COHORT] Monthly Retention of Packers,880afce8c646,https://app.mode.com/editor/ecooltra706/reports/880afce8c646,Cohorts,Valencia: Monthly Retention 2,2021-06-28T08:50:29.070Z,1812,ecooltra706,no
EF_postgresql,18616,si,[COHORT] Monthly Retention of Packers,880afce8c646,https://app.mode.com/editor/ecooltra706/reports/880afce8c646,Cohorts,Paris: Monthly Retention,2021-06-28T08:50:29.070Z,1812,ecooltra706,no
EF_postgresql,18616,si,[COHORT] Monthly Retention of Packers,880afce8c646,https://app.mode.com/editor/ecooltra706/reports/880afce8c646,Cohorts,Paris: Monthly Retention 2,2021-06-28T08:50:29.070Z,1812,ecooltra706,no
EF_postgresql,18616,si,[COHORT] Monthly Retention (PG),46ac17436da7,https://app.mode.com/editor/ecooltra706/reports/46ac17436da7,Cohorts,All Cities: Monthly Retention,2022-03-03T15:57:56.391Z,1563,ecooltra706,no
EF_postgresql,18616,si,[COHORT] Monthly Retention (PG),46ac17436da7,https://app.mode.com/editor/ecooltra706/reports/46ac17436da7,Cohorts,Madrid: Monthly Retention,2022-03-03T15:57:56.391Z,1563,ecooltra706,no
EF_postgresql,18616,si,[COHORT] Monthly Retention (PG),46ac17436da7,https://app.mode.com/editor/ecooltra706/reports/46ac17436da7,Cohorts,Milan: Monthly Retention,2022-03-03T15:57:56.391Z,1563,ecooltra706,no
EF_postgresql,18616,si,[COHORT] Monthly Retention (PG),46ac17436da7,https://app.mode.com/editor/ecooltra706/reports/46ac17436da7,Cohorts,Rome: Monthly Retention,2022-03-03T15:57:56.391Z,1563,ecooltra706,no
EF_postgresql,18616,si,[COHORT] Monthly Retention (PG),46ac17436da7,https://app.mode.com/editor/ecooltra706/reports/46ac17436da7,Cohorts,Barcelona: Monthly Retention,2022-03-03T15:57:56.391Z,1563,ecooltra706,no
EF_postgresql,18616,si,[COHORT] Monthly Retention (PG),46ac17436da7,https://app.mode.com/editor/ecooltra706/reports/46ac17436da7,Cohorts,Valencia: Monthly Retention,2022-03-03T15:57:56.391Z,1563,ecooltra706,no
EF_postgresql,18616,si,[COHORT] Monthly Retention (PG),46ac17436da7,https://app.mode.com/editor/ecooltra706/reports/46ac17436da7,Cohorts,Lisbon: Monthly Retention (male),2022-03-03T15:57:56.391Z,1563,ecooltra706,no
EF_postgresql,18616,si,[COHORT] Monthly Retention (PG),46ac17436da7,https://app.mode.com/editor/ecooltra706/reports/46ac17436da7,Cohorts,Madrid: Monthly Retention (female),2022-03-03T15:57:56.391Z,1563,ecooltra706,no
EF_postgresql,18616,si,[COHORT] Monthly Retention (PG),46ac17436da7,https://app.mode.com/editor/ecooltra706/reports/46ac17436da7,Cohorts,Lisbon: Monthly Retention,2022-03-03T15:57:56.391Z,1563,ecooltra706,no
EF_postgresql,18616,si,[COHORT] Monthly Retention (PG),46ac17436da7,https://app.mode.com/editor/ecooltra706/reports/46ac17436da7,Cohorts,Rome: Monthly Retention (male),2022-03-03T15:57:56.391Z,1563,ecooltra706,no
EF_postgresql,18616,si,[COHORT] Monthly Retention (PG),46ac17436da7,https://app.mode.com/editor/ecooltra706/reports/46ac17436da7,Cohorts,Barcelona: Monthly Retention (female),2022-03-03T15:57:56.391Z,1563,ecooltra706,no
EF_postgresql,18616,si,[COHORT] Monthly Retention (PG),46ac17436da7,https://app.mode.com/editor/ecooltra706/reports/46ac17436da7,Cohorts,Barcelona: Monthly Retention (male),2022-03-03T15:57:56.391Z,1563,ecooltra706,no
EF_postgresql,18616,si,[COHORT] Monthly Retention (PG),46ac17436da7,https://app.mode.com/editor/ecooltra706/reports/46ac17436da7,Cohorts,Lisbon: Monthly Retention (female),2022-03-03T15:57:56.391Z,1563,ecooltra706,no
EF_postgresql,18616,si,[COHORT] Monthly Retention (PG),46ac17436da7,https://app.mode.com/editor/ecooltra706/reports/46ac17436da7,Cohorts,Madrid: Monthly Retention (male),2022-03-03T15:57:56.391Z,1563,ecooltra706,no
EF_postgresql,18616,si,[COHORT] Monthly Retention (PG),46ac17436da7,https://app.mode.com/editor/ecooltra706/reports/46ac17436da7,Cohorts,Milan: Monthly Retention (female),2022-03-03T15:57:56.391Z,1563,ecooltra706,no
EF_postgresql,18616,si,[COHORT] Monthly Retention (PG),46ac17436da7,https://app.mode.com/editor/ecooltra706/reports/46ac17436da7,Cohorts,Milan: Monthly Retention (male),2022-03-03T15:57:56.391Z,1563,ecooltra706,no
EF_postgresql,18616,si,[COHORT] Monthly Retention (PG),46ac17436da7,https://app.mode.com/editor/ecooltra706/reports/46ac17436da7,Cohorts,Rome: Monthly Retention (female),2022-03-03T15:57:56.391Z,1563,ecooltra706,no
EF_postgresql,18616,si,[COHORT] Monthly Retention (PG),46ac17436da7,https://app.mode.com/editor/ecooltra706/reports/46ac17436da7,Cohorts,Valencia: Monthly Retention (female),2022-03-03T15:57:56.391Z,1563,ecooltra706,no
EF_postgresql,18616,si,[COHORT] Monthly Retention (PG),46ac17436da7,https://app.mode.com/editor/ecooltra706/reports/46ac17436da7,Cohorts,Valencia: Monthly Retention (male),2022-03-03T15:57:56.391Z,1563,ecooltra706,no
EF_postgresql,18616,si,[COHORT] Monthly Retention (PG),46ac17436da7,https://app.mode.com/editor/ecooltra706/reports/46ac17436da7,Cohorts,All Cities: Monthly Retention (female),2022-03-03T15:57:56.391Z,1563,ecooltra706,no
EF_postgresql,18616,si,[COHORT] Monthly Retention (PG),46ac17436da7,https://app.mode.com/editor/ecooltra706/reports/46ac17436da7,Cohorts,All Cities: Monthly Retention (male),2022-03-03T15:57:56.391Z,1563,ecooltra706,no
EF_postgresql,18616,si,[COHORT] Monthly Retention (PG),46ac17436da7,https://app.mode.com/editor/ecooltra706/reports/46ac17436da7,Cohorts,Paris: Monthly Retention,2022-03-03T15:57:56.391Z,1563,ecooltra706,no
EF_postgresql,18616,si,[COHORT] Monthly Retention (PG),46ac17436da7,https://app.mode.com/editor/ecooltra706/reports/46ac17436da7,Cohorts,Paris: Monthly Retention (female),2022-03-03T15:57:56.391Z,1563,ecooltra706,no
EF_postgresql,18616,si,[COHORT] Monthly Retention (PG),46ac17436da7,https://app.mode.com/editor/ecooltra706/reports/46ac17436da7,Cohorts,Paris: Monthly Retention (male),2022-03-03T15:57:56.391Z,1563,ecooltra706,no
EF_postgresql,18616,si,[COHORT] Monthly Retention (PG) without BCN - Retention bonus,38df2228f1a9,https://app.mode.com/editor/ecooltra706/reports/38df2228f1a9,Cohorts,Monthly Retention,2020-03-05T16:09:28.754Z,2291,ecooltra706,no
EF_postgresql,18616,si,[COHORT] Monthly Retention (PG) without BCN - Retention bonus,38df2228f1a9,https://app.mode.com/editor/ecooltra706/reports/38df2228f1a9,Cohorts,Monthly Retention - corrected,2020-03-05T16:09:28.754Z,2291,ecooltra706,no
EF_postgresql,18616,si,Specific Retention Campaigns using credit_title or promo_code,d6cdc57fb25d,https://app.mode.com/editor/ecooltra706/reports/d6cdc57fb25d,Cohorts,02 Users with dormants,2021-03-25T14:23:27.166Z,1906,ecooltra706,no
EF_postgresql,18616,si,Specific Retention Campaigns using credit_title or promo_code,d6cdc57fb25d,https://app.mode.com/editor/ecooltra706/reports/d6cdc57fb25d,Cohorts,z params,2021-03-25T14:23:27.166Z,1906,ecooltra706,no
EF_postgresql,18616,si,Specific Retention Campaigns using credit_title or promo_code,d6cdc57fb25d,https://app.mode.com/editor/ecooltra706/reports/d6cdc57fb25d,Cohorts,01 Users without dormants,2021-03-25T14:23:27.166Z,1906,ecooltra706,no
EF_postgresql,18616,si,Monthly Retention for dormants,aa3e9899eb30,https://app.mode.com/editor/ecooltra706/reports/aa3e9899eb30,Cohorts,02 Users with dormants,2020-02-13T09:25:47.380Z,2313,ecooltra706,no
EF_postgresql,18616,si,Monthly Retention for dormants,aa3e9899eb30,https://app.mode.com/editor/ecooltra706/reports/aa3e9899eb30,Cohorts,01 Users without dormants,2020-02-13T09:25:47.380Z,2313,ecooltra706,no
EF_postgresql,18616,si,Monthly Retention for dormants,aa3e9899eb30,https://app.mode.com/editor/ecooltra706/reports/aa3e9899eb30,Cohorts,Query 4,2020-02-13T09:25:47.380Z,2313,ecooltra706,no
EF_postgresql,18616,si,Rentals before fines,65bd314d28e4,https://app.mode.com/editor/ecooltra706/reports/65bd314d28e4,DATA,01 Data,2024-03-26T09:48:57.465Z,810,ecooltra706,no
EF_postgresql,18616,si,Rentals before fines,65bd314d28e4,https://app.mode.com/editor/ecooltra706/reports/65bd314d28e4,DATA,z_params,2024-03-26T09:48:57.465Z,810,ecooltra706,no
EF_postgresql,18616,si,Rentals before fines,65bd314d28e4,https://app.mode.com/editor/ecooltra706/reports/65bd314d28e4,DATA,01.2 Data v2,2024-03-26T09:48:57.465Z,810,ecooltra706,no
EF_postgresql,18616,si,Rentals before fines,65bd314d28e4,https://app.mode.com/editor/ecooltra706/reports/65bd314d28e4,DATA,00 bis,2024-03-26T09:48:57.465Z,810,ecooltra706,no
EF_postgresql,18616,si,Rentals before fines,65bd314d28e4,https://app.mode.com/editor/ecooltra706/reports/65bd314d28e4,DATA,00,2024-03-26T09:48:57.465Z,810,ecooltra706,no
EF_postgresql,18616,si,Clone of Riders por rango de edad y ciudades,47500bcf1d9b,https://app.mode.com/editor/ecooltra706/reports/47500bcf1d9b,DATA,z_params,2022-11-17T14:15:19.330Z,1304,ecooltra706,no
EF_postgresql,18616,si,Clone of Análisis de usuarios,e3e08504402b,https://app.mode.com/editor/ecooltra706/reports/e3e08504402b,DATA,07 Total Spent Monthly,2022-11-17T11:45:58.648Z,1305,ecooltra706,no
EF_postgresql,18616,si,[Firebase] Events,3fb32b48c8f2,https://app.mode.com/editor/ecooltra706/reports/3fb32b48c8f2,DATA,Query 4,2022-04-22T07:38:10.525Z,1514,ecooltra706,no
EF_postgresql,18616,si,Datos para IESE,7f85c3993da4,https://app.mode.com/editor/ecooltra706/reports/7f85c3993da4,DATA,04 Reservations,2022-07-21T12:12:23.176Z,1424,ecooltra706,no
EF_postgresql,18616,si,Datos para IESE,7f85c3993da4,https://app.mode.com/editor/ecooltra706/reports/7f85c3993da4,DATA,05 App opens,2022-07-21T12:12:23.176Z,1424,ecooltra706,no
EF_postgresql,18616,si,Datos para IESE,7f85c3993da4,https://app.mode.com/editor/ecooltra706/reports/7f85c3993da4,DATA,01 Muestra inicial 2022-04-01,2022-07-21T12:12:23.176Z,1424,ecooltra706,no
EF_postgresql,18616,si,Datos para IESE,7f85c3993da4,https://app.mode.com/editor/ecooltra706/reports/7f85c3993da4,DATA,02 Por meses y por ciudad,2022-07-21T12:12:23.176Z,1424,ecooltra706,no
EF_postgresql,18616,si,Datos para IESE,7f85c3993da4,https://app.mode.com/editor/ecooltra706/reports/7f85c3993da4,DATA,03 Rentals,2022-07-21T12:12:23.176Z,1424,ecooltra706,no
EF_postgresql,18616,si,Datos para IESE,7f85c3993da4,https://app.mode.com/editor/ecooltra706/reports/7f85c3993da4,DATA,Query 3,2022-07-21T12:12:23.176Z,1424,ecooltra706,no
EF_postgresql,18616,si,Pruebas para detectar vehículos con vehicle_kind_name = null,7c6048a94054,https://app.mode.com/editor/ecooltra706/reports/7c6048a94054,DATA,Query 1,2021-11-08T08:41:10.002Z,1679,ecooltra706,no
EF_postgresql,18616,si,Pruebas para detectar vehículos con vehicle_kind_name = null,7c6048a94054,https://app.mode.com/editor/ecooltra706/reports/7c6048a94054,DATA,Query 2,2021-11-08T08:41:10.002Z,1679,ecooltra706,no
EF_postgresql,18616,si,Pruebas para detectar vehículos con vehicle_kind_name = null,7c6048a94054,https://app.mode.com/editor/ecooltra706/reports/7c6048a94054,DATA,Query 3,2021-11-08T08:41:10.002Z,1679,ecooltra706,no
EF_postgresql,18616,si,Info para unpaid en Lisboa en octubre 2021,a5c407fa0a6b,https://app.mode.com/editor/ecooltra706/reports/a5c407fa0a6b,DATA,Query 1,2021-11-03T17:40:00.714Z,1683,ecooltra706,no
EF_postgresql,18616,si,Info para unpaid en Lisboa en octubre 2021,a5c407fa0a6b,https://app.mode.com/editor/ecooltra706/reports/a5c407fa0a6b,DATA,Query 2,2021-11-03T17:40:00.714Z,1683,ecooltra706,no
EF_postgresql,18616,si,_NOW_ promocode report (copy),ade45a770a6a,https://app.mode.com/editor/ecooltra706/reports/ade45a770a6a,DATA,a) Funnel,2019-10-25T00:44:35.045Z,2424,ecooltra706,no
EF_postgresql,18616,si,_NOW_ promocode report (copy),ade45a770a6a,https://app.mode.com/editor/ecooltra706/reports/ade45a770a6a,DATA,a.1) Funnel Iniciats,2019-10-25T00:44:35.045Z,2424,ecooltra706,no
EF_postgresql,18616,si,_NOW_ promocode report (copy),ade45a770a6a,https://app.mode.com/editor/ecooltra706/reports/ade45a770a6a,DATA,a.2) Funnel Activats,2019-10-25T00:44:35.045Z,2424,ecooltra706,no
EF_postgresql,18616,si,_NOW_ promocode report (copy),ade45a770a6a,https://app.mode.com/editor/ecooltra706/reports/ade45a770a6a,DATA,a.3) Funnel Riders,2019-10-25T00:44:35.045Z,2424,ecooltra706,no
EF_postgresql,18616,si,_NOW_ promocode report (copy),ade45a770a6a,https://app.mode.com/editor/ecooltra706/reports/ade45a770a6a,DATA,b) Invoiced,2019-10-25T00:44:35.045Z,2424,ecooltra706,no
EF_postgresql,18616,si,_NOW_ promocode report (copy),ade45a770a6a,https://app.mode.com/editor/ecooltra706/reports/ade45a770a6a,DATA,c) Cobrado,2019-10-25T00:44:35.045Z,2424,ecooltra706,no
EF_postgresql,18616,si,_NOW_ promocode report (copy),ade45a770a6a,https://app.mode.com/editor/ecooltra706/reports/ade45a770a6a,DATA,d) User data,2019-10-25T00:44:35.045Z,2424,ecooltra706,no
EF_postgresql,18616,si,_NOW_ promocode report (copy),ade45a770a6a,https://app.mode.com/editor/ecooltra706/reports/ade45a770a6a,DATA,d2) User data,2019-10-25T00:44:35.045Z,2424,ecooltra706,no
EF_postgresql,18616,si,_NOW_ promocode report (copy),ade45a770a6a,https://app.mode.com/editor/ecooltra706/reports/ade45a770a6a,DATA,e) Activated users,2019-10-25T00:44:35.045Z,2424,ecooltra706,no
EF_postgresql,18616,si,_NOW_ promocode report (copy),ade45a770a6a,https://app.mode.com/editor/ecooltra706/reports/ade45a770a6a,DATA,e2) Initiated registers data,2019-10-25T00:44:35.045Z,2424,ecooltra706,no
EF_postgresql,18616,si,_NOW_ promocode report (copy),ade45a770a6a,https://app.mode.com/editor/ecooltra706/reports/ade45a770a6a,DATA,Query 13,2019-10-25T00:44:35.045Z,2424,ecooltra706,no
EF_postgresql,18616,si,_NOW_ promocode report (copy),ade45a770a6a,https://app.mode.com/editor/ecooltra706/reports/ade45a770a6a,DATA,f) Initiated and activated,2019-10-25T00:44:35.045Z,2424,ecooltra706,no
EF_postgresql,18616,si,_NOW_ promocode report (copy),ade45a770a6a,https://app.mode.com/editor/ecooltra706/reports/ade45a770a6a,DATA,Timestamp,2019-10-25T00:44:35.045Z,2424,ecooltra706,no
EF_postgresql,18616,si,_IMAGIN_ promocode report (copy),a07bd09ddbee,https://app.mode.com/editor/ecooltra706/reports/a07bd09ddbee,DATA,a.1) Funnel Iniciats,2023-01-11T05:01:14.149Z,1250,ecooltra706,no
EF_postgresql,18616,si,_IMAGIN_ promocode report (copy),a07bd09ddbee,https://app.mode.com/editor/ecooltra706/reports/a07bd09ddbee,DATA,a.2) Funnel Activats,2023-01-11T05:01:14.149Z,1250,ecooltra706,no
EF_postgresql,18616,si,_IMAGIN_ promocode report (copy),a07bd09ddbee,https://app.mode.com/editor/ecooltra706/reports/a07bd09ddbee,DATA,a.3) Funnel Riders,2023-01-11T05:01:14.149Z,1250,ecooltra706,no
EF_postgresql,18616,si,_IMAGIN_ promocode report (copy),a07bd09ddbee,https://app.mode.com/editor/ecooltra706/reports/a07bd09ddbee,DATA,c) Cobrado,2023-01-11T05:01:14.149Z,1250,ecooltra706,no
EF_postgresql,18616,si,_IMAGIN_ promocode report (copy),a07bd09ddbee,https://app.mode.com/editor/ecooltra706/reports/a07bd09ddbee,DATA,d2) User data,2023-01-11T05:01:14.149Z,1250,ecooltra706,no
EF_postgresql,18616,si,_IMAGIN_ promocode report (copy),a07bd09ddbee,https://app.mode.com/editor/ecooltra706/reports/a07bd09ddbee,DATA,e) Activated users,2023-01-11T05:01:14.149Z,1250,ecooltra706,no
EF_postgresql,18616,si,_IMAGIN_ promocode report (copy),a07bd09ddbee,https://app.mode.com/editor/ecooltra706/reports/a07bd09ddbee,DATA,Timestamp,2023-01-11T05:01:14.149Z,1250,ecooltra706,no
EF_postgresql,18616,si,_IMAGIN_ promocode report (copy),a07bd09ddbee,https://app.mode.com/editor/ecooltra706/reports/a07bd09ddbee,DATA,a) Funnel,2023-01-11T05:01:14.149Z,1250,ecooltra706,no
EF_postgresql,18616,si,_IMAGIN_ promocode report (copy),a07bd09ddbee,https://app.mode.com/editor/ecooltra706/reports/a07bd09ddbee,DATA,d) User data,2023-01-11T05:01:14.149Z,1250,ecooltra706,no
EF_postgresql,18616,si,_IMAGIN_ promocode report (copy),a07bd09ddbee,https://app.mode.com/editor/ecooltra706/reports/a07bd09ddbee,DATA,e2) Initiated registers data,2023-01-11T05:01:14.149Z,1250,ecooltra706,no
EF_postgresql,18616,si,_IMAGIN_ promocode report (copy),a07bd09ddbee,https://app.mode.com/editor/ecooltra706/reports/a07bd09ddbee,DATA,b) Invoiced,2023-01-11T05:01:14.149Z,1250,ecooltra706,no
EF_postgresql,18616,si,_IMAGIN_ promocode report (copy),a07bd09ddbee,https://app.mode.com/editor/ecooltra706/reports/a07bd09ddbee,DATA,e2) Initiated registers data (current month),2023-01-11T05:01:14.149Z,1250,ecooltra706,no
EF_postgresql,18616,si,Main KPIs,d5aa02326edd,https://app.mode.com/editor/ecooltra706/reports/d5aa02326edd,DATA,z_params,2020-03-03T10:04:15.545Z,2294,ecooltra706,no
EF_postgresql,18616,si,Main KPIs,d5aa02326edd,https://app.mode.com/editor/ecooltra706/reports/d5aa02326edd,DATA,01 AVAILABILITY = operational_vehicles / total_fleet,2020-03-03T10:04:15.545Z,2294,ecooltra706,no
EF_postgresql,18616,si,Main KPIs,d5aa02326edd,https://app.mode.com/editor/ecooltra706/reports/d5aa02326edd,DATA,02 DAILY ROTATION = weekly_rentals / (7 * total_fleet),2020-03-03T10:04:15.545Z,2294,ecooltra706,no
EF_postgresql,18616,si,Main KPIs,d5aa02326edd,https://app.mode.com/editor/ecooltra706/reports/d5aa02326edd,DATA,03 VEHICLES USED = vehicles_at_least_used_once / total_fleet,2020-03-03T10:04:15.545Z,2294,ecooltra706,no
EF_postgresql,18616,si,Main KPIs,d5aa02326edd,https://app.mode.com/editor/ecooltra706/reports/d5aa02326edd,DATA,05 KMS PER SWAP = total_kms_rented / total_verified_swaps,2020-03-03T10:04:15.545Z,2294,ecooltra706,no
EF_postgresql,18616,si,Main KPIs,d5aa02326edd,https://app.mode.com/editor/ecooltra706/reports/d5aa02326edd,DATA,04 OCCUPANCY = total_rented_minutes / (7 * total_fleet),2020-03-03T10:04:15.545Z,2294,ecooltra706,no
EF_postgresql,18616,si,Main KPIs,d5aa02326edd,https://app.mode.com/editor/ecooltra706/reports/d5aa02326edd,DATA,07 KMS PER TEAM = total_kms_rented / total_operative_team,2020-03-03T10:04:15.545Z,2294,ecooltra706,no
EF_postgresql,18616,si,Main KPIs,d5aa02326edd,https://app.mode.com/editor/ecooltra706/reports/d5aa02326edd,DATA,08 - REAL PRICE PER MINUTE,2020-03-03T10:04:15.545Z,2294,ecooltra706,no
EF_postgresql,18616,si,Main KPIs,d5aa02326edd,https://app.mode.com/editor/ecooltra706/reports/d5aa02326edd,DATA,09-10 AVG DISTANCE & DURATION PER RENTAL,2020-03-03T10:04:15.545Z,2294,ecooltra706,no
EF_postgresql,18616,si,OPS - KMs dels rentals,686525108d4d,https://app.mode.com/editor/ecooltra706/reports/686525108d4d,DATA,02 Data del mes anterior,2020-10-08T10:45:19.491Z,2075,ecooltra706,no
EF_postgresql,18616,si,OPS - KMs dels rentals,686525108d4d,https://app.mode.com/editor/ecooltra706/reports/686525108d4d,DATA,Query 3,2020-10-08T10:45:19.491Z,2075,ecooltra706,no
EF_postgresql,18616,si,OPS - KMs dels rentals,686525108d4d,https://app.mode.com/editor/ecooltra706/reports/686525108d4d,DATA,01 Data,2020-10-08T10:45:19.491Z,2075,ecooltra706,no
EF_postgresql,18616,si,OPS - KMs dels rentals,686525108d4d,https://app.mode.com/editor/ecooltra706/reports/686525108d4d,DATA,Rentals in former month,2020-10-08T10:45:19.491Z,2075,ecooltra706,no
EF_postgresql,18616,si,OPS - KMs dels rentals,686525108d4d,https://app.mode.com/editor/ecooltra706/reports/686525108d4d,DATA,Query 4,2020-10-08T10:45:19.491Z,2075,ecooltra706,no
EF_postgresql,18616,si,OPS - KMs dels rentals,686525108d4d,https://app.mode.com/editor/ecooltra706/reports/686525108d4d,DATA,Query 5,2020-10-08T10:45:19.491Z,2075,ecooltra706,no
EF_postgresql,18616,si,Locations KPIs,30aa664d4f25,https://app.mode.com/editor/ecooltra706/reports/30aa664d4f25,DATA,Locations,2019-07-30T11:27:37.528Z,2511,ecooltra706,no
EF_postgresql,18616,si,Locations KPIs,30aa664d4f25,https://app.mode.com/editor/ecooltra706/reports/30aa664d4f25,DATA,z_params,2019-07-30T11:27:37.528Z,2511,ecooltra706,no
EF_postgresql,18616,si,Locations KPIs,30aa664d4f25,https://app.mode.com/editor/ecooltra706/reports/30aa664d4f25,DATA,Query 6,2019-07-30T11:27:37.528Z,2511,ecooltra706,no
EF_postgresql,18616,si,Locations KPIs,30aa664d4f25,https://app.mode.com/editor/ecooltra706/reports/30aa664d4f25,DATA,Query 7,2019-07-30T11:27:37.528Z,2511,ecooltra706,no
EF_postgresql,18616,si,Locations KPIs,30aa664d4f25,https://app.mode.com/editor/ecooltra706/reports/30aa664d4f25,DATA,Query 8,2019-07-30T11:27:37.528Z,2511,ecooltra706,no
EF_postgresql,18616,si,Locations KPIs,30aa664d4f25,https://app.mode.com/editor/ecooltra706/reports/30aa664d4f25,DATA,Query 9,2019-07-30T11:27:37.528Z,2511,ecooltra706,no
EF_postgresql,18616,si,Workshop KPIs,627d9bf3ba80,https://app.mode.com/editor/ecooltra706/reports/627d9bf3ba80,DATA,Query 13,2020-02-12T09:43:47.749Z,2314,ecooltra706,no
EF_postgresql,18616,si,Workshop KPIs,627d9bf3ba80,https://app.mode.com/editor/ecooltra706/reports/627d9bf3ba80,DATA,blocked,2020-02-12T09:43:47.749Z,2314,ecooltra706,no
EF_postgresql,18616,si,Workshop KPIs,627d9bf3ba80,https://app.mode.com/editor/ecooltra706/reports/627d9bf3ba80,DATA,01 - Fleet unavailability - Only locations,2020-02-12T09:43:47.749Z,2314,ecooltra706,no
EF_postgresql,18616,si,Workshop KPIs,627d9bf3ba80,https://app.mode.com/editor/ecooltra706/reports/627d9bf3ba80,DATA,01 - Fleet unavailability - Only blocked,2020-02-12T09:43:47.749Z,2314,ecooltra706,no
EF_postgresql,18616,si,Workshop KPIs,627d9bf3ba80,https://app.mode.com/editor/ecooltra706/reports/627d9bf3ba80,DATA,04 - Incidences Efficiency,2020-02-12T09:43:47.749Z,2314,ecooltra706,no
EF_postgresql,18616,si,Workshop KPIs,627d9bf3ba80,https://app.mode.com/editor/ecooltra706/reports/627d9bf3ba80,DATA,08 - Workshop team per km,2020-02-12T09:43:47.749Z,2314,ecooltra706,no
EF_postgresql,18616,si,Workshop KPIs,627d9bf3ba80,https://app.mode.com/editor/ecooltra706/reports/627d9bf3ba80,DATA,Operators,2020-02-12T09:43:47.749Z,2314,ecooltra706,no
EF_postgresql,18616,si,Workshop KPIs,627d9bf3ba80,https://app.mode.com/editor/ecooltra706/reports/627d9bf3ba80,DATA,07 - Jockey's performance,2020-02-12T09:43:47.749Z,2314,ecooltra706,no
EF_postgresql,18616,si,Workshop KPIs,627d9bf3ba80,https://app.mode.com/editor/ecooltra706/reports/627d9bf3ba80,DATA,05 - Mechanic's performance,2020-02-12T09:43:47.749Z,2314,ecooltra706,no
EF_postgresql,18616,si,Workshop KPIs,627d9bf3ba80,https://app.mode.com/editor/ecooltra706/reports/627d9bf3ba80,DATA,03 - Unserviced scooters,2020-02-12T09:43:47.749Z,2314,ecooltra706,no
EF_postgresql,18616,si,Workshop KPIs,627d9bf3ba80,https://app.mode.com/editor/ecooltra706/reports/627d9bf3ba80,DATA,01 - Fleet unavailability,2020-02-12T09:43:47.749Z,2314,ecooltra706,no
EF_postgresql,18616,si,Workshop KPIs,627d9bf3ba80,https://app.mode.com/editor/ecooltra706/reports/627d9bf3ba80,DATA,z_params,2020-02-12T09:43:47.749Z,2314,ecooltra706,no
EF_postgresql,18616,si,Workshop KPIs,627d9bf3ba80,https://app.mode.com/editor/ecooltra706/reports/627d9bf3ba80,DATA,02 - Avg unavailability time,2020-02-12T09:43:47.749Z,2314,ecooltra706,no
EF_postgresql,18616,si,Workshop KPIs,627d9bf3ba80,https://app.mode.com/editor/ecooltra706/reports/627d9bf3ba80,DATA,location,2020-02-12T09:43:47.749Z,2314,ecooltra706,no
EF_postgresql,18616,si,Workshop KPIs,627d9bf3ba80,https://app.mode.com/editor/ecooltra706/reports/627d9bf3ba80,DATA,09 Blocking tasks,2020-02-12T09:43:47.749Z,2314,ecooltra706,no
EF_postgresql,18616,si,Workshop KPIs,627d9bf3ba80,https://app.mode.com/editor/ecooltra706/reports/627d9bf3ba80,DATA,10 Total scooters blocked,2020-02-12T09:43:47.749Z,2314,ecooltra706,no
EF_postgresql,18616,si,Workshop KPIs,627d9bf3ba80,https://app.mode.com/editor/ecooltra706/reports/627d9bf3ba80,DATA,Query 18,2020-02-12T09:43:47.749Z,2314,ecooltra706,no
EF_postgresql,18616,si,Workshop KPIs,627d9bf3ba80,https://app.mode.com/editor/ecooltra706/reports/627d9bf3ba80,DATA,Query 19,2020-02-12T09:43:47.749Z,2314,ecooltra706,no
EF_postgresql,18616,si,Workshop KPIs,627d9bf3ba80,https://app.mode.com/editor/ecooltra706/reports/627d9bf3ba80,DATA,11 Minutes in Pending Spare Parts,2020-02-12T09:43:47.749Z,2314,ecooltra706,no
EF_postgresql,18616,si,Workshop KPIs,627d9bf3ba80,https://app.mode.com/editor/ecooltra706/reports/627d9bf3ba80,DATA,Query 21,2020-02-12T09:43:47.749Z,2314,ecooltra706,no
EF_postgresql,18616,si,Workshop KPIs,627d9bf3ba80,https://app.mode.com/editor/ecooltra706/reports/627d9bf3ba80,DATA,Query 22,2020-02-12T09:43:47.749Z,2314,ecooltra706,no
EF_postgresql,18616,si,Workshop KPIs,627d9bf3ba80,https://app.mode.com/editor/ecooltra706/reports/627d9bf3ba80,DATA,Query 23,2020-02-12T09:43:47.749Z,2314,ecooltra706,no
EF_postgresql,18616,si,Workshop KPIs,627d9bf3ba80,https://app.mode.com/editor/ecooltra706/reports/627d9bf3ba80,DATA,Query 24,2020-02-12T09:43:47.749Z,2314,ecooltra706,no
EF_postgresql,18616,si,Workshop KPIs,627d9bf3ba80,https://app.mode.com/editor/ecooltra706/reports/627d9bf3ba80,DATA,06 - Recolector's performance,2020-02-12T09:43:47.749Z,2314,ecooltra706,no
EF_postgresql,18616,si,Swapping KPIs,5a9f5808f86c,https://app.mode.com/editor/ecooltra706/reports/5a9f5808f86c,DATA,05 ++Avg energy added per swap,2020-02-07T12:30:26.896Z,2319,ecooltra706,no
EF_postgresql,18616,si,Swapping KPIs,5a9f5808f86c,https://app.mode.com/editor/ecooltra706/reports/5a9f5808f86c,DATA,10 ++Minutes rented per swap,2020-02-07T12:30:26.896Z,2319,ecooltra706,no
EF_postgresql,18616,si,Swapping KPIs,5a9f5808f86c,https://app.mode.com/editor/ecooltra706/reports/5a9f5808f86c,DATA,07 ++Avg time per swap,2020-02-07T12:30:26.896Z,2319,ecooltra706,no
EF_postgresql,18616,si,Swapping KPIs,5a9f5808f86c,https://app.mode.com/editor/ecooltra706/reports/5a9f5808f86c,DATA,06 ++Avg swaps per shift,2020-02-07T12:30:26.896Z,2319,ecooltra706,no
EF_postgresql,18616,si,Swapping KPIs,5a9f5808f86c,https://app.mode.com/editor/ecooltra706/reports/5a9f5808f86c,DATA,09 ++Kms rented per team,2020-02-07T12:30:26.896Z,2319,ecooltra706,no
EF_postgresql,18616,si,Swapping KPIs,5a9f5808f86c,https://app.mode.com/editor/ecooltra706/reports/5a9f5808f86c,DATA,z_params,2020-02-07T12:30:26.896Z,2319,ecooltra706,no
EF_postgresql,18616,si,Swapping KPIs,5a9f5808f86c,https://app.mode.com/editor/ecooltra706/reports/5a9f5808f86c,DATA,z (Operational vehicles),2020-02-07T12:30:26.896Z,2319,ecooltra706,no
EF_postgresql,18616,si,Swapping KPIs,5a9f5808f86c,https://app.mode.com/editor/ecooltra706/reports/5a9f5808f86c,DATA,13 ++Duration per shift,2020-02-07T12:30:26.896Z,2319,ecooltra706,no
EF_postgresql,18616,si,Swapping KPIs,5a9f5808f86c,https://app.mode.com/editor/ecooltra706/reports/5a9f5808f86c,DATA,z proves per unavailability,2020-02-07T12:30:26.896Z,2319,ecooltra706,no
EF_postgresql,18616,si,Swapping KPIs,5a9f5808f86c,https://app.mode.com/editor/ecooltra706/reports/5a9f5808f86c,DATA,z proves per swaps,2020-02-07T12:30:26.896Z,2319,ecooltra706,no
EF_postgresql,18616,si,Swapping KPIs,5a9f5808f86c,https://app.mode.com/editor/ecooltra706/reports/5a9f5808f86c,DATA,01 +Swapping unavailability,2020-02-07T12:30:26.896Z,2319,ecooltra706,no
EF_postgresql,18616,si,Swapping KPIs,5a9f5808f86c,https://app.mode.com/editor/ecooltra706/reports/5a9f5808f86c,DATA,04 ++Avg. Field SOC,2020-02-07T12:30:26.896Z,2319,ecooltra706,no
EF_postgresql,18616,si,Swapping KPIs,5a9f5808f86c,https://app.mode.com/editor/ecooltra706/reports/5a9f5808f86c,DATA,02 +Avg unavailability time,2020-02-07T12:30:26.896Z,2319,ecooltra706,no
EF_postgresql,18616,si,Swapping KPIs,5a9f5808f86c,https://app.mode.com/editor/ecooltra706/reports/5a9f5808f86c,DATA,03 ++Swapping efficiency,2020-02-07T12:30:26.896Z,2319,ecooltra706,no
EF_postgresql,18616,si,Swapping KPIs,5a9f5808f86c,https://app.mode.com/editor/ecooltra706/reports/5a9f5808f86c,DATA,z proves per timestamps,2020-02-07T12:30:26.896Z,2319,ecooltra706,no
EF_postgresql,18616,si,Swapping KPIs,5a9f5808f86c,https://app.mode.com/editor/ecooltra706/reports/5a9f5808f86c,DATA,Query 16,2020-02-07T12:30:26.896Z,2319,ecooltra706,no
EF_postgresql,18616,si,Swapping KPIs,5a9f5808f86c,https://app.mode.com/editor/ecooltra706/reports/5a9f5808f86c,DATA,Query 19,2020-02-07T12:30:26.896Z,2319,ecooltra706,no
EF_postgresql,18616,si,Swapping KPIs,5a9f5808f86c,https://app.mode.com/editor/ecooltra706/reports/5a9f5808f86c,DATA,z - proves per unavailability time,2020-02-07T12:30:26.896Z,2319,ecooltra706,no
EF_postgresql,18616,si,Swapping KPIs,5a9f5808f86c,https://app.mode.com/editor/ecooltra706/reports/5a9f5808f86c,DATA,z_params 2,2020-02-07T12:30:26.896Z,2319,ecooltra706,no
EF_postgresql,18616,si,Swapping KPIs,5a9f5808f86c,https://app.mode.com/editor/ecooltra706/reports/5a9f5808f86c,DATA,Query 20,2020-02-07T12:30:26.896Z,2319,ecooltra706,no
EF_postgresql,18616,si,Swapping KPIs,5a9f5808f86c,https://app.mode.com/editor/ecooltra706/reports/5a9f5808f86c,DATA,07 - Proves amb swapping_shift_statistics,2020-02-07T12:30:26.896Z,2319,ecooltra706,no
EF_postgresql,18616,si,Swapping KPIs,5a9f5808f86c,https://app.mode.com/editor/ecooltra706/reports/5a9f5808f86c,DATA,07 - v2,2020-02-07T12:30:26.896Z,2319,ecooltra706,no
EF_postgresql,18616,si,Selligent,01616bb8aac1,https://app.mode.com/editor/ecooltra706/reports/01616bb8aac1,DATA,03 cooltra_club_hourly,2023-02-01T11:42:50.777Z,1229,ecooltra706,no
EF_postgresql,18616,si,Zeus explorations,b63076265995,https://app.mode.com/editor/ecooltra706/reports/b63076265995,DATA,99 EF vehicles,2023-01-04T16:58:51.662Z,1256,ecooltra706,no
EF_postgresql,18616,si,Zeus explorations,b63076265995,https://app.mode.com/editor/ecooltra706/reports/b63076265995,DATA,99 EF operators,2023-01-04T16:58:51.662Z,1256,ecooltra706,no
EF_postgresql,18616,si,Zeus explorations,b63076265995,https://app.mode.com/editor/ecooltra706/reports/b63076265995,DATA,Query 78,2023-01-04T16:58:51.662Z,1256,ecooltra706,no
EF_postgresql,18616,si,Zeus explorations,b63076265995,https://app.mode.com/editor/ecooltra706/reports/b63076265995,DATA,99 Ef check users activation,2023-01-04T16:58:51.662Z,1256,ecooltra706,no
EF_postgresql,18616,si,Zeus explorations,b63076265995,https://app.mode.com/editor/ecooltra706/reports/b63076265995,DATA,99 EF swapping_shift_statistics,2023-01-04T16:58:51.662Z,1256,ecooltra706,no
EF_postgresql,18616,si,Zeus explorations,b63076265995,https://app.mode.com/editor/ecooltra706/reports/b63076265995,DATA,99 EF registrations,2023-01-04T16:58:51.662Z,1256,ecooltra706,no
EF_postgresql,18616,si,Zeus explorations,b63076265995,https://app.mode.com/editor/ecooltra706/reports/b63076265995,DATA,99 EF transfers,2023-01-04T16:58:51.662Z,1256,ecooltra706,no
EF_postgresql,18616,si,Zeus explorations,b63076265995,https://app.mode.com/editor/ecooltra706/reports/b63076265995,DATA,99 EF tasks,2023-01-04T16:58:51.662Z,1256,ecooltra706,no
EF_postgresql,18616,si,Zeus explorations,b63076265995,https://app.mode.com/editor/ecooltra706/reports/b63076265995,DATA,Query 67,2023-01-04T16:58:51.662Z,1256,ecooltra706,no
EF_postgresql,18616,si,Zeus explorations,b63076265995,https://app.mode.com/editor/ecooltra706/reports/b63076265995,DATA,99 EF vehicle_servicings,2023-01-04T16:58:51.662Z,1256,ecooltra706,no
EF_postgresql,18616,si,Zeus explorations,b63076265995,https://app.mode.com/editor/ecooltra706/reports/b63076265995,DATA,99 EF operations_shifts,2023-01-04T16:58:51.662Z,1256,ecooltra706,no
EF_postgresql,18616,si,Zeus explorations,b63076265995,https://app.mode.com/editor/ecooltra706/reports/b63076265995,DATA,Query 65,2023-01-04T16:58:51.662Z,1256,ecooltra706,no
EF_postgresql,18616,si,Zeus explorations,b63076265995,https://app.mode.com/editor/ecooltra706/reports/b63076265995,DATA,99 check query 40 EF,2023-01-04T16:58:51.662Z,1256,ecooltra706,no
EF_postgresql,18616,si,Zeus explorations,b63076265995,https://app.mode.com/editor/ecooltra706/reports/b63076265995,DATA,99 EF transitions,2023-01-04T16:58:51.662Z,1256,ecooltra706,no
EF_postgresql,18616,si,Zeus explorations,b63076265995,https://app.mode.com/editor/ecooltra706/reports/b63076265995,DATA,99 EF swapping_shifts,2023-01-04T16:58:51.662Z,1256,ecooltra706,no
EF_postgresql,18616,si,Zeus explorations,b63076265995,https://app.mode.com/editor/ecooltra706/reports/b63076265995,DATA,Query 40,2023-01-04T16:58:51.662Z,1256,ecooltra706,no
EF_postgresql,18616,si,Zeus explorations,b63076265995,https://app.mode.com/editor/ecooltra706/reports/b63076265995,DATA,Query 43,2023-01-04T16:58:51.662Z,1256,ecooltra706,no
EF_postgresql,18616,si,Zeus explorations,b63076265995,https://app.mode.com/editor/ecooltra706/reports/b63076265995,DATA,99 EF Regsitrations,2023-01-04T16:58:51.662Z,1256,ecooltra706,no
EF_postgresql,18616,si,Zeus explorations,b63076265995,https://app.mode.com/editor/ecooltra706/reports/b63076265995,DATA,Query 56,2023-01-04T16:58:51.662Z,1256,ecooltra706,no
EF_postgresql,18616,si,Zeus explorations,b63076265995,https://app.mode.com/editor/ecooltra706/reports/b63076265995,DATA,Query 80,2023-01-04T16:58:51.662Z,1256,ecooltra706,no
EF_postgresql,18616,si,Zeus explorations,b63076265995,https://app.mode.com/editor/ecooltra706/reports/b63076265995,DATA,Query 96,2023-01-04T16:58:51.662Z,1256,ecooltra706,no
EF_postgresql,18616,si,Zeus explorations,b63076265995,https://app.mode.com/editor/ecooltra706/reports/b63076265995,DATA,99,2023-01-04T16:58:51.662Z,1256,ecooltra706,no
EF_postgresql,18616,si,Zeus explorations,b63076265995,https://app.mode.com/editor/ecooltra706/reports/b63076265995,DATA,Query 72,2023-01-04T16:58:51.662Z,1256,ecooltra706,no
EF_postgresql,18616,si,Volumen de usuarios inactivos,f846cce9ce10,https://app.mode.com/editor/ecooltra706/reports/f846cce9ce10,Data Science,Query 1,2021-09-01T11:30:31.938Z,1747,ecooltra706,no
EF_postgresql,18616,si,Cálculo% retención mensual y por trimestres,86cf2162d7d9,https://app.mode.com/editor/ecooltra706/reports/86cf2162d7d9,Data Science,quaterly,2021-03-29T08:33:21.267Z,1903,ecooltra706,no
EF_postgresql,18616,si,Cálculo% retención mensual y por trimestres,86cf2162d7d9,https://app.mode.com/editor/ecooltra706/reports/86cf2162d7d9,Data Science,Query 6,2021-03-29T08:33:21.267Z,1903,ecooltra706,no
EF_postgresql,18616,si,Cálculo% retención mensual y por trimestres,86cf2162d7d9,https://app.mode.com/editor/ecooltra706/reports/86cf2162d7d9,Data Science,Query 7,2021-03-29T08:33:21.267Z,1903,ecooltra706,no
EF_postgresql,18616,si,Cálculo% retención mensual y por trimestres,86cf2162d7d9,https://app.mode.com/editor/ecooltra706/reports/86cf2162d7d9,Data Science,01_1 Monthly All cities,2021-03-29T08:33:21.267Z,1903,ecooltra706,no
EF_postgresql,18616,si,Cálculo% retención mensual y por trimestres,86cf2162d7d9,https://app.mode.com/editor/ecooltra706/reports/86cf2162d7d9,Data Science,Prueba,2021-03-29T08:33:21.267Z,1903,ecooltra706,no
EF_postgresql,18616,si,Cálculo% retención mensual y por trimestres,86cf2162d7d9,https://app.mode.com/editor/ecooltra706/reports/86cf2162d7d9,Data Science,01_2 Monthly Barcelona,2021-03-29T08:33:21.267Z,1903,ecooltra706,no
EF_postgresql,18616,si,Cálculo% retención mensual y por trimestres,86cf2162d7d9,https://app.mode.com/editor/ecooltra706/reports/86cf2162d7d9,Data Science,z param,2021-03-29T08:33:21.267Z,1903,ecooltra706,no
EF_postgresql,18616,si,Clone of _IMAGIN_ promocode report,06f718d9c4f6,https://app.mode.com/editor/ecooltra706/reports/06f718d9c4f6,Data Science,Timestamp,2021-01-12T15:48:49.798Z,1978,ecooltra706,no
EF_postgresql,18616,si,Clone of _IMAGIN_ promocode report,06f718d9c4f6,https://app.mode.com/editor/ecooltra706/reports/06f718d9c4f6,Data Science,d3) Activated Users,2021-01-12T15:48:49.798Z,1978,ecooltra706,no
EF_postgresql,18616,si,Clone of _IMAGIN_ promocode report,06f718d9c4f6,https://app.mode.com/editor/ecooltra706/reports/06f718d9c4f6,Data Science,a) Funnel,2021-01-12T15:48:49.798Z,1978,ecooltra706,no
EF_postgresql,18616,si,Clone of _IMAGIN_ promocode report,06f718d9c4f6,https://app.mode.com/editor/ecooltra706/reports/06f718d9c4f6,Data Science,a.1) Funnel Iniciats,2021-01-12T15:48:49.798Z,1978,ecooltra706,no
EF_postgresql,18616,si,Clone of _IMAGIN_ promocode report,06f718d9c4f6,https://app.mode.com/editor/ecooltra706/reports/06f718d9c4f6,Data Science,a.2) Funnel Activats,2021-01-12T15:48:49.798Z,1978,ecooltra706,no
EF_postgresql,18616,si,Clone of _IMAGIN_ promocode report,06f718d9c4f6,https://app.mode.com/editor/ecooltra706/reports/06f718d9c4f6,Data Science,a.3) Funnel Riders,2021-01-12T15:48:49.798Z,1978,ecooltra706,no
EF_postgresql,18616,si,Clone of _IMAGIN_ promocode report,06f718d9c4f6,https://app.mode.com/editor/ecooltra706/reports/06f718d9c4f6,Data Science,b) Invoiced,2021-01-12T15:48:49.798Z,1978,ecooltra706,no
EF_postgresql,18616,si,Clone of _IMAGIN_ promocode report,06f718d9c4f6,https://app.mode.com/editor/ecooltra706/reports/06f718d9c4f6,Data Science,c) Cobrado,2021-01-12T15:48:49.798Z,1978,ecooltra706,no
EF_postgresql,18616,si,Clone of _IMAGIN_ promocode report,06f718d9c4f6,https://app.mode.com/editor/ecooltra706/reports/06f718d9c4f6,Data Science,d) User data,2021-01-12T15:48:49.798Z,1978,ecooltra706,no
EF_postgresql,18616,si,Clone of _IMAGIN_ promocode report,06f718d9c4f6,https://app.mode.com/editor/ecooltra706/reports/06f718d9c4f6,Data Science,d2) User data,2021-01-12T15:48:49.798Z,1978,ecooltra706,no
EF_postgresql,18616,si,Clone of _IMAGIN_ promocode report,06f718d9c4f6,https://app.mode.com/editor/ecooltra706/reports/06f718d9c4f6,Data Science,e) Activated users,2021-01-12T15:48:49.798Z,1978,ecooltra706,no
EF_postgresql,18616,si,Clone of _IMAGIN_ promocode report,06f718d9c4f6,https://app.mode.com/editor/ecooltra706/reports/06f718d9c4f6,Data Science,e2) Initiated registers data,2021-01-12T15:48:49.798Z,1978,ecooltra706,no
EF_postgresql,18616,si,Clone of _IMAGIN_ promocode report,06f718d9c4f6,https://app.mode.com/editor/ecooltra706/reports/06f718d9c4f6,Data Science,e2) Initiated registers data (current month),2021-01-12T15:48:49.798Z,1978,ecooltra706,no
EF_postgresql,18616,si,Clone of _IMAGIN_ promocode report,06f718d9c4f6,https://app.mode.com/editor/ecooltra706/reports/06f718d9c4f6,Data Science,e3) Activated registers data,2021-01-12T15:48:49.798Z,1978,ecooltra706,no
EF_postgresql,18616,si,POTENTIAL 125cc USERS IN MADRID,4c76fb08491b,https://app.mode.com/editor/ecooltra706/reports/4c76fb08491b,Data Science,Query 5,2020-12-28T12:28:08.087Z,1994,ecooltra706,no
EF_postgresql,18616,si,POTENTIAL 125cc USERS IN MADRID,4c76fb08491b,https://app.mode.com/editor/ecooltra706/reports/4c76fb08491b,Data Science,Query 4,2020-12-28T12:28:08.087Z,1994,ecooltra706,no
EF_postgresql,18616,si,POTENTIAL 125cc USERS IN MADRID,4c76fb08491b,https://app.mode.com/editor/ecooltra706/reports/4c76fb08491b,Data Science,O1 USERS,2020-12-28T12:28:08.087Z,1994,ecooltra706,no
EF_postgresql,18616,si,RENTED MIN PER USER,e6f765121933,https://app.mode.com/editor/ecooltra706/reports/e6f765121933,Data Science,RENTED MIN,2020-12-01T13:36:14.494Z,2020,ecooltra706,no
EF_postgresql,18616,si,[B2C] Report clientes deudores Sharing PROCESO JUDICIAL,dc365c42ac7f,https://app.mode.com/editor/ecooltra706/reports/dc365c42ac7f,Data Science,Query 1,2022-10-07T10:19:24.406Z,1346,ecooltra706,no
EF_postgresql,18616,si,[B2C] Report clientes deudores Sharing PROCESO JUDICIAL,dc365c42ac7f,https://app.mode.com/editor/ecooltra706/reports/dc365c42ac7f,Data Science,Query 2,2022-10-07T10:19:24.406Z,1346,ecooltra706,no
EF_postgresql,18616,si,[B2C] Report clientes deudores Sharing PROCESO JUDICIAL,dc365c42ac7f,https://app.mode.com/editor/ecooltra706/reports/dc365c42ac7f,Data Science,Query 4,2022-10-07T10:19:24.406Z,1346,ecooltra706,no
EF_postgresql,18616,si,[B2C] Report clientes deudores Sharing PROCESO JUDICIAL,dc365c42ac7f,https://app.mode.com/editor/ecooltra706/reports/dc365c42ac7f,Data Science,Query 3,2022-10-07T10:19:24.406Z,1346,ecooltra706,no
EF_postgresql,18616,si,[FIN] DETALLE FACTURACION CMSHARING,35e6e7f0fa2b,https://app.mode.com/editor/ecooltra706/reports/35e6e7f0fa2b,Data Science,Query 4,2023-02-01T17:41:35.579Z,1228,ecooltra706,no
EF_postgresql,18616,si,[FIN] DETALLE FACTURACION CMSHARING,35e6e7f0fa2b,https://app.mode.com/editor/ecooltra706/reports/35e6e7f0fa2b,Data Science,Spain,2023-02-01T17:41:35.579Z,1228,ecooltra706,no
EF_postgresql,18616,si,[FIN] DETALLE FACTURACION CMSHARING,35e6e7f0fa2b,https://app.mode.com/editor/ecooltra706/reports/35e6e7f0fa2b,Data Science,Portugal,2023-02-01T17:41:35.579Z,1228,ecooltra706,no
EF_postgresql,18616,si,[FIN] DETALLE FACTURACION CMSHARING,35e6e7f0fa2b,https://app.mode.com/editor/ecooltra706/reports/35e6e7f0fa2b,Data Science,Italy,2023-02-01T17:41:35.579Z,1228,ecooltra706,no
EF_postgresql,18616,si,Report ecológico,6907543e21de,https://app.mode.com/editor/ecooltra706/reports/6907543e21de,Data Science,Query 4,2021-12-30T08:31:56.636Z,1627,ecooltra706,no
EF_postgresql,18616,si,Report ecológico,6907543e21de,https://app.mode.com/editor/ecooltra706/reports/6907543e21de,Data Science,CITY,2021-12-30T08:31:56.636Z,1627,ecooltra706,no
EF_postgresql,18616,si,Report ecológico,6907543e21de,https://app.mode.com/editor/ecooltra706/reports/6907543e21de,Data Science,z param,2021-12-30T08:31:56.636Z,1627,ecooltra706,no
EF_postgresql,18616,si,Report ecológico,6907543e21de,https://app.mode.com/editor/ecooltra706/reports/6907543e21de,Data Science,COUNTRY,2021-12-30T08:31:56.636Z,1627,ecooltra706,no
EF_postgresql,18616,si,Find users with rentals in areas,dedc8e3bfd15,https://app.mode.com/editor/ecooltra706/reports/dedc8e3bfd15,Data Science,02 Milan Bicocca,2021-07-20T14:31:57.564Z,1789,ecooltra706,no
EF_postgresql,18616,si,Find users with rentals in areas,dedc8e3bfd15,https://app.mode.com/editor/ecooltra706/reports/dedc8e3bfd15,Data Science,Query 8,2021-07-20T14:31:57.564Z,1789,ecooltra706,no
EF_postgresql,18616,si,Find users with rentals in areas,dedc8e3bfd15,https://app.mode.com/editor/ecooltra706/reports/dedc8e3bfd15,Data Science,06 Paris app opens,2021-07-20T14:31:57.564Z,1789,ecooltra706,no
EF_postgresql,18616,si,Find users with rentals in areas,dedc8e3bfd15,https://app.mode.com/editor/ecooltra706/reports/dedc8e3bfd15,Data Science,Data,2021-07-20T14:31:57.564Z,1789,ecooltra706,no
EF_postgresql,18616,si,Find users with rentals in areas,dedc8e3bfd15,https://app.mode.com/editor/ecooltra706/reports/dedc8e3bfd15,Data Science,Query 4,2021-07-20T14:31:57.564Z,1789,ecooltra706,no
EF_postgresql,18616,si,Find users with rentals in areas,dedc8e3bfd15,https://app.mode.com/editor/ecooltra706/reports/dedc8e3bfd15,Data Science,03 Milan Rigoni,2021-07-20T14:31:57.564Z,1789,ecooltra706,no
EF_postgresql,18616,si,Find users with rentals in areas,dedc8e3bfd15,https://app.mode.com/editor/ecooltra706/reports/dedc8e3bfd15,Data Science,04 ROMA Closing EUR area,2021-07-20T14:31:57.564Z,1789,ecooltra706,no
EF_postgresql,18616,si,Users_Paris,748fc3f201ed,https://app.mode.com/editor/ecooltra706/reports/748fc3f201ed,Data Science,01 Users_address_paris,2021-07-15T13:19:32.118Z,1794,ecooltra706,no
EF_postgresql,18616,si,Users_Paris,748fc3f201ed,https://app.mode.com/editor/ecooltra706/reports/748fc3f201ed,Data Science,02 Users_paris_app_opens_tarifa,2021-07-15T13:19:32.118Z,1794,ecooltra706,no
EF_postgresql,18616,si,Weekend users,d6247ee0df58,https://app.mode.com/editor/ecooltra706/reports/d6247ee0df58,Data Science,Query 1,2021-05-31T07:13:52.116Z,1840,ecooltra706,no
EF_postgresql,18616,si,Weekend users,d6247ee0df58,https://app.mode.com/editor/ecooltra706/reports/d6247ee0df58,Data Science,00 Readme,2021-05-31T07:13:52.116Z,1840,ecooltra706,no
EF_postgresql,18616,si,INFO: Respuesta Ayt. Valencia APR Ciutat Vella Nord,a0b275f4f2fc,https://app.mode.com/editor/ecooltra706/reports/a0b275f4f2fc,Data Science,Query 2,2021-04-13T17:16:01.156Z,1887,ecooltra706,no
EF_postgresql,18616,si,INFO: Respuesta Ayt. Valencia APR Ciutat Vella Nord,a0b275f4f2fc,https://app.mode.com/editor/ecooltra706/reports/a0b275f4f2fc,Data Science,Query 4,2021-04-13T17:16:01.156Z,1887,ecooltra706,no
EF_postgresql,18616,si,INFO: Respuesta Ayt. Valencia APR Ciutat Vella Nord,a0b275f4f2fc,https://app.mode.com/editor/ecooltra706/reports/a0b275f4f2fc,Data Science,Query 5,2021-04-13T17:16:01.156Z,1887,ecooltra706,no
EF_postgresql,18616,si,INFO: Respuesta Ayt. Valencia APR Ciutat Vella Nord,a0b275f4f2fc,https://app.mode.com/editor/ecooltra706/reports/a0b275f4f2fc,Data Science,Query 1,2021-04-13T17:16:01.156Z,1887,ecooltra706,no
EF_postgresql,18616,si,[Retention] Last week's revenue from a list uf users,75a62b767c25,https://app.mode.com/editor/ecooltra706/reports/75a62b767c25,Data Science,01 Revenue,2021-03-22T08:58:10.765Z,1910,ecooltra706,no
EF_postgresql,18616,si,[Retention] Last week's revenue from a list uf users,75a62b767c25,https://app.mode.com/editor/ecooltra706/reports/75a62b767c25,Data Science,00 Readme,2021-03-22T08:58:10.765Z,1910,ecooltra706,no
EF_postgresql,18616,si,Datos de usuarios - Cierre de zona Bovisa - Milan,b44ca95a328a,https://app.mode.com/editor/ecooltra706/reports/b44ca95a328a,Data Science,rentals,2021-03-17T10:50:39.006Z,1915,ecooltra706,no
EF_postgresql,18616,si,Datos de usuarios - Cierre de zona Bovisa - Milan,b44ca95a328a,https://app.mode.com/editor/ecooltra706/reports/b44ca95a328a,Data Science,users,2021-03-17T10:50:39.006Z,1915,ecooltra706,no
EF_postgresql,18616,si,[GROUP] Monthly Revenue Progress (old version),7c18e1523485,https://app.mode.com/editor/ecooltra706/reports/7c18e1523485,Data Science,02 Real FF,2021-03-28T07:49:57.612Z,1904,ecooltra706,no
EF_postgresql,18616,si,[GROUP] Monthly Revenue Progress (old version),7c18e1523485,https://app.mode.com/editor/ecooltra706/reports/7c18e1523485,Data Science,00 Month,2021-03-28T07:49:57.612Z,1904,ecooltra706,no
EF_postgresql,18616,si,[GROUP] Monthly Revenue Progress (old version),7c18e1523485,https://app.mode.com/editor/ecooltra706/reports/7c18e1523485,Data Science,Time information:,2021-03-28T07:49:57.612Z,1904,ecooltra706,no
EF_postgresql,18616,si,RENTALPASS,94c817f1287e,https://app.mode.com/editor/ecooltra706/reports/94c817f1287e,Data Science,Query 3,2021-02-01T14:36:12.176Z,1958,ecooltra706,no
EF_postgresql,18616,si,RENTALPASS,94c817f1287e,https://app.mode.com/editor/ecooltra706/reports/94c817f1287e,Data Science,Query 4,2021-02-01T14:36:12.176Z,1958,ecooltra706,no
EF_postgresql,18616,si,RENTALPASS,94c817f1287e,https://app.mode.com/editor/ecooltra706/reports/94c817f1287e,Data Science,Query 1,2021-02-01T14:36:12.176Z,1958,ecooltra706,no
EF_postgresql,18616,si,RENTALPASS,94c817f1287e,https://app.mode.com/editor/ecooltra706/reports/94c817f1287e,Data Science,01 USERS LIST RENTALPASS,2021-02-01T14:36:12.176Z,1958,ecooltra706,no
EF_postgresql,18616,si,DIRT Motos,669eac9ad170,https://app.mode.com/editor/ecooltra706/reports/669eac9ad170,Data Science,02 DIRT Motos,2021-01-13T11:22:04.708Z,1978,ecooltra706,no
EF_postgresql,18616,si,DIRT Motos,669eac9ad170,https://app.mode.com/editor/ecooltra706/reports/669eac9ad170,Data Science,01 #Motos per Vehicle_kind_name,2021-01-13T11:22:04.708Z,1978,ecooltra706,no
EF_postgresql,18616,si,REPORT AS ROMA,0e02d04cc0a7,https://app.mode.com/editor/ecooltra706/reports/0e02d04cc0a7,Data Science,01 KPIs total,2020-12-18T13:20:16.047Z,2003,ecooltra706,no
EF_postgresql,18616,si,REPORT AS ROMA,0e02d04cc0a7,https://app.mode.com/editor/ecooltra706/reports/0e02d04cc0a7,Data Science,02 KPIs per day,2020-12-18T13:20:16.047Z,2003,ecooltra706,no
EF_postgresql,18616,si,Retention: Registration ID from a list,e0cd45317b2a,https://app.mode.com/editor/ecooltra706/reports/e0cd45317b2a,Data Science,Query 1,2020-12-15T16:40:51.343Z,2006,ecooltra706,no
EF_postgresql,18616,si,Retention: Registration ID from a list,e0cd45317b2a,https://app.mode.com/editor/ecooltra706/reports/e0cd45317b2a,Data Science,Query 2,2020-12-15T16:40:51.343Z,2006,ecooltra706,no
EF_postgresql,18616,si,[Roberto] Card declined,afca90a0639e,https://app.mode.com/editor/ecooltra706/reports/afca90a0639e,Data Science,01 eCooltra,2020-12-15T12:32:15.030Z,2007,ecooltra706,no
EF_postgresql,18616,si,[Roberto] Card declined,afca90a0639e,https://app.mode.com/editor/ecooltra706/reports/afca90a0639e,Data Science,04 eCooltra 2,2020-12-15T12:32:15.030Z,2007,ecooltra706,no
EF_postgresql,18616,si,[Roberto] Card declined,afca90a0639e,https://app.mode.com/editor/ecooltra706/reports/afca90a0639e,Data Science,Query 5,2020-12-15T12:32:15.030Z,2007,ecooltra706,no
EF_postgresql,18616,si,[Nat] Users with app version 4.0,2d95a0b31b17,https://app.mode.com/editor/ecooltra706/reports/2d95a0b31b17,Data Science,Query 5,2020-12-10T10:07:37.396Z,2012,ecooltra706,no
EF_postgresql,18616,si,[Nat] Users with app version 4.0,2d95a0b31b17,https://app.mode.com/editor/ecooltra706/reports/2d95a0b31b17,Data Science,01 Users with app version 4.0,2020-12-10T10:07:37.396Z,2012,ecooltra706,no
EF_postgresql,18616,si,[Nat] Users with app version 4.0,2d95a0b31b17,https://app.mode.com/editor/ecooltra706/reports/2d95a0b31b17,Data Science,Query 2,2020-12-10T10:07:37.396Z,2012,ecooltra706,no
EF_postgresql,18616,si,[Nat] Users with app version 4.0,2d95a0b31b17,https://app.mode.com/editor/ecooltra706/reports/2d95a0b31b17,Data Science,Query 3,2020-12-10T10:07:37.396Z,2012,ecooltra706,no
EF_postgresql,18616,si,[Nat] Users with app version 4.0,2d95a0b31b17,https://app.mode.com/editor/ecooltra706/reports/2d95a0b31b17,Data Science,Query 4,2020-12-10T10:07:37.396Z,2012,ecooltra706,no
EF_postgresql,18616,si,[Nat] Users with app version 4.0,2d95a0b31b17,https://app.mode.com/editor/ecooltra706/reports/2d95a0b31b17,Data Science,Query 6,2020-12-10T10:07:37.396Z,2012,ecooltra706,no
EF_postgresql,18616,si,Clone of BLACK FRIDAY,132742b6768f,https://app.mode.com/editor/ecooltra706/reports/132742b6768f,Data Science,Query 10,2020-12-04T12:12:32.341Z,2018,ecooltra706,no
EF_postgresql,18616,si,Clone of BLACK FRIDAY,132742b6768f,https://app.mode.com/editor/ecooltra706/reports/132742b6768f,Data Science,00 BF,2020-12-04T12:12:32.341Z,2018,ecooltra706,no
EF_postgresql,18616,si,Clone of BLACK FRIDAY,132742b6768f,https://app.mode.com/editor/ecooltra706/reports/132742b6768f,Data Science,z param,2020-12-04T12:12:32.341Z,2018,ecooltra706,no
EF_postgresql,18616,si,Clone of BLACK FRIDAY,132742b6768f,https://app.mode.com/editor/ecooltra706/reports/132742b6768f,Data Science,02 Green Friday,2020-12-04T12:12:32.341Z,2018,ecooltra706,no
EF_postgresql,18616,si,Clone of BLACK FRIDAY,132742b6768f,https://app.mode.com/editor/ecooltra706/reports/132742b6768f,Data Science,Query 8,2020-12-04T12:12:32.341Z,2018,ecooltra706,no
EF_postgresql,18616,si,Clone of BLACK FRIDAY,132742b6768f,https://app.mode.com/editor/ecooltra706/reports/132742b6768f,Data Science,03 Users Categories,2020-12-04T12:12:32.341Z,2018,ecooltra706,no
EF_postgresql,18616,si,Clone of BLACK FRIDAY,132742b6768f,https://app.mode.com/editor/ecooltra706/reports/132742b6768f,Data Science,04 Kms per Min,2020-12-04T12:12:32.341Z,2018,ecooltra706,no
EF_postgresql,18616,si,Clone of BLACK FRIDAY,132742b6768f,https://app.mode.com/editor/ecooltra706/reports/132742b6768f,Data Science,Query 11,2020-12-04T12:12:32.341Z,2018,ecooltra706,no
EF_postgresql,18616,si,Clone of BLACK FRIDAY,132742b6768f,https://app.mode.com/editor/ecooltra706/reports/132742b6768f,Data Science,01.b Onvia,2020-12-04T12:12:32.341Z,2018,ecooltra706,no
EF_postgresql,18616,si,Clone of BLACK FRIDAY,132742b6768f,https://app.mode.com/editor/ecooltra706/reports/132742b6768f,Data Science,01 Black Friday Users,2020-12-04T12:12:32.341Z,2018,ecooltra706,no
EF_postgresql,18616,si,Clone of BLACK FRIDAY,132742b6768f,https://app.mode.com/editor/ecooltra706/reports/132742b6768f,Data Science,05 Analysis Users,2020-12-04T12:12:32.341Z,2018,ecooltra706,no
EF_postgresql,18616,si,Clone of BLACK FRIDAY,132742b6768f,https://app.mode.com/editor/ecooltra706/reports/132742b6768f,Data Science,Query 12,2020-12-04T12:12:32.341Z,2018,ecooltra706,no
EF_postgresql,18616,si,Clone of BLACK FRIDAY,132742b6768f,https://app.mode.com/editor/ecooltra706/reports/132742b6768f,Data Science,Query 13,2020-12-04T12:12:32.341Z,2018,ecooltra706,no
EF_postgresql,18616,si,Clone of BLACK FRIDAY,132742b6768f,https://app.mode.com/editor/ecooltra706/reports/132742b6768f,Data Science,Query 14,2020-12-04T12:12:32.341Z,2018,ecooltra706,no
EF_postgresql,18616,si,Clone of BLACK FRIDAY,132742b6768f,https://app.mode.com/editor/ecooltra706/reports/132742b6768f,Data Science,Query 15,2020-12-04T12:12:32.341Z,2018,ecooltra706,no
EF_postgresql,18616,si,USER AGENT,029c3b20e532,https://app.mode.com/editor/ecooltra706/reports/029c3b20e532,Data Science,01 User Agent,2020-11-26T08:25:31.881Z,2026,ecooltra706,no
EF_postgresql,18616,si,USER AGENT,029c3b20e532,https://app.mode.com/editor/ecooltra706/reports/029c3b20e532,Data Science,02 App Version 4.0,2020-11-26T08:25:31.881Z,2026,ecooltra706,no
EF_postgresql,18616,si,USER AGENT,029c3b20e532,https://app.mode.com/editor/ecooltra706/reports/029c3b20e532,Data Science,03 First Day App Version 4.0,2020-11-26T08:25:31.881Z,2026,ecooltra706,no
EF_postgresql,18616,si,HEAVY USERS RENTALS BEFORE AND POST COVID-19,e6ca3b307bf2,https://app.mode.com/editor/ecooltra706/reports/e6ca3b307bf2,Data Science,02 Heavy.b,2020-11-23T10:18:27.647Z,2029,ecooltra706,no
EF_postgresql,18616,si,HEAVY USERS RENTALS BEFORE AND POST COVID-19,e6ca3b307bf2,https://app.mode.com/editor/ecooltra706/reports/e6ca3b307bf2,Data Science,03 Aumento de los viajes,2020-11-23T10:18:27.647Z,2029,ecooltra706,no
EF_postgresql,18616,si,HEAVY USERS RENTALS BEFORE AND POST COVID-19,e6ca3b307bf2,https://app.mode.com/editor/ecooltra706/reports/e6ca3b307bf2,Data Science,Query 3,2020-11-23T10:18:27.647Z,2029,ecooltra706,no
EF_postgresql,18616,si,HEAVY USERS RENTALS BEFORE AND POST COVID-19,e6ca3b307bf2,https://app.mode.com/editor/ecooltra706/reports/e6ca3b307bf2,Data Science,Query 5,2020-11-23T10:18:27.647Z,2029,ecooltra706,no
EF_postgresql,18616,si,HEAVY USERS RENTALS BEFORE AND POST COVID-19,e6ca3b307bf2,https://app.mode.com/editor/ecooltra706/reports/e6ca3b307bf2,Data Science,01 Heavy Users,2020-11-23T10:18:27.647Z,2029,ecooltra706,no
EF_postgresql,18616,si,DURATION,28ed2c0b16db,https://app.mode.com/editor/ecooltra706/reports/28ed2c0b16db,Data Science,z param,2020-11-11T11:11:11.319Z,2041,ecooltra706,no
EF_postgresql,18616,si,DURATION,28ed2c0b16db,https://app.mode.com/editor/ecooltra706/reports/28ed2c0b16db,Data Science,01 DURATION,2020-11-11T11:11:11.319Z,2041,ecooltra706,no
EF_postgresql,18616,si,NIGHT RIDERS,833a7f5711f6,https://app.mode.com/editor/ecooltra706/reports/833a7f5711f6,Data Science,Night riders,2020-11-03T10:12:19.626Z,2049,ecooltra706,no
EF_postgresql,18616,si,Clone of App opens issue analysis,70c33195e281,https://app.mode.com/editor/ecooltra706/reports/70c33195e281,Data Science,04 Requests statistics,2020-11-03T09:35:14.025Z,2049,ecooltra706,no
EF_postgresql,18616,si,Clone of App opens issue analysis,70c33195e281,https://app.mode.com/editor/ecooltra706/reports/70c33195e281,Data Science,06.1 App version,2020-11-03T09:35:14.025Z,2049,ecooltra706,no
EF_postgresql,18616,si,Clone of App opens issue analysis,70c33195e281,https://app.mode.com/editor/ecooltra706/reports/70c33195e281,Data Science,06.2 Package name,2020-11-03T09:35:14.025Z,2049,ecooltra706,no
EF_postgresql,18616,si,Clone of App opens issue analysis,70c33195e281,https://app.mode.com/editor/ecooltra706/reports/70c33195e281,Data Science,06.3 Build number,2020-11-03T09:35:14.025Z,2049,ecooltra706,no
EF_postgresql,18616,si,Clone of App opens issue analysis,70c33195e281,https://app.mode.com/editor/ecooltra706/reports/70c33195e281,Data Science,01 Requests,2020-11-03T09:35:14.025Z,2049,ecooltra706,no
EF_postgresql,18616,si,Clone of App opens issue analysis,70c33195e281,https://app.mode.com/editor/ecooltra706/reports/70c33195e281,Data Science,z params,2020-11-03T09:35:14.025Z,2049,ecooltra706,no
EF_postgresql,18616,si,Clone of App opens issue analysis,70c33195e281,https://app.mode.com/editor/ecooltra706/reports/70c33195e281,Data Science,02 rentals,2020-11-03T09:35:14.025Z,2049,ecooltra706,no
EF_postgresql,18616,si,Clone of App opens issue analysis,70c33195e281,https://app.mode.com/editor/ecooltra706/reports/70c33195e281,Data Science,03 Reservations,2020-11-03T09:35:14.025Z,2049,ecooltra706,no
EF_postgresql,18616,si,Clone of App opens issue analysis,70c33195e281,https://app.mode.com/editor/ecooltra706/reports/70c33195e281,Data Science,06.4 Platform,2020-11-03T09:35:14.025Z,2049,ecooltra706,no
EF_postgresql,18616,si,Clone of App opens issue analysis,70c33195e281,https://app.mode.com/editor/ecooltra706/reports/70c33195e281,Data Science,06.5 OS,2020-11-03T09:35:14.025Z,2049,ecooltra706,no
EF_postgresql,18616,si,[MKT] Pricing ABC test,a2060cc994b1,https://app.mode.com/editor/ecooltra706/reports/a2060cc994b1,Deprecated reports,Query 8,2022-02-16T07:13:33.439Z,1579,ecooltra706,no
EF_postgresql,18616,si,[MKT] Pricing ABC test,a2060cc994b1,https://app.mode.com/editor/ecooltra706/reports/a2060cc994b1,Deprecated reports,NPS,2022-02-16T07:13:33.439Z,1579,ecooltra706,no
EF_postgresql,18616,si,[MKT] Pricing ABC test,a2060cc994b1,https://app.mode.com/editor/ecooltra706/reports/a2060cc994b1,Deprecated reports,00 Statistics,2022-02-16T07:13:33.439Z,1579,ecooltra706,no
EF_postgresql,18616,si,[MKT] Pricing ABC test,a2060cc994b1,https://app.mode.com/editor/ecooltra706/reports/a2060cc994b1,Deprecated reports,01 Users,2022-02-16T07:13:33.439Z,1579,ecooltra706,no
EF_postgresql,18616,si,[MKT] Pricing ABC test,a2060cc994b1,https://app.mode.com/editor/ecooltra706/reports/a2060cc994b1,Deprecated reports,01 Rentals and revenue,2022-02-16T07:13:33.439Z,1579,ecooltra706,no
EF_postgresql,18616,si,[MKT] Pricing ABC test,a2060cc994b1,https://app.mode.com/editor/ecooltra706/reports/a2060cc994b1,Deprecated reports,02 Filtered rentals,2022-02-16T07:13:33.439Z,1579,ecooltra706,no
EF_postgresql,18616,si,[MKT] Pricing ABC test,a2060cc994b1,https://app.mode.com/editor/ecooltra706/reports/a2060cc994b1,Deprecated reports,Query 6,2022-02-16T07:13:33.439Z,1579,ecooltra706,no
EF_postgresql,18616,si,[MKT] Pricing ABC test,a2060cc994b1,https://app.mode.com/editor/ecooltra706/reports/a2060cc994b1,Deprecated reports,03 NPS raw data,2022-02-16T07:13:33.439Z,1579,ecooltra706,no
EF_postgresql,18616,si,INVOICING PROCESS HOURLY FOLLOW UP,3240c0bed540,https://app.mode.com/editor/ecooltra706/reports/3240c0bed540,Deprecated reports,Query 5,2021-09-30T10:47:52.349Z,1718,ecooltra706,no
EF_postgresql,18616,si,INVOICING PROCESS HOURLY FOLLOW UP,3240c0bed540,https://app.mode.com/editor/ecooltra706/reports/3240c0bed540,Deprecated reports,Query 6,2021-09-30T10:47:52.349Z,1718,ecooltra706,no
EF_postgresql,18616,si,INVOICING PROCESS HOURLY FOLLOW UP,3240c0bed540,https://app.mode.com/editor/ecooltra706/reports/3240c0bed540,Deprecated reports,Time information:,2021-09-30T10:47:52.349Z,1718,ecooltra706,no
EF_postgresql,18616,si,INVOICING PROCESS HOURLY FOLLOW UP,3240c0bed540,https://app.mode.com/editor/ecooltra706/reports/3240c0bed540,Deprecated reports,All queries,2021-09-30T10:47:52.349Z,1718,ecooltra706,no
EF_postgresql,18616,si,INVOICING PROCESS HOURLY FOLLOW UP,3240c0bed540,https://app.mode.com/editor/ecooltra706/reports/3240c0bed540,Deprecated reports,Pending invoices,2021-09-30T10:47:52.349Z,1718,ecooltra706,no
EF_postgresql,18616,si,INVOICING PROCESS HOURLY FOLLOW UP,3240c0bed540,https://app.mode.com/editor/ecooltra706/reports/3240c0bed540,Deprecated reports,Invoices per hour evolution,2021-09-30T10:47:52.349Z,1718,ecooltra706,no
EF_postgresql,18616,si,Datos para PPTs corporativas,7165d8690cf5,https://app.mode.com/editor/ecooltra706/reports/7165d8690cf5,Deprecated reports,00 Sharing,2022-09-22T14:40:41.771Z,1360,ecooltra706,no
EF_postgresql,18616,si,Datos para PPTs corporativas,7165d8690cf5,https://app.mode.com/editor/ecooltra706/reports/7165d8690cf5,Deprecated reports,01 Usuarios,2022-09-22T14:40:41.771Z,1360,ecooltra706,no
EF_postgresql,18616,si,Datos para PPTs corporativas,7165d8690cf5,https://app.mode.com/editor/ecooltra706/reports/7165d8690cf5,Deprecated reports,02 Motos sharing,2022-09-22T14:40:41.771Z,1360,ecooltra706,no
EF_postgresql,18616,si,Datos para PPTs corporativas,7165d8690cf5,https://app.mode.com/editor/ecooltra706/reports/7165d8690cf5,Deprecated reports,03 Datos ecológicos,2022-09-22T14:40:41.771Z,1360,ecooltra706,no
EF_postgresql,18616,si,Datos para PPTs corporativas,7165d8690cf5,https://app.mode.com/editor/ecooltra706/reports/7165d8690cf5,Deprecated reports,04 Usuario más leal,2022-09-22T14:40:41.771Z,1360,ecooltra706,no
EF_postgresql,18616,si,Datos para PPTs corporativas,7165d8690cf5,https://app.mode.com/editor/ecooltra706/reports/7165d8690cf5,Deprecated reports,05 Cities,2022-09-22T14:40:41.771Z,1360,ecooltra706,no
EF_postgresql,18616,si,Datos para PPTs corporativas,7165d8690cf5,https://app.mode.com/editor/ecooltra706/reports/7165d8690cf5,Deprecated reports,07 CO2,2022-09-22T14:40:41.771Z,1360,ecooltra706,no
EF_postgresql,18616,si,[GROUP] YTD Revenue per Region (with BBPP and Forecast),f3f7f755e63a,https://app.mode.com/editor/ecooltra706/reports/f3f7f755e63a,Deprecated reports,02 Real FF,2022-07-01T10:30:14.587Z,1444,ecooltra706,no
EF_postgresql,18616,si,[GROUP] YTD Revenue per Region (with BBPP and Forecast),f3f7f755e63a,https://app.mode.com/editor/ecooltra706/reports/f3f7f755e63a,Deprecated reports,z params,2022-07-01T10:30:14.587Z,1444,ecooltra706,no
EF_postgresql,18616,si,Monthly progress of Unique Riders,640e5db3a5a7,https://app.mode.com/editor/ecooltra706/reports/640e5db3a5a7,Deprecated reports,barcelona,2019-12-09T08:16:27.999Z,2379,ecooltra706,no
EF_postgresql,18616,si,Monthly progress of Unique Riders,640e5db3a5a7,https://app.mode.com/editor/ecooltra706/reports/640e5db3a5a7,Deprecated reports,lisbon,2019-12-09T08:16:27.999Z,2379,ecooltra706,no
EF_postgresql,18616,si,Monthly progress of Unique Riders,640e5db3a5a7,https://app.mode.com/editor/ecooltra706/reports/640e5db3a5a7,Deprecated reports,madrid,2019-12-09T08:16:27.999Z,2379,ecooltra706,no
EF_postgresql,18616,si,Monthly progress of Unique Riders,640e5db3a5a7,https://app.mode.com/editor/ecooltra706/reports/640e5db3a5a7,Deprecated reports,milan,2019-12-09T08:16:27.999Z,2379,ecooltra706,no
EF_postgresql,18616,si,Monthly progress of Unique Riders,640e5db3a5a7,https://app.mode.com/editor/ecooltra706/reports/640e5db3a5a7,Deprecated reports,rome,2019-12-09T08:16:27.999Z,2379,ecooltra706,no
EF_postgresql,18616,si,Monthly progress of Unique Riders,640e5db3a5a7,https://app.mode.com/editor/ecooltra706/reports/640e5db3a5a7,Deprecated reports,all_cities,2019-12-09T08:16:27.999Z,2379,ecooltra706,no
EF_postgresql,18616,si,Monthly progress of Unique Riders,640e5db3a5a7,https://app.mode.com/editor/ecooltra706/reports/640e5db3a5a7,Deprecated reports,valencia,2019-12-09T08:16:27.999Z,2379,ecooltra706,no
EF_postgresql,18616,si,Monthly progress of Unique Riders,640e5db3a5a7,https://app.mode.com/editor/ecooltra706/reports/640e5db3a5a7,Deprecated reports,z _ forecast_avg_new_riders,2019-12-09T08:16:27.999Z,2379,ecooltra706,no
EF_postgresql,18616,si,Monthly progress of Minutes,a0d89e6c42df,https://app.mode.com/editor/ecooltra706/reports/a0d89e6c42df,Deprecated reports,barcelona,2021-03-04T13:58:48.667Z,1927,ecooltra706,no
EF_postgresql,18616,si,Monthly progress of Minutes,a0d89e6c42df,https://app.mode.com/editor/ecooltra706/reports/a0d89e6c42df,Deprecated reports,lisbon,2021-03-04T13:58:48.667Z,1927,ecooltra706,no
EF_postgresql,18616,si,Monthly progress of Minutes,a0d89e6c42df,https://app.mode.com/editor/ecooltra706/reports/a0d89e6c42df,Deprecated reports,madrid,2021-03-04T13:58:48.667Z,1927,ecooltra706,no
EF_postgresql,18616,si,Monthly progress of Minutes,a0d89e6c42df,https://app.mode.com/editor/ecooltra706/reports/a0d89e6c42df,Deprecated reports,milan,2021-03-04T13:58:48.667Z,1927,ecooltra706,no
EF_postgresql,18616,si,Monthly progress of Minutes,a0d89e6c42df,https://app.mode.com/editor/ecooltra706/reports/a0d89e6c42df,Deprecated reports,rome,2021-03-04T13:58:48.667Z,1927,ecooltra706,no
EF_postgresql,18616,si,Monthly progress of Minutes,a0d89e6c42df,https://app.mode.com/editor/ecooltra706/reports/a0d89e6c42df,Deprecated reports,all_cities,2021-03-04T13:58:48.667Z,1927,ecooltra706,no
EF_postgresql,18616,si,Monthly progress of Minutes,a0d89e6c42df,https://app.mode.com/editor/ecooltra706/reports/a0d89e6c42df,Deprecated reports,valencia,2021-03-04T13:58:48.667Z,1927,ecooltra706,no
EF_postgresql,18616,si,Monthly progress of Minutes,a0d89e6c42df,https://app.mode.com/editor/ecooltra706/reports/a0d89e6c42df,Deprecated reports,z _ forecast_avg_new_riders,2021-03-04T13:58:48.667Z,1927,ecooltra706,no
EF_postgresql,18616,si,ABCDE Final Analysis by Oriol,ade910d659d6,https://app.mode.com/editor/ecooltra706/reports/ade910d659d6,eCooltra ABC(DE) Analysis,Query 1,2019-08-22T12:23:52.771Z,2488,ecooltra706,no
EF_postgresql,18616,si,"Monthly ABC(DE) (No rental filter, excluding refunds)",d79a2b10bfb1,https://app.mode.com/editor/ecooltra706/reports/d79a2b10bfb1,eCooltra ABC(DE) Analysis,ABC(DE) Breakdown over time,2019-08-22T12:14:52.952Z,2488,ecooltra706,no
EF_postgresql,18616,si,"Monthly ABC(DE) (No rental filter, excluding refunds)",d79a2b10bfb1,https://app.mode.com/editor/ecooltra706/reports/d79a2b10bfb1,eCooltra ABC(DE) Analysis,Form: Month,2019-08-22T12:14:52.952Z,2488,ecooltra706,no
EF_postgresql,18616,si,"Monthly ABC(DE) (No rental filter, excluding refunds)",d79a2b10bfb1,https://app.mode.com/editor/ecooltra706/reports/d79a2b10bfb1,eCooltra ABC(DE) Analysis,Users,2019-08-22T12:14:52.952Z,2488,ecooltra706,no
EF_postgresql,18616,si,"Monthly ABC(DE) (Rentals prefiltered, excluding refunds)",5d60163d8892,https://app.mode.com/editor/ecooltra706/reports/5d60163d8892,eCooltra ABC(DE) Analysis,ABC(DE) Breakdown over time,2019-08-22T12:07:01.325Z,2488,ecooltra706,no
EF_postgresql,18616,si,"Monthly ABC(DE) (Rentals prefiltered, excluding refunds)",5d60163d8892,https://app.mode.com/editor/ecooltra706/reports/5d60163d8892,eCooltra ABC(DE) Analysis,Form: Month,2019-08-22T12:07:01.325Z,2488,ecooltra706,no
EF_postgresql,18616,si,"Monthly ABC(DE) (Rentals prefiltered, excluding refunds)",5d60163d8892,https://app.mode.com/editor/ecooltra706/reports/5d60163d8892,eCooltra ABC(DE) Analysis,Users,2019-08-22T12:07:01.325Z,2488,ecooltra706,no
EF_postgresql,18616,si,Monthly ABC(DE)_ Milan,276c4553c7d1,https://app.mode.com/editor/ecooltra706/reports/276c4553c7d1,eCooltra ABC(DE) Analysis,ABC(DE) Breakdown over time,2019-08-22T11:36:00.010Z,2488,ecooltra706,no
EF_postgresql,18616,si,Monthly ABC(DE)_ Milan,276c4553c7d1,https://app.mode.com/editor/ecooltra706/reports/276c4553c7d1,eCooltra ABC(DE) Analysis,Form: Month,2019-08-22T11:36:00.010Z,2488,ecooltra706,no
EF_postgresql,18616,si,Monthly ABC(DE)_ Milan,276c4553c7d1,https://app.mode.com/editor/ecooltra706/reports/276c4553c7d1,eCooltra ABC(DE) Analysis,Users,2019-08-22T11:36:00.010Z,2488,ecooltra706,no
EF_postgresql,18616,si,Monthly ABC(DE)_ Lisbon,d4f87bd37f7b,https://app.mode.com/editor/ecooltra706/reports/d4f87bd37f7b,eCooltra ABC(DE) Analysis,ABC(DE) Breakdown over time,2019-08-22T11:32:15.107Z,2488,ecooltra706,no
EF_postgresql,18616,si,Monthly ABC(DE)_ Lisbon,d4f87bd37f7b,https://app.mode.com/editor/ecooltra706/reports/d4f87bd37f7b,eCooltra ABC(DE) Analysis,Form: Month,2019-08-22T11:32:15.107Z,2488,ecooltra706,no
EF_postgresql,18616,si,Monthly ABC(DE)_ Lisbon,d4f87bd37f7b,https://app.mode.com/editor/ecooltra706/reports/d4f87bd37f7b,eCooltra ABC(DE) Analysis,Users,2019-08-22T11:32:15.107Z,2488,ecooltra706,no
EF_postgresql,18616,si,Monthly ABC(DE)_ Rome,9eb3e72b3e82,https://app.mode.com/editor/ecooltra706/reports/9eb3e72b3e82,eCooltra ABC(DE) Analysis,ABC(DE) Breakdown over time,2019-08-22T11:30:43.866Z,2488,ecooltra706,no
EF_postgresql,18616,si,Monthly ABC(DE)_ Rome,9eb3e72b3e82,https://app.mode.com/editor/ecooltra706/reports/9eb3e72b3e82,eCooltra ABC(DE) Analysis,Form: Month,2019-08-22T11:30:43.866Z,2488,ecooltra706,no
EF_postgresql,18616,si,Monthly ABC(DE)_ Rome,9eb3e72b3e82,https://app.mode.com/editor/ecooltra706/reports/9eb3e72b3e82,eCooltra ABC(DE) Analysis,Users,2019-08-22T11:30:43.866Z,2488,ecooltra706,no
EF_postgresql,18616,si,Monthly ABC(DE)_ Madrid,7a861b5d2e85,https://app.mode.com/editor/ecooltra706/reports/7a861b5d2e85,eCooltra ABC(DE) Analysis,ABC(DE) Breakdown over time,2019-08-22T11:28:53.809Z,2488,ecooltra706,no
EF_postgresql,18616,si,Monthly ABC(DE)_ Madrid,7a861b5d2e85,https://app.mode.com/editor/ecooltra706/reports/7a861b5d2e85,eCooltra ABC(DE) Analysis,Form: Month,2019-08-22T11:28:53.809Z,2488,ecooltra706,no
EF_postgresql,18616,si,Monthly ABC(DE)_ Madrid,7a861b5d2e85,https://app.mode.com/editor/ecooltra706/reports/7a861b5d2e85,eCooltra ABC(DE) Analysis,Users,2019-08-22T11:28:53.809Z,2488,ecooltra706,no
EF_postgresql,18616,si,Monthly ABC(DE)_ Barcelona,f40c5c672c36,https://app.mode.com/editor/ecooltra706/reports/f40c5c672c36,eCooltra ABC(DE) Analysis,ABC(DE) Breakdown over time,2019-08-22T11:26:02.517Z,2488,ecooltra706,no
EF_postgresql,18616,si,Monthly ABC(DE)_ Barcelona,f40c5c672c36,https://app.mode.com/editor/ecooltra706/reports/f40c5c672c36,eCooltra ABC(DE) Analysis,Form: Month,2019-08-22T11:26:02.517Z,2488,ecooltra706,no
EF_postgresql,18616,si,Monthly ABC(DE)_ Barcelona,f40c5c672c36,https://app.mode.com/editor/ecooltra706/reports/f40c5c672c36,eCooltra ABC(DE) Analysis,Users,2019-08-22T11:26:02.517Z,2488,ecooltra706,no
EF_postgresql,18616,si,Monthly ABC(DE)_ Valencia,03e6072b0e1a,https://app.mode.com/editor/ecooltra706/reports/03e6072b0e1a,eCooltra ABC(DE) Analysis,ABC(DE) Breakdown over time,2019-08-22T07:51:02.492Z,2488,ecooltra706,no
EF_postgresql,18616,si,Monthly ABC(DE)_ Valencia,03e6072b0e1a,https://app.mode.com/editor/ecooltra706/reports/03e6072b0e1a,eCooltra ABC(DE) Analysis,Form: Month,2019-08-22T07:51:02.492Z,2488,ecooltra706,no
EF_postgresql,18616,si,Monthly ABC(DE)_ Valencia,03e6072b0e1a,https://app.mode.com/editor/ecooltra706/reports/03e6072b0e1a,eCooltra ABC(DE) Analysis,Users,2019-08-22T07:51:02.492Z,2488,ecooltra706,no
EF_postgresql,18616,si,Lifetime ABC(DE),6db8e1a5f57d,https://app.mode.com/editor/ecooltra706/reports/6db8e1a5f57d,eCooltra ABC(DE) Analysis,"""A"" Users",2019-08-22T06:21:33.568Z,2488,ecooltra706,no
EF_postgresql,18616,si,Lifetime ABC(DE),6db8e1a5f57d,https://app.mode.com/editor/ecooltra706/reports/6db8e1a5f57d,eCooltra ABC(DE) Analysis,"""B"" Users",2019-08-22T06:21:33.568Z,2488,ecooltra706,no
EF_postgresql,18616,si,Lifetime ABC(DE),6db8e1a5f57d,https://app.mode.com/editor/ecooltra706/reports/6db8e1a5f57d,eCooltra ABC(DE) Analysis,"""C"" Users",2019-08-22T06:21:33.568Z,2488,ecooltra706,no
EF_postgresql,18616,si,Lifetime ABC(DE),6db8e1a5f57d,https://app.mode.com/editor/ecooltra706/reports/6db8e1a5f57d,eCooltra ABC(DE) Analysis,"""D"" Users",2019-08-22T06:21:33.568Z,2488,ecooltra706,no
EF_postgresql,18616,si,Lifetime ABC(DE),6db8e1a5f57d,https://app.mode.com/editor/ecooltra706/reports/6db8e1a5f57d,eCooltra ABC(DE) Analysis,"""E"" Users",2019-08-22T06:21:33.568Z,2488,ecooltra706,no
EF_postgresql,18616,si,Lifetime ABC(DE),6db8e1a5f57d,https://app.mode.com/editor/ecooltra706/reports/6db8e1a5f57d,eCooltra ABC(DE) Analysis,ABC(DE)  Average over lifetime,2019-08-22T06:21:33.568Z,2488,ecooltra706,no
EF_postgresql,18616,si,Lifetime ABC(DE),6db8e1a5f57d,https://app.mode.com/editor/ecooltra706/reports/6db8e1a5f57d,eCooltra ABC(DE) Analysis,Users with spending details,2019-08-22T06:21:33.568Z,2488,ecooltra706,no
EF_postgresql,18616,si,Approved Users with Missing Data,d11a77acad27,https://app.mode.com/editor/ecooltra706/reports/d11a77acad27,Exports,Aggregated Data,2020-03-02T14:38:53.722Z,2294,ecooltra706,no
EF_postgresql,18616,si,Approved Users with Missing Data,d11a77acad27,https://app.mode.com/editor/ecooltra706/reports/d11a77acad27,Exports,Users with missing data,2020-03-02T14:38:53.722Z,2294,ecooltra706,no
EF_postgresql,18616,si,Scooter Servicing State,2c8872eafc49,https://app.mode.com/editor/ecooltra706/reports/2c8872eafc49,Exports,current servicing state,2022-12-09T08:59:34.397Z,1283,ecooltra706,no
EF_postgresql,18616,si,Users without Duplicates,9e85e33e69eb,https://app.mode.com/editor/ecooltra706/reports/9e85e33e69eb,Exports,Users without Duplicates,2020-12-01T08:07:21.702Z,2021,ecooltra706,no
EF_postgresql,18616,si,Users without Duplicates,9e85e33e69eb,https://app.mode.com/editor/ecooltra706/reports/9e85e33e69eb,Exports,Users without Duplicates extended,2020-12-01T08:07:21.702Z,2021,ecooltra706,no
EF_postgresql,18616,si,Charges with 0% VAT,f0d398954e3a,https://app.mode.com/editor/ecooltra706/reports/f0d398954e3a,Exports,Charges with 0% VAT,2019-08-30T11:07:47.273Z,2480,ecooltra706,no
EF_postgresql,18616,si,Ratings per OS,1516e7b02f9d,https://app.mode.com/editor/ecooltra706/reports/1516e7b02f9d,IT,Query 1,2022-05-06T10:22:47.696Z,1500,ecooltra706,no
EF_postgresql,18616,si,Automatic sync,a9edb88b720d,https://app.mode.com/editor/ecooltra706/reports/a9edb88b720d,IT,"Factures pendents usuaris ""deleted""",2023-02-01T15:20:58.394Z,1228,ecooltra706,no
EF_postgresql,18616,si,Automatic sync,a9edb88b720d,https://app.mode.com/editor/ecooltra706/reports/a9edb88b720d,IT,Query 3,2023-02-01T15:20:58.394Z,1228,ecooltra706,no
EF_postgresql,18616,si,Automatic sync,a9edb88b720d,https://app.mode.com/editor/ecooltra706/reports/a9edb88b720d,IT,02 Automatic Sync,2023-02-01T15:20:58.394Z,1228,ecooltra706,no
EF_postgresql,18616,si,Automatic sync,a9edb88b720d,https://app.mode.com/editor/ecooltra706/reports/a9edb88b720d,IT,01.a Invoices,2023-02-01T15:20:58.394Z,1228,ecooltra706,no
EF_postgresql,18616,si,Automatic sync,a9edb88b720d,https://app.mode.com/editor/ecooltra706/reports/a9edb88b720d,IT,01.b Invoices with more than one VAT,2023-02-01T15:20:58.394Z,1228,ecooltra706,no
EF_postgresql,18616,si,[GROUP] YTD Revenue Progress,ffce1c93cf39,https://app.mode.com/editor/ecooltra706/reports/ffce1c93cf39,OB,Time information:,2022-12-01T09:18:01.055Z,1291,ecooltra706,no
EF_postgresql,18616,si,[GROUP] YTD Revenue Progress,ffce1c93cf39,https://app.mode.com/editor/ecooltra706/reports/ffce1c93cf39,OB,02 Real FF,2022-12-01T09:18:01.055Z,1291,ecooltra706,no
EF_postgresql,18616,si,[GROUP] Monthly Revenue per Region (BBPP & Forecast),b4b347c47f06,https://app.mode.com/editor/ecooltra706/reports/b4b347c47f06,OB,02 Real FF,2022-12-01T09:16:37.226Z,1291,ecooltra706,no
EF_postgresql,18616,si,[GROUP] YTD Revenue Progress (with BBPP and Forecast),6c31ca33c9a6,https://app.mode.com/editor/ecooltra706/reports/6c31ca33c9a6,OB,02 Real FF,2022-12-01T09:12:38.122Z,1291,ecooltra706,no
EF_postgresql,18616,si,[GROUP] YTD Revenue Progress (with BBPP and Forecast),6c31ca33c9a6,https://app.mode.com/editor/ecooltra706/reports/6c31ca33c9a6,OB,Time information:,2022-12-01T09:12:38.122Z,1291,ecooltra706,no
EF_postgresql,18616,si,[GROUP] Monthly Revenue per Region,588075736482,https://app.mode.com/editor/ecooltra706/reports/588075736482,OB,02 Real FF,2022-12-01T09:08:14.202Z,1291,ecooltra706,no
EF_postgresql,18616,si,[GROUP] YTD Revenue per Region,d86565f7704b,https://app.mode.com/editor/ecooltra706/reports/d86565f7704b,OB,02 Real FF,2022-12-01T09:06:19.964Z,1291,ecooltra706,no
EF_postgresql,18616,si,[GROUP] Monthly Revenue Progress,9a054f43dce4,https://app.mode.com/editor/ecooltra706/reports/9a054f43dce4,OB,02 Real FF,2022-12-01T09:02:46.779Z,1291,ecooltra706,no
EF_postgresql,18616,si,[GROUP] Monthly Revenue Progress,9a054f43dce4,https://app.mode.com/editor/ecooltra706/reports/9a054f43dce4,OB,00 Month,2022-12-01T09:02:46.779Z,1291,ecooltra706,no
EF_postgresql,18616,si,[GROUP] Monthly Revenue Progress,9a054f43dce4,https://app.mode.com/editor/ecooltra706/reports/9a054f43dce4,OB,Time information:,2022-12-01T09:02:46.779Z,1291,ecooltra706,no
EF_postgresql,18616,si,[GROUP] Monthly Revenue per Region (with BBPP and Forecast),6b7259bffde3,https://app.mode.com/editor/ecooltra706/reports/6b7259bffde3,OB,02 Real FF,2023-07-06T08:30:34.504Z,1074,ecooltra706,no
EF_postgresql,18616,si,[GROUP] Monthly Revenue per Region (with BBPP and Forecast),6b7259bffde3,https://app.mode.com/editor/ecooltra706/reports/6b7259bffde3,OB,03 BBPP,2023-07-06T08:30:34.504Z,1074,ecooltra706,no
EF_postgresql,18616,si,[GROUP] Monthly Revenue per Region (with BBPP and Forecast),6b7259bffde3,https://app.mode.com/editor/ecooltra706/reports/6b7259bffde3,OB,03 Forecast,2023-07-06T08:30:34.504Z,1074,ecooltra706,no
EF_postgresql,18616,si,[GROUP] Monthly Revenue Progress (with BBPP and Forecast),e2fd1ad22479,https://app.mode.com/editor/ecooltra706/reports/e2fd1ad22479,OB,01 BBPP,2023-02-06T16:16:39.912Z,1223,ecooltra706,no
EF_postgresql,18616,si,[GROUP] Monthly Revenue Progress (with BBPP and Forecast),e2fd1ad22479,https://app.mode.com/editor/ecooltra706/reports/e2fd1ad22479,OB,01 Forecast,2023-02-06T16:16:39.912Z,1223,ecooltra706,no
EF_postgresql,18616,si,[GROUP] Monthly Revenue Progress (with BBPP and Forecast),e2fd1ad22479,https://app.mode.com/editor/ecooltra706/reports/e2fd1ad22479,OB,Time information:,2023-02-06T16:16:39.912Z,1223,ecooltra706,no
EF_postgresql,18616,si,[GROUP] Monthly Revenue Progress (with BBPP and Forecast),e2fd1ad22479,https://app.mode.com/editor/ecooltra706/reports/e2fd1ad22479,OB,02 Real FF,2023-02-06T16:16:39.912Z,1223,ecooltra706,no
EF_postgresql,18616,si,YTD Revenue per Region (with BBPP and Forecast),876f62d0d276,https://app.mode.com/editor/ecooltra706/reports/876f62d0d276,OB,02 Real FF,2022-12-01T08:43:51.356Z,1291,ecooltra706,no
EF_postgresql,18616,si,YTD Revenue per Region (with BBPP and Forecast),876f62d0d276,https://app.mode.com/editor/ecooltra706/reports/876f62d0d276,OB,03 BBPP,2022-12-01T08:43:51.356Z,1291,ecooltra706,no
EF_postgresql,18616,si,Clone of Users with expired driver license,41cdf2471172,https://app.mode.com/editor/ecooltra706/reports/41cdf2471172,Personal,01 Users/rentals expired license,2023-07-13T16:22:56.231Z,1066,ecooltra706,no
EF_postgresql,18616,si,Clone of Users with expired driver license,41cdf2471172,https://app.mode.com/editor/ecooltra706/reports/41cdf2471172,Personal,02 Next 3 months expiring,2023-07-13T16:22:56.231Z,1066,ecooltra706,no
EF_postgresql,18616,si,Clone of Users with expired driver license,41cdf2471172,https://app.mode.com/editor/ecooltra706/reports/41cdf2471172,Personal,Query 5,2023-07-13T16:22:56.231Z,1066,ecooltra706,no
EF_postgresql,18616,si,Clone of Users with expired driver license,41cdf2471172,https://app.mode.com/editor/ecooltra706/reports/41cdf2471172,Personal,Query 5,2023-07-13T16:22:56.231Z,1066,ecooltra706,no
EF_postgresql,18616,si,[TEST] CLAUSES,d110e310ae9a,https://app.mode.com/editor/ecooltra706/reports/d110e310ae9a,Personal,COALESCE,2023-03-22T14:49:30.313Z,1179,ecooltra706,no
EF_postgresql,18616,si,Testers & Versions 4.6,aecebcc1ca26,https://app.mode.com/editor/ecooltra706/reports/aecebcc1ca26,Personal,Query 5,2022-02-18T10:07:38.496Z,1577,ecooltra706,no
EF_postgresql,18616,si,Testers & Versions 4.6,aecebcc1ca26,https://app.mode.com/editor/ecooltra706/reports/aecebcc1ca26,Personal,Query 6,2022-02-18T10:07:38.496Z,1577,ecooltra706,no
EF_postgresql,18616,si,Testers & Versions 4.6,aecebcc1ca26,https://app.mode.com/editor/ecooltra706/reports/aecebcc1ca26,Personal,Query 7,2022-02-18T10:07:38.496Z,1577,ecooltra706,no
EF_postgresql,18616,si,Testers & Versions 4.6,aecebcc1ca26,https://app.mode.com/editor/ecooltra706/reports/aecebcc1ca26,Personal,Query 5,2022-02-18T10:07:38.496Z,1577,ecooltra706,no
EF_postgresql,18616,si,Testers & Versions 4.6,aecebcc1ca26,https://app.mode.com/editor/ecooltra706/reports/aecebcc1ca26,Personal,Query 4,2022-02-18T10:07:38.496Z,1577,ecooltra706,no
EF_postgresql,18616,si,Testers & Versions 4.6,aecebcc1ca26,https://app.mode.com/editor/ecooltra706/reports/aecebcc1ca26,Personal,Query 5,2022-02-18T10:07:38.496Z,1577,ecooltra706,no
EF_postgresql,18616,si,Testers & Versions 4.6,aecebcc1ca26,https://app.mode.com/editor/ecooltra706/reports/aecebcc1ca26,Personal,Query 9,2022-02-18T10:07:38.496Z,1577,ecooltra706,no
EF_postgresql,18616,si,Testers & Versions 4.6,aecebcc1ca26,https://app.mode.com/editor/ecooltra706/reports/aecebcc1ca26,Personal,Query 9,2022-02-18T10:07:38.496Z,1577,ecooltra706,no
EF_postgresql,18616,si,Testers & Versions 4.6,aecebcc1ca26,https://app.mode.com/editor/ecooltra706/reports/aecebcc1ca26,Personal,Query 8,2022-02-18T10:07:38.496Z,1577,ecooltra706,no
EF_postgresql,18616,si,Testers & Versions 4.6,aecebcc1ca26,https://app.mode.com/editor/ecooltra706/reports/aecebcc1ca26,Personal,La bona,2022-02-18T10:07:38.496Z,1577,ecooltra706,no
EF_postgresql,18616,si,Clone of [MKT] Pricing ABC test - 2022,9c4c51f98dd1,https://app.mode.com/editor/ecooltra706/reports/9c4c51f98dd1,Personal,Query 8,2022-02-16T09:58:02.768Z,1579,ecooltra706,no
EF_postgresql,18616,si,Clone of [MKT] Pricing ABC test - 2022,9c4c51f98dd1,https://app.mode.com/editor/ecooltra706/reports/9c4c51f98dd1,Personal,NPS,2022-02-16T09:58:02.768Z,1579,ecooltra706,no
EF_postgresql,18616,si,Clone of [MKT] Pricing ABC test - 2022,9c4c51f98dd1,https://app.mode.com/editor/ecooltra706/reports/9c4c51f98dd1,Personal,00 Statistics,2022-02-16T09:58:02.768Z,1579,ecooltra706,no
EF_postgresql,18616,si,Clone of [MKT] Pricing ABC test - 2022,9c4c51f98dd1,https://app.mode.com/editor/ecooltra706/reports/9c4c51f98dd1,Personal,01 Rentals and revenue,2022-02-16T09:58:02.768Z,1579,ecooltra706,no
EF_postgresql,18616,si,Clone of [MKT] Pricing ABC test - 2022,9c4c51f98dd1,https://app.mode.com/editor/ecooltra706/reports/9c4c51f98dd1,Personal,z params,2022-02-16T09:58:02.768Z,1579,ecooltra706,no
EF_postgresql,18616,si,Clone of [MKT] Pricing ABC test - 2022,9c4c51f98dd1,https://app.mode.com/editor/ecooltra706/reports/9c4c51f98dd1,Personal,03 NPS raw data,2022-02-16T09:58:02.768Z,1579,ecooltra706,no
EF_postgresql,18616,si,Clone of [MKT] Pricing ABC test - 2022,9c4c51f98dd1,https://app.mode.com/editor/ecooltra706/reports/9c4c51f98dd1,Personal,Query 9,2022-02-16T09:58:02.768Z,1579,ecooltra706,no
EF_postgresql,18616,si,Clone of [MKT] Pricing ABC test - 2022,9c4c51f98dd1,https://app.mode.com/editor/ecooltra706/reports/9c4c51f98dd1,Personal,05 Subscriptions,2022-02-16T09:58:02.768Z,1579,ecooltra706,no
EF_postgresql,18616,si,test_cities_0222,77062abfe47d,https://app.mode.com/editor/ecooltra706/reports/77062abfe47d,Personal,Activated cities,2022-02-08T12:49:50.209Z,1586,ecooltra706,no
EF_postgresql,18616,si,test_cities_0222,77062abfe47d,https://app.mode.com/editor/ecooltra706/reports/77062abfe47d,Personal,Query 2,2022-02-08T12:49:50.209Z,1586,ecooltra706,no
EF_postgresql,18616,si,test_cities_0222,77062abfe47d,https://app.mode.com/editor/ecooltra706/reports/77062abfe47d,Personal,Rentals month/gender,2022-02-08T12:49:50.209Z,1586,ecooltra706,no
EF_postgresql,18616,si,test_cities_0222,77062abfe47d,https://app.mode.com/editor/ecooltra706/reports/77062abfe47d,Personal,Revenues city/year,2022-02-08T12:49:50.209Z,1586,ecooltra706,no
EF_postgresql,18616,si,Practica datetime/string,8cc2d48286e9,https://app.mode.com/editor/ecooltra706/reports/8cc2d48286e9,Personal,Query 2,2022-02-21T15:34:54.406Z,1573,ecooltra706,no
EF_postgresql,18616,si,Practica datetime/string,8cc2d48286e9,https://app.mode.com/editor/ecooltra706/reports/8cc2d48286e9,Personal,Query 4,2022-02-21T15:34:54.406Z,1573,ecooltra706,no
EF_postgresql,18616,si,Practica datetime/string,8cc2d48286e9,https://app.mode.com/editor/ecooltra706/reports/8cc2d48286e9,Personal,Query 1,2022-02-21T15:34:54.406Z,1573,ecooltra706,no
EF_postgresql,18616,si,Practica datetime/string,8cc2d48286e9,https://app.mode.com/editor/ecooltra706/reports/8cc2d48286e9,Personal,Query 3,2022-02-21T15:34:54.406Z,1573,ecooltra706,no
EF_postgresql,18616,si,Paris unique users,27668e2be88e,https://app.mode.com/editor/ecooltra706/reports/27668e2be88e,Personal,Query 1,2022-02-17T15:41:42.531Z,1577,ecooltra706,no
EF_postgresql,18616,si,Paris unique users,27668e2be88e,https://app.mode.com/editor/ecooltra706/reports/27668e2be88e,Personal,Query 3,2022-02-17T15:41:42.531Z,1577,ecooltra706,no
EF_postgresql,18616,si,Paris unique users,27668e2be88e,https://app.mode.com/editor/ecooltra706/reports/27668e2be88e,Personal,Query 2,2022-02-17T15:41:42.531Z,1577,ecooltra706,no
EF_postgresql,18616,si,Single User Queries,05a693df10a9,https://app.mode.com/editor/ecooltra706/reports/05a693df10a9,Personal,Query 1,2022-02-16T08:35:55.996Z,1579,ecooltra706,no
EF_postgresql,18616,si,Single User Queries,05a693df10a9,https://app.mode.com/editor/ecooltra706/reports/05a693df10a9,Personal,Query 2,2022-02-16T08:35:55.996Z,1579,ecooltra706,no
EF_postgresql,18616,si,Single User Queries,05a693df10a9,https://app.mode.com/editor/ecooltra706/reports/05a693df10a9,Personal,Query 3,2022-02-16T08:35:55.996Z,1579,ecooltra706,no
EF_postgresql,18616,si,Practica 10-11 febrer,01a8e45e8daa,https://app.mode.com/editor/ecooltra706/reports/01a8e45e8daa,Personal,Query 3,2022-02-14T08:59:44.087Z,1581,ecooltra706,no
EF_postgresql,18616,si,Practica 10-11 febrer,01a8e45e8daa,https://app.mode.com/editor/ecooltra706/reports/01a8e45e8daa,Personal,01 big spenders,2022-02-14T08:59:44.087Z,1581,ecooltra706,no
EF_postgresql,18616,si,Practica 10-11 febrer,01a8e45e8daa,https://app.mode.com/editor/ecooltra706/reports/01a8e45e8daa,Personal,02 full query,2022-02-14T08:59:44.087Z,1581,ecooltra706,no
EF_postgresql,18616,si,Practica 10-11 febrer,01a8e45e8daa,https://app.mode.com/editor/ecooltra706/reports/01a8e45e8daa,Personal,Query 3,2022-02-14T08:59:44.087Z,1581,ecooltra706,no
EF_postgresql,18616,si,,38d14993074f,https://app.mode.com/editor/ecooltra706/reports/38d14993074f,Personal,Query 1,2022-02-10T15:51:17.036Z,1584,ecooltra706,no
EF_postgresql,18616,si,Gender Bias,bd5c8d93db86,https://app.mode.com/editor/ecooltra706/reports/bd5c8d93db86,Personal,01 Total x city,2022-02-07T10:25:45.420Z,1588,ecooltra706,no
EF_postgresql,18616,si,Gender Bias,bd5c8d93db86,https://app.mode.com/editor/ecooltra706/reports/bd5c8d93db86,Personal,02 Total x city clean,2022-02-07T10:25:45.420Z,1588,ecooltra706,no
EF_postgresql,18616,si,Gender Bias,bd5c8d93db86,https://app.mode.com/editor/ecooltra706/reports/bd5c8d93db86,Personal,Query 3,2022-02-07T10:25:45.420Z,1588,ecooltra706,no
EF_postgresql,18616,si,Gender Bias,bd5c8d93db86,https://app.mode.com/editor/ecooltra706/reports/bd5c8d93db86,Personal,03 Total x city,2022-02-07T10:25:45.420Z,1588,ecooltra706,no
EF_postgresql,18616,si,Gender Bias,bd5c8d93db86,https://app.mode.com/editor/ecooltra706/reports/bd5c8d93db86,Personal,04 Lluis solution,2022-02-07T10:25:45.420Z,1588,ecooltra706,no
EF_postgresql,18616,si,Proves Home Alone,d39ad97ff2e1,https://app.mode.com/editor/ecooltra706/reports/d39ad97ff2e1,Personal,Query 1,2022-01-24T17:30:42.967Z,1601,ecooltra706,no
EF_postgresql,18616,si,Dormant analysis,69fc2f3c54ed,https://app.mode.com/editor/ecooltra706/reports/69fc2f3c54ed,Personal,Query 1,2024-01-11T13:19:17.220Z,884,ecooltra706,no
EF_postgresql,18616,si,Dormant analysis,69fc2f3c54ed,https://app.mode.com/editor/ecooltra706/reports/69fc2f3c54ed,Personal,Query 3,2024-01-11T13:19:17.220Z,884,ecooltra706,no
EF_postgresql,18616,si,Dormant analysis,69fc2f3c54ed,https://app.mode.com/editor/ecooltra706/reports/69fc2f3c54ed,Personal,Query 4,2024-01-11T13:19:17.220Z,884,ecooltra706,no
EF_postgresql,18616,si,Clone of [SWA/SINGLE] Swapping analysis,99c54fbdc761,https://app.mode.com/editor/ecooltra706/reports/99c54fbdc761,Personal,param: system,2022-09-23T11:58:55.845Z,1360,ecooltra706,no
EF_postgresql,18616,si,Clone of [SWA/SINGLE] Swapping analysis,99c54fbdc761,https://app.mode.com/editor/ecooltra706/reports/99c54fbdc761,Personal,geo_fences,2022-09-23T11:58:55.845Z,1360,ecooltra706,no
EF_postgresql,18616,si,Clone of [SWA/SINGLE] Swapping analysis,99c54fbdc761,https://app.mode.com/editor/ecooltra706/reports/99c54fbdc761,Personal,Query 10,2022-09-23T11:58:55.845Z,1360,ecooltra706,no
EF_postgresql,18616,si,Clone of [SWA/SINGLE] Swapping analysis,99c54fbdc761,https://app.mode.com/editor/ecooltra706/reports/99c54fbdc761,Personal,Query 11,2022-09-23T11:58:55.845Z,1360,ecooltra706,no
EF_postgresql,18616,si,Clone of [SWA/SINGLE] Swapping analysis,99c54fbdc761,https://app.mode.com/editor/ecooltra706/reports/99c54fbdc761,Personal,Detalles últimos X días,2022-09-23T11:58:55.845Z,1360,ecooltra706,no
EF_postgresql,18616,si,Clone of [SWA/SINGLE] Swapping analysis,99c54fbdc761,https://app.mode.com/editor/ecooltra706/reports/99c54fbdc761,Personal,Sessions included in your selection,2022-09-23T11:58:55.845Z,1360,ecooltra706,no
EF_postgresql,18616,si,Clone of [SWA/SINGLE] Swapping analysis,99c54fbdc761,https://app.mode.com/editor/ecooltra706/reports/99c54fbdc761,Personal,Summary for selected interval,2022-09-23T11:58:55.845Z,1360,ecooltra706,no
EF_postgresql,18616,si,Clone of [SWA/SINGLE] Swapping analysis,99c54fbdc761,https://app.mode.com/editor/ecooltra706/reports/99c54fbdc761,Personal,z - dummy sfsi,2022-09-23T11:58:55.845Z,1360,ecooltra706,no
EF_postgresql,18616,si,Clone of [SWA/SINGLE] Swapping analysis,99c54fbdc761,https://app.mode.com/editor/ecooltra706/reports/99c54fbdc761,Personal,Swaps,2022-09-23T11:58:55.845Z,1360,ecooltra706,no
EF_postgresql,18616,si,Clone of [SWA/SINGLE] Swapping analysis,99c54fbdc761,https://app.mode.com/editor/ecooltra706/reports/99c54fbdc761,Personal,city,2022-09-23T11:58:55.845Z,1360,ecooltra706,no
EF_postgresql,18616,si,Clone of [SWA/SINGLE] Swapping analysis,99c54fbdc761,https://app.mode.com/editor/ecooltra706/reports/99c54fbdc761,Personal,Daily rain,2022-09-23T11:58:55.845Z,1360,ecooltra706,no
EF_postgresql,18616,si,MONTHLY FUNNEL,628b0ee29e38,https://app.mode.com/editor/ecooltra706/reports/628b0ee29e38,Personal,02 Registrations completed,2022-05-12T07:10:50.069Z,1494,ecooltra706,no
EF_postgresql,18616,si,MONTHLY FUNNEL,628b0ee29e38,https://app.mode.com/editor/ecooltra706/reports/628b0ee29e38,Personal,02.1 MONTHLY UNIQUE RIDERS,2022-05-12T07:10:50.069Z,1494,ecooltra706,no
EF_postgresql,18616,si,MONTHLY FUNNEL,628b0ee29e38,https://app.mode.com/editor/ecooltra706/reports/628b0ee29e38,Personal,01 REGISTRATIONS,2022-05-12T07:10:50.069Z,1494,ecooltra706,no
EF_postgresql,18616,si,MONTHLY FUNNEL,628b0ee29e38,https://app.mode.com/editor/ecooltra706/reports/628b0ee29e38,Personal,05 NEW RIDERS,2022-05-12T07:10:50.069Z,1494,ecooltra706,no
EF_postgresql,18616,si,MONTHLY FUNNEL,628b0ee29e38,https://app.mode.com/editor/ecooltra706/reports/628b0ee29e38,Personal,03 ACTIVATIONS,2022-05-12T07:10:50.069Z,1494,ecooltra706,no
EF_postgresql,18616,si,MONTHLY FUNNEL,628b0ee29e38,https://app.mode.com/editor/ecooltra706/reports/628b0ee29e38,Personal,04 RIDERS,2022-05-12T07:10:50.069Z,1494,ecooltra706,no
EF_postgresql,18616,si,MONTHLY FUNNEL,628b0ee29e38,https://app.mode.com/editor/ecooltra706/reports/628b0ee29e38,Personal,00 FUNNEL,2022-05-12T07:10:50.069Z,1494,ecooltra706,no
EF_postgresql,18616,si,Onboarding Fabio,953cbb639603,https://app.mode.com/editor/ecooltra706/reports/953cbb639603,Personal,Query 1,2022-04-21T15:45:13.400Z,1514,ecooltra706,no
EF_postgresql,18616,si,Onboarding Fabio,953cbb639603,https://app.mode.com/editor/ecooltra706/reports/953cbb639603,Personal,Query 2,2022-04-21T15:45:13.400Z,1514,ecooltra706,no
EF_postgresql,18616,si,Onboarding Fabio,953cbb639603,https://app.mode.com/editor/ecooltra706/reports/953cbb639603,Personal,Query 4,2022-04-21T15:45:13.400Z,1514,ecooltra706,no
EF_postgresql,18616,si,Onboarding Fabio,953cbb639603,https://app.mode.com/editor/ecooltra706/reports/953cbb639603,Personal,Query 6,2022-04-21T15:45:13.400Z,1514,ecooltra706,no
EF_postgresql,18616,si,Onboarding Fabio,953cbb639603,https://app.mode.com/editor/ecooltra706/reports/953cbb639603,Personal,Query 17,2022-04-21T15:45:13.400Z,1514,ecooltra706,no
EF_postgresql,18616,si,Onboarding Fabio,953cbb639603,https://app.mode.com/editor/ecooltra706/reports/953cbb639603,Personal,Query 3,2022-04-21T15:45:13.400Z,1514,ecooltra706,no
EF_postgresql,18616,si,Onboarding Fabio,953cbb639603,https://app.mode.com/editor/ecooltra706/reports/953cbb639603,Personal,Query 14,2022-04-21T15:45:13.400Z,1514,ecooltra706,no
EF_postgresql,18616,si,Onboarding Fabio,953cbb639603,https://app.mode.com/editor/ecooltra706/reports/953cbb639603,Personal,Query 15,2022-04-21T15:45:13.400Z,1514,ecooltra706,no
EF_postgresql,18616,si,Onboarding Fabio,953cbb639603,https://app.mode.com/editor/ecooltra706/reports/953cbb639603,Personal,Query 16,2022-04-21T15:45:13.400Z,1514,ecooltra706,no
EF_postgresql,18616,si,Onboarding Fabio,953cbb639603,https://app.mode.com/editor/ecooltra706/reports/953cbb639603,Personal,Query 12,2022-04-21T15:45:13.400Z,1514,ecooltra706,no
EF_postgresql,18616,si,Onboarding Fabio,953cbb639603,https://app.mode.com/editor/ecooltra706/reports/953cbb639603,Personal,Query 18,2022-04-21T15:45:13.400Z,1514,ecooltra706,no
EF_postgresql,18616,si,Onboarding Fabio,953cbb639603,https://app.mode.com/editor/ecooltra706/reports/953cbb639603,Personal,Query 19,2022-04-21T15:45:13.400Z,1514,ecooltra706,no
EF_postgresql,18616,si,Onboarding Fabio,953cbb639603,https://app.mode.com/editor/ecooltra706/reports/953cbb639603,Personal,Query 5,2022-04-21T15:45:13.400Z,1514,ecooltra706,no
EF_postgresql,18616,si,Onboarding Fabio,953cbb639603,https://app.mode.com/editor/ecooltra706/reports/953cbb639603,Personal,Query 20,2022-04-21T15:45:13.400Z,1514,ecooltra706,no
EF_postgresql,18616,si,Onboarding Fabio,953cbb639603,https://app.mode.com/editor/ecooltra706/reports/953cbb639603,Personal,Query 9,2022-04-21T15:45:13.400Z,1514,ecooltra706,no
EF_postgresql,18616,si,Onboarding Fabio,953cbb639603,https://app.mode.com/editor/ecooltra706/reports/953cbb639603,Personal,Query 11,2022-04-21T15:45:13.400Z,1514,ecooltra706,no
EF_postgresql,18616,si,Onboarding Fabio,953cbb639603,https://app.mode.com/editor/ecooltra706/reports/953cbb639603,Personal,Query 10,2022-04-21T15:45:13.400Z,1514,ecooltra706,no
EF_postgresql,18616,si,Onboarding Fabio,953cbb639603,https://app.mode.com/editor/ecooltra706/reports/953cbb639603,Personal,Query 13,2022-04-21T15:45:13.400Z,1514,ecooltra706,no
EF_postgresql,18616,si,COOLTRA15CPC promocode report,f66e2675ca3b,https://app.mode.com/editor/ecooltra706/reports/f66e2675ca3b,Personal,a.2) Funnel Activats,2022-04-06T11:20:54.660Z,1530,ecooltra706,no
EF_postgresql,18616,si,COOLTRA15CPC promocode report,f66e2675ca3b,https://app.mode.com/editor/ecooltra706/reports/f66e2675ca3b,Personal,Timestamp,2022-04-06T11:20:54.660Z,1530,ecooltra706,no
EF_postgresql,18616,si,COOLTRA15CPC promocode report,f66e2675ca3b,https://app.mode.com/editor/ecooltra706/reports/f66e2675ca3b,Personal,a) Funnel,2022-04-06T11:20:54.660Z,1530,ecooltra706,no
EF_postgresql,18616,si,COOLTRA15CPC promocode report,f66e2675ca3b,https://app.mode.com/editor/ecooltra706/reports/f66e2675ca3b,Personal,a.1) Funnel Iniciats,2022-04-06T11:20:54.660Z,1530,ecooltra706,no
EF_postgresql,18616,si,COOLTRA15CPC promocode report,f66e2675ca3b,https://app.mode.com/editor/ecooltra706/reports/f66e2675ca3b,Personal,a.3) Funnel Riders,2022-04-06T11:20:54.660Z,1530,ecooltra706,no
EF_postgresql,18616,si,COOLTRA15CPC promocode report,f66e2675ca3b,https://app.mode.com/editor/ecooltra706/reports/f66e2675ca3b,Personal,b) Invoiced,2022-04-06T11:20:54.660Z,1530,ecooltra706,no
EF_postgresql,18616,si,COOLTRA15CPC promocode report,f66e2675ca3b,https://app.mode.com/editor/ecooltra706/reports/f66e2675ca3b,Personal,c) Cobrado,2022-04-06T11:20:54.660Z,1530,ecooltra706,no
EF_postgresql,18616,si,COOLTRA15CPC promocode report,f66e2675ca3b,https://app.mode.com/editor/ecooltra706/reports/f66e2675ca3b,Personal,d) User data,2022-04-06T11:20:54.660Z,1530,ecooltra706,no
EF_postgresql,18616,si,COOLTRA15CPC promocode report,f66e2675ca3b,https://app.mode.com/editor/ecooltra706/reports/f66e2675ca3b,Personal,d2) User data,2022-04-06T11:20:54.660Z,1530,ecooltra706,no
EF_postgresql,18616,si,COOLTRA15CPC promocode report,f66e2675ca3b,https://app.mode.com/editor/ecooltra706/reports/f66e2675ca3b,Personal,e) Activated users,2022-04-06T11:20:54.660Z,1530,ecooltra706,no
EF_postgresql,18616,si,COOLTRA15CPC promocode report,f66e2675ca3b,https://app.mode.com/editor/ecooltra706/reports/f66e2675ca3b,Personal,e2) Initiated registers data,2022-04-06T11:20:54.660Z,1530,ecooltra706,no
EF_postgresql,18616,si,COOLTRA15CPC promocode report,f66e2675ca3b,https://app.mode.com/editor/ecooltra706/reports/f66e2675ca3b,Personal,Query 13,2022-04-06T11:20:54.660Z,1530,ecooltra706,no
EF_postgresql,18616,si,COOLTRA15CPC promocode report,f66e2675ca3b,https://app.mode.com/editor/ecooltra706/reports/f66e2675ca3b,Personal,f) Initiated and activated,2022-04-06T11:20:54.660Z,1530,ecooltra706,no
EF_postgresql,18616,si,COOLTRA15CPC promocode report,f66e2675ca3b,https://app.mode.com/editor/ecooltra706/reports/f66e2675ca3b,Personal,e3) Activated registers data,2022-04-06T11:20:54.660Z,1530,ecooltra706,no
EF_postgresql,18616,si,COOLTRA15CPC promocode report,f66e2675ca3b,https://app.mode.com/editor/ecooltra706/reports/f66e2675ca3b,Personal,d3) Activated Users,2022-04-06T11:20:54.660Z,1530,ecooltra706,no
EF_postgresql,18616,si,COOLTRA15CPC promocode report,f66e2675ca3b,https://app.mode.com/editor/ecooltra706/reports/f66e2675ca3b,Personal,Query 16,2022-04-06T11:20:54.660Z,1530,ecooltra706,no
EF_postgresql,18616,si,,f5a6b2abaf68,https://app.mode.com/editor/ecooltra706/reports/f5a6b2abaf68,Personal,Query 8,2022-03-16T16:24:47.862Z,1550,ecooltra706,no
EF_postgresql,18616,si,,f5a6b2abaf68,https://app.mode.com/editor/ecooltra706/reports/f5a6b2abaf68,Personal,Query 1,2022-03-16T16:24:47.862Z,1550,ecooltra706,no
EF_postgresql,18616,si,,f5a6b2abaf68,https://app.mode.com/editor/ecooltra706/reports/f5a6b2abaf68,Personal,Query 3,2022-03-16T16:24:47.862Z,1550,ecooltra706,no
EF_postgresql,18616,si,,f5a6b2abaf68,https://app.mode.com/editor/ecooltra706/reports/f5a6b2abaf68,Personal,Query 2,2022-03-16T16:24:47.862Z,1550,ecooltra706,no
EF_postgresql,18616,si,,f5a6b2abaf68,https://app.mode.com/editor/ecooltra706/reports/f5a6b2abaf68,Personal,Query 5,2022-03-16T16:24:47.862Z,1550,ecooltra706,no
EF_postgresql,18616,si,,f5a6b2abaf68,https://app.mode.com/editor/ecooltra706/reports/f5a6b2abaf68,Personal,Query 4,2022-03-16T16:24:47.862Z,1550,ecooltra706,no
EF_postgresql,18616,si,,f5a6b2abaf68,https://app.mode.com/editor/ecooltra706/reports/f5a6b2abaf68,Personal,Query 6,2022-03-16T16:24:47.862Z,1550,ecooltra706,no
EF_postgresql,18616,si,,f5a6b2abaf68,https://app.mode.com/editor/ecooltra706/reports/f5a6b2abaf68,Personal,Query 7,2022-03-16T16:24:47.862Z,1550,ecooltra706,no
EF_postgresql,18616,si,,f5a6b2abaf68,https://app.mode.com/editor/ecooltra706/reports/f5a6b2abaf68,Personal,Query 9,2022-03-16T16:24:47.862Z,1550,ecooltra706,no
EF_postgresql,18616,si,Clone of [OFFICIAL] ACTIVATIONS REPORT,fc7462372f3c,https://app.mode.com/editor/ecooltra706/reports/fc7462372f3c,Personal,01 Registros últimos 7 días,2022-03-10T12:40:52.467Z,1556,ecooltra706,no
EF_postgresql,18616,si,Clone of [OFFICIAL] ACTIVATIONS REPORT,fc7462372f3c,https://app.mode.com/editor/ecooltra706/reports/fc7462372f3c,Personal,02 Activaciones últimos 7 días,2022-03-10T12:40:52.467Z,1556,ecooltra706,no
EF_postgresql,18616,si,Clone of [OFFICIAL] ACTIVATIONS REPORT,fc7462372f3c,https://app.mode.com/editor/ecooltra706/reports/fc7462372f3c,Personal,03 Rejected y Corrections Requested últimos 7 días,2022-03-10T12:40:52.467Z,1556,ecooltra706,no
EF_postgresql,18616,si,Clone of [OFFICIAL] ACTIVATIONS REPORT,fc7462372f3c,https://app.mode.com/editor/ecooltra706/reports/fc7462372f3c,Personal,04 Registros por hora últimos 7 días,2022-03-10T12:40:52.467Z,1556,ecooltra706,no
EF_postgresql,18616,si,Clone of [OFFICIAL] ACTIVATIONS REPORT,fc7462372f3c,https://app.mode.com/editor/ecooltra706/reports/fc7462372f3c,Personal,05 Activaciones por Operador últimos 7 días,2022-03-10T12:40:52.467Z,1556,ecooltra706,no
EF_postgresql,18616,si,Clone of [OFFICIAL] ACTIVATIONS REPORT,fc7462372f3c,https://app.mode.com/editor/ecooltra706/reports/fc7462372f3c,Personal,06 Diferencia Creación - Activación hoy,2022-03-10T12:40:52.467Z,1556,ecooltra706,no
EF_postgresql,18616,si,Clone of [OFFICIAL] ACTIVATIONS REPORT,fc7462372f3c,https://app.mode.com/editor/ecooltra706/reports/fc7462372f3c,Personal,07 Corrections requested por operador últimos 7 días,2022-03-10T12:40:52.467Z,1556,ecooltra706,no
EF_postgresql,18616,si,Clone of [OFFICIAL] ACTIVATIONS REPORT,fc7462372f3c,https://app.mode.com/editor/ecooltra706/reports/fc7462372f3c,Personal,08 Rejected por operador últimos 7 días,2022-03-10T12:40:52.467Z,1556,ecooltra706,no
EF_postgresql,18616,si,Clone of [OFFICIAL] ACTIVATIONS REPORT,fc7462372f3c,https://app.mode.com/editor/ecooltra706/reports/fc7462372f3c,Personal,09 Totals,2022-03-10T12:40:52.467Z,1556,ecooltra706,no
EF_postgresql,18616,si,Data Analyst - Sergi,f07912f83994,https://app.mode.com/editor/ecooltra706/reports/f07912f83994,Personal,Query 2,2022-03-10T17:06:45.955Z,1556,ecooltra706,no
EF_postgresql,18616,si,Data Analyst - Sergi,f07912f83994,https://app.mode.com/editor/ecooltra706/reports/f07912f83994,Personal,Query 1,2022-03-10T17:06:45.955Z,1556,ecooltra706,no
EF_postgresql,18616,si,Data Analyst - Sergi,f07912f83994,https://app.mode.com/editor/ecooltra706/reports/f07912f83994,Personal,Query 3,2022-03-10T17:06:45.955Z,1556,ecooltra706,no
EF_postgresql,18616,si,Data Analyst - Sergi,f07912f83994,https://app.mode.com/editor/ecooltra706/reports/f07912f83994,Personal,Query 4,2022-03-10T17:06:45.955Z,1556,ecooltra706,no
EF_postgresql,18616,si,Club employes promocode report,f9f45928757a,https://app.mode.com/editor/ecooltra706/reports/f9f45928757a,Personal,a.1) Funnel Iniciats,2022-02-09T08:28:18.452Z,1586,ecooltra706,no
EF_postgresql,18616,si,Club employes promocode report,f9f45928757a,https://app.mode.com/editor/ecooltra706/reports/f9f45928757a,Personal,a.2) Funnel Activats,2022-02-09T08:28:18.452Z,1586,ecooltra706,no
EF_postgresql,18616,si,Club employes promocode report,f9f45928757a,https://app.mode.com/editor/ecooltra706/reports/f9f45928757a,Personal,d3) Activated Users,2022-02-09T08:28:18.452Z,1586,ecooltra706,no
EF_postgresql,18616,si,Club employes promocode report,f9f45928757a,https://app.mode.com/editor/ecooltra706/reports/f9f45928757a,Personal,Query 16,2022-02-09T08:28:18.452Z,1586,ecooltra706,no
EF_postgresql,18616,si,Club employes promocode report,f9f45928757a,https://app.mode.com/editor/ecooltra706/reports/f9f45928757a,Personal,a) Funnel,2022-02-09T08:28:18.452Z,1586,ecooltra706,no
EF_postgresql,18616,si,Club employes promocode report,f9f45928757a,https://app.mode.com/editor/ecooltra706/reports/f9f45928757a,Personal,a.3) Funnel Riders,2022-02-09T08:28:18.452Z,1586,ecooltra706,no
EF_postgresql,18616,si,Club employes promocode report,f9f45928757a,https://app.mode.com/editor/ecooltra706/reports/f9f45928757a,Personal,b) Invoiced,2022-02-09T08:28:18.452Z,1586,ecooltra706,no
EF_postgresql,18616,si,Club employes promocode report,f9f45928757a,https://app.mode.com/editor/ecooltra706/reports/f9f45928757a,Personal,c) Cobrado,2022-02-09T08:28:18.452Z,1586,ecooltra706,no
EF_postgresql,18616,si,Club employes promocode report,f9f45928757a,https://app.mode.com/editor/ecooltra706/reports/f9f45928757a,Personal,d) User data,2022-02-09T08:28:18.452Z,1586,ecooltra706,no
EF_postgresql,18616,si,Club employes promocode report,f9f45928757a,https://app.mode.com/editor/ecooltra706/reports/f9f45928757a,Personal,d2) User data,2022-02-09T08:28:18.452Z,1586,ecooltra706,no
EF_postgresql,18616,si,Club employes promocode report,f9f45928757a,https://app.mode.com/editor/ecooltra706/reports/f9f45928757a,Personal,e) Activated users,2022-02-09T08:28:18.452Z,1586,ecooltra706,no
EF_postgresql,18616,si,Club employes promocode report,f9f45928757a,https://app.mode.com/editor/ecooltra706/reports/f9f45928757a,Personal,e2) Initiated registers data,2022-02-09T08:28:18.452Z,1586,ecooltra706,no
EF_postgresql,18616,si,Club employes promocode report,f9f45928757a,https://app.mode.com/editor/ecooltra706/reports/f9f45928757a,Personal,e2) Initiated registers data (current month),2022-02-09T08:28:18.452Z,1586,ecooltra706,no
EF_postgresql,18616,si,Club employes promocode report,f9f45928757a,https://app.mode.com/editor/ecooltra706/reports/f9f45928757a,Personal,Timestamp,2022-02-09T08:28:18.452Z,1586,ecooltra706,no
EF_postgresql,18616,si,Club employes promocode report,f9f45928757a,https://app.mode.com/editor/ecooltra706/reports/f9f45928757a,Personal,e3) Activated registers data,2022-02-09T08:28:18.452Z,1586,ecooltra706,no
EF_postgresql,18616,si,Club employes promocode report,f9f45928757a,https://app.mode.com/editor/ecooltra706/reports/f9f45928757a,Personal,Query 15,2022-02-09T08:28:18.452Z,1586,ecooltra706,no
EF_postgresql,18616,si,Pricing ABC test,0ffb07c0b8e4,https://app.mode.com/editor/ecooltra706/reports/0ffb07c0b8e4,Personal,Query 11,2022-01-27T16:30:50.374Z,1598,ecooltra706,no
EF_postgresql,18616,si,Pricing ABC test,0ffb07c0b8e4,https://app.mode.com/editor/ecooltra706/reports/0ffb07c0b8e4,Personal,Query 11,2022-01-27T16:30:50.374Z,1598,ecooltra706,no
EF_postgresql,18616,si,Pricing ABC test,0ffb07c0b8e4,https://app.mode.com/editor/ecooltra706/reports/0ffb07c0b8e4,Personal,Query 13,2022-01-27T16:30:50.374Z,1598,ecooltra706,no
EF_postgresql,18616,si,Pricing ABC test,0ffb07c0b8e4,https://app.mode.com/editor/ecooltra706/reports/0ffb07c0b8e4,Personal,Query 14,2022-01-27T16:30:50.374Z,1598,ecooltra706,no
EF_postgresql,18616,si,Pricing ABC test,0ffb07c0b8e4,https://app.mode.com/editor/ecooltra706/reports/0ffb07c0b8e4,Personal,Query 15,2022-01-27T16:30:50.374Z,1598,ecooltra706,no
EF_postgresql,18616,si,Pricing ABC test,0ffb07c0b8e4,https://app.mode.com/editor/ecooltra706/reports/0ffb07c0b8e4,Personal,Query 16,2022-01-27T16:30:50.374Z,1598,ecooltra706,no
EF_postgresql,18616,si,Pricing ABC test,0ffb07c0b8e4,https://app.mode.com/editor/ecooltra706/reports/0ffb07c0b8e4,Personal,NPS,2022-01-27T16:30:50.374Z,1598,ecooltra706,no
EF_postgresql,18616,si,Pricing ABC test,0ffb07c0b8e4,https://app.mode.com/editor/ecooltra706/reports/0ffb07c0b8e4,Personal,Query 4,2022-01-27T16:30:50.374Z,1598,ecooltra706,no
EF_postgresql,18616,si,Pricing ABC test,0ffb07c0b8e4,https://app.mode.com/editor/ecooltra706/reports/0ffb07c0b8e4,Personal,Query 8,2022-01-27T16:30:50.374Z,1598,ecooltra706,no
EF_postgresql,18616,si,Pricing ABC test,0ffb07c0b8e4,https://app.mode.com/editor/ecooltra706/reports/0ffb07c0b8e4,Personal,Query 10,2022-01-27T16:30:50.374Z,1598,ecooltra706,no
EF_postgresql,18616,si,Pricing ABC test,0ffb07c0b8e4,https://app.mode.com/editor/ecooltra706/reports/0ffb07c0b8e4,Personal,Query 3,2022-01-27T16:30:50.374Z,1598,ecooltra706,no
EF_postgresql,18616,si,Pricing ABC test,0ffb07c0b8e4,https://app.mode.com/editor/ecooltra706/reports/0ffb07c0b8e4,Personal,01 Revenue from rentals,2022-01-27T16:30:50.374Z,1598,ecooltra706,no
EF_postgresql,18616,si,Pricing ABC test,0ffb07c0b8e4,https://app.mode.com/editor/ecooltra706/reports/0ffb07c0b8e4,Personal,00 Statistics,2022-01-27T16:30:50.374Z,1598,ecooltra706,no
EF_postgresql,18616,si,Pricing ABC test,0ffb07c0b8e4,https://app.mode.com/editor/ecooltra706/reports/0ffb07c0b8e4,Personal,Query 6,2022-01-27T16:30:50.374Z,1598,ecooltra706,no
EF_postgresql,18616,si,Pricing ABC test,0ffb07c0b8e4,https://app.mode.com/editor/ecooltra706/reports/0ffb07c0b8e4,Personal,Query 7,2022-01-27T16:30:50.374Z,1598,ecooltra706,no
EF_postgresql,18616,si,Pricing ABC test,0ffb07c0b8e4,https://app.mode.com/editor/ecooltra706/reports/0ffb07c0b8e4,Personal,Query 9,2022-01-27T16:30:50.374Z,1598,ecooltra706,no
EF_postgresql,18616,si,Pricing ABC test,0ffb07c0b8e4,https://app.mode.com/editor/ecooltra706/reports/0ffb07c0b8e4,Personal,Query 17,2022-01-27T16:30:50.374Z,1598,ecooltra706,no
EF_postgresql,18616,si,CODICE SCONTO promocode report,78a4ed39e006,https://app.mode.com/editor/ecooltra706/reports/78a4ed39e006,Personal,a.3) Funnel Riders,2022-01-31T15:28:09.348Z,1594,ecooltra706,no
EF_postgresql,18616,si,CODICE SCONTO promocode report,78a4ed39e006,https://app.mode.com/editor/ecooltra706/reports/78a4ed39e006,Personal,Query 12,2022-01-31T15:28:09.348Z,1594,ecooltra706,no
EF_postgresql,18616,si,CODICE SCONTO promocode report,78a4ed39e006,https://app.mode.com/editor/ecooltra706/reports/78a4ed39e006,Personal,a.1) Funnel Iniciats,2022-01-31T15:28:09.348Z,1594,ecooltra706,no
EF_postgresql,18616,si,CODICE SCONTO promocode report,78a4ed39e006,https://app.mode.com/editor/ecooltra706/reports/78a4ed39e006,Personal,a.2) Funnel Activats,2022-01-31T15:28:09.348Z,1594,ecooltra706,no
EF_postgresql,18616,si,CODICE SCONTO promocode report,78a4ed39e006,https://app.mode.com/editor/ecooltra706/reports/78a4ed39e006,Personal,b) Invoiced,2022-01-31T15:28:09.348Z,1594,ecooltra706,no
EF_postgresql,18616,si,CODICE SCONTO promocode report,78a4ed39e006,https://app.mode.com/editor/ecooltra706/reports/78a4ed39e006,Personal,c) Cobrado,2022-01-31T15:28:09.348Z,1594,ecooltra706,no
EF_postgresql,18616,si,CODICE SCONTO promocode report,78a4ed39e006,https://app.mode.com/editor/ecooltra706/reports/78a4ed39e006,Personal,d) User data,2022-01-31T15:28:09.348Z,1594,ecooltra706,no
EF_postgresql,18616,si,CODICE SCONTO promocode report,78a4ed39e006,https://app.mode.com/editor/ecooltra706/reports/78a4ed39e006,Personal,d2) User data,2022-01-31T15:28:09.348Z,1594,ecooltra706,no
EF_postgresql,18616,si,CODICE SCONTO promocode report,78a4ed39e006,https://app.mode.com/editor/ecooltra706/reports/78a4ed39e006,Personal,e) Activated users,2022-01-31T15:28:09.348Z,1594,ecooltra706,no
EF_postgresql,18616,si,CODICE SCONTO promocode report,78a4ed39e006,https://app.mode.com/editor/ecooltra706/reports/78a4ed39e006,Personal,e2) Initiated registers data,2022-01-31T15:28:09.348Z,1594,ecooltra706,no
EF_postgresql,18616,si,CODICE SCONTO promocode report,78a4ed39e006,https://app.mode.com/editor/ecooltra706/reports/78a4ed39e006,Personal,e3) Initiated registers data (current month),2022-01-31T15:28:09.348Z,1594,ecooltra706,no
EF_postgresql,18616,si,,97fcb95f0639,https://app.mode.com/editor/ecooltra706/reports/97fcb95f0639,Personal,Query 2,2021-10-22T08:12:08.919Z,1696,ecooltra706,no
EF_postgresql,18616,si,,97fcb95f0639,https://app.mode.com/editor/ecooltra706/reports/97fcb95f0639,Personal,Query 1,2021-10-22T08:12:08.919Z,1696,ecooltra706,no
EF_postgresql,18616,si,Proves amb PENDING TO BE INVOICED,fa019e3b9c47,https://app.mode.com/editor/ecooltra706/reports/fa019e3b9c47,Personal,Query 1,2021-10-04T09:17:17.394Z,1714,ecooltra706,no
EF_postgresql,18616,si,Proves amb PENDING TO BE INVOICED,fa019e3b9c47,https://app.mode.com/editor/ecooltra706/reports/fa019e3b9c47,Personal,Query 2,2021-10-04T09:17:17.394Z,1714,ecooltra706,no
EF_postgresql,18616,si,Proves amb PENDING TO BE INVOICED,fa019e3b9c47,https://app.mode.com/editor/ecooltra706/reports/fa019e3b9c47,Personal,Query 3,2021-10-04T09:17:17.394Z,1714,ecooltra706,no
EF_postgresql,18616,si,Proves amb PENDING TO BE INVOICED,fa019e3b9c47,https://app.mode.com/editor/ecooltra706/reports/fa019e3b9c47,Personal,Query 4,2021-10-04T09:17:17.394Z,1714,ecooltra706,no
EF_postgresql,18616,si,Proves amb PENDING TO BE INVOICED,fa019e3b9c47,https://app.mode.com/editor/ecooltra706/reports/fa019e3b9c47,Personal,Query 5,2021-10-04T09:17:17.394Z,1714,ecooltra706,no
EF_postgresql,18616,si,,456980e00f2b,https://app.mode.com/editor/ecooltra706/reports/456980e00f2b,Personal,Query 1,2021-07-19T07:49:47.433Z,1791,ecooltra706,no
EF_postgresql,18616,si,,456980e00f2b,https://app.mode.com/editor/ecooltra706/reports/456980e00f2b,Personal,Query 2,2021-07-19T07:49:47.433Z,1791,ecooltra706,no
EF_postgresql,18616,si,,456980e00f2b,https://app.mode.com/editor/ecooltra706/reports/456980e00f2b,Personal,Query 3,2021-07-19T07:49:47.433Z,1791,ecooltra706,no
EF_postgresql,18616,si,Users con contry_code = FR,796ea93f00c0,https://app.mode.com/editor/ecooltra706/reports/796ea93f00c0,Personal,Query 1,2021-06-28T10:23:55.045Z,1812,ecooltra706,no
EF_postgresql,18616,si,Riders únicos en ciudades españolas en febrero 2021,625b81cef4e7,https://app.mode.com/editor/ecooltra706/reports/625b81cef4e7,Personal,Query 1,2021-03-02T11:43:21.016Z,1930,ecooltra706,no
EF_postgresql_backup,40594,si,Location of fined rentals,5a6ed83d3288,https://app.mode.com/editor/ecooltra706/reports/5a6ed83d3288,++ City Managers,01 Multas,2023-02-17T08:58:52.491Z,1213,ecooltra706,no
EF_postgresql_backup,40594,si,Location of fined rentals,5a6ed83d3288,https://app.mode.com/editor/ecooltra706/reports/5a6ed83d3288,++ City Managers,02 City centers,2023-02-17T08:58:52.491Z,1213,ecooltra706,no
EF_postgresql_backup,40594,si,Location of fined rentals,5a6ed83d3288,https://app.mode.com/editor/ecooltra706/reports/5a6ed83d3288,++ City Managers,03 Madrid 2022,2023-02-17T08:58:52.491Z,1213,ecooltra706,no
EF_postgresql_backup,40594,si,Location of fined rentals,5a6ed83d3288,https://app.mode.com/editor/ecooltra706/reports/5a6ed83d3288,++ City Managers,z params,2023-02-17T08:58:52.491Z,1213,ecooltra706,no
EF_postgresql_backup,40594,si,Location of fined rentals,5a6ed83d3288,https://app.mode.com/editor/ecooltra706/reports/5a6ed83d3288,++ City Managers,Query 4,2023-02-17T08:58:52.491Z,1213,ecooltra706,no
EF_postgresql_backup,40594,si,[OFFICIAL ECOOLTRA] MONTHLY KPIS FOR COOLTRA GROUP REPORTING,fb3f9451fa4d,https://app.mode.com/editor/ecooltra706/reports/fb3f9451fa4d,++ City Managers,02 YTD UNIQUE RIDERS,2023-05-01T05:08:23.490Z,1140,ecooltra706,no
EF_postgresql_backup,40594,si,[OFFICIAL ECOOLTRA] MONTHLY KPIS FOR COOLTRA GROUP REPORTING,fb3f9451fa4d,https://app.mode.com/editor/ecooltra706/reports/fb3f9451fa4d,++ City Managers,06.4 Riders,2023-05-01T05:08:23.490Z,1140,ecooltra706,no
EF_postgresql_backup,40594,si,[OFFICIAL ECOOLTRA] MONTHLY KPIS FOR COOLTRA GROUP REPORTING,fb3f9451fa4d,https://app.mode.com/editor/ecooltra706/reports/fb3f9451fa4d,++ City Managers,03.1 YEARLY NET INVOICED,2023-05-01T05:08:23.490Z,1140,ecooltra706,no
EF_postgresql_backup,40594,si,[OFFICIAL ECOOLTRA] MONTHLY KPIS FOR COOLTRA GROUP REPORTING,fb3f9451fa4d,https://app.mode.com/editor/ecooltra706/reports/fb3f9451fa4d,++ City Managers,03.5 YTD revenue per rider,2023-05-01T05:08:23.490Z,1140,ecooltra706,no
EF_postgresql_backup,40594,si,[OFFICIAL ECOOLTRA] MONTHLY KPIS FOR COOLTRA GROUP REPORTING,fb3f9451fa4d,https://app.mode.com/editor/ecooltra706/reports/fb3f9451fa4d,++ City Managers,06.6 YTD total RPR,2023-05-01T05:08:23.490Z,1140,ecooltra706,no
EF_postgresql_backup,40594,si,[OFFICIAL ECOOLTRA] MONTHLY KPIS FOR COOLTRA GROUP REPORTING,fb3f9451fa4d,https://app.mode.com/editor/ecooltra706/reports/fb3f9451fa4d,++ City Managers,06.7 % new riders / unique riders,2023-05-01T05:08:23.490Z,1140,ecooltra706,no
EF_postgresql_backup,40594,si,[OFFICIAL ECOOLTRA] MONTHLY KPIS FOR COOLTRA GROUP REPORTING,fb3f9451fa4d,https://app.mode.com/editor/ecooltra706/reports/fb3f9451fa4d,++ City Managers,07.2 Monthly Unpaid,2023-05-01T05:08:23.490Z,1140,ecooltra706,no
EF_postgresql_backup,40594,si,[OFFICIAL ECOOLTRA] MONTHLY KPIS FOR COOLTRA GROUP REPORTING,fb3f9451fa4d,https://app.mode.com/editor/ecooltra706/reports/fb3f9451fa4d,++ City Managers,06.2 Riders,2023-05-01T05:08:23.490Z,1140,ecooltra706,no
EF_postgresql_backup,40594,si,[OFFICIAL ECOOLTRA] MONTHLY KPIS FOR COOLTRA GROUP REPORTING,fb3f9451fa4d,https://app.mode.com/editor/ecooltra706/reports/fb3f9451fa4d,++ City Managers,01 MONTHLY RENTALS PER CITY,2023-05-01T05:08:23.490Z,1140,ecooltra706,no
EF_postgresql_backup,40594,si,[OFFICIAL ECOOLTRA] MONTHLY KPIS FOR COOLTRA GROUP REPORTING,fb3f9451fa4d,https://app.mode.com/editor/ecooltra706/reports/fb3f9451fa4d,++ City Managers,01.2 YEARLY RENTALS,2023-05-01T05:08:23.490Z,1140,ecooltra706,no
EF_postgresql_backup,40594,si,[OFFICIAL ECOOLTRA] MONTHLY KPIS FOR COOLTRA GROUP REPORTING,fb3f9451fa4d,https://app.mode.com/editor/ecooltra706/reports/fb3f9451fa4d,++ City Managers,02.1 MONTHLY UNIQUE RIDERS,2023-05-01T05:08:23.490Z,1140,ecooltra706,no
EF_postgresql_backup,40594,si,[OFFICIAL ECOOLTRA] MONTHLY KPIS FOR COOLTRA GROUP REPORTING,fb3f9451fa4d,https://app.mode.com/editor/ecooltra706/reports/fb3f9451fa4d,++ City Managers,07 Monthly Unpaid,2023-05-01T05:08:23.490Z,1140,ecooltra706,no
EF_postgresql_backup,40594,si,[OFFICIAL ECOOLTRA] MONTHLY KPIS FOR COOLTRA GROUP REPORTING,fb3f9451fa4d,https://app.mode.com/editor/ecooltra706/reports/fb3f9451fa4d,++ City Managers,08 USED SCOOTERS PER MONTH,2023-05-01T05:08:23.490Z,1140,ecooltra706,no
EF_postgresql_backup,40594,si,[OFFICIAL ECOOLTRA] MONTHLY KPIS FOR COOLTRA GROUP REPORTING,fb3f9451fa4d,https://app.mode.com/editor/ecooltra706/reports/fb3f9451fa4d,++ City Managers,03.2 INVOICED FROM OB,2023-05-01T05:08:23.490Z,1140,ecooltra706,no
EF_postgresql_backup,40594,si,[OFFICIAL ECOOLTRA] MONTHLY KPIS FOR COOLTRA GROUP REPORTING,fb3f9451fa4d,https://app.mode.com/editor/ecooltra706/reports/fb3f9451fa4d,++ City Managers,05.3 ACTIVATIONS,2023-05-01T05:08:23.490Z,1140,ecooltra706,no
EF_postgresql_backup,40594,si,[OFFICIAL ECOOLTRA] MONTHLY KPIS FOR COOLTRA GROUP REPORTING,fb3f9451fa4d,https://app.mode.com/editor/ecooltra706/reports/fb3f9451fa4d,++ City Managers,10.2 LEGAL ENTITY,2023-05-01T05:08:23.490Z,1140,ecooltra706,no
EF_postgresql_backup,40594,si,[OFFICIAL ECOOLTRA] MONTHLY KPIS FOR COOLTRA GROUP REPORTING,fb3f9451fa4d,https://app.mode.com/editor/ecooltra706/reports/fb3f9451fa4d,++ City Managers,06.3 Riders,2023-05-01T05:08:23.490Z,1140,ecooltra706,no
EF_postgresql_backup,40594,si,[OFFICIAL ECOOLTRA] MONTHLY KPIS FOR COOLTRA GROUP REPORTING,fb3f9451fa4d,https://app.mode.com/editor/ecooltra706/reports/fb3f9451fa4d,++ City Managers,09 TOTAL CASH RECEIVED PER COMPANY AND MONTH,2023-05-01T05:08:23.490Z,1140,ecooltra706,no
EF_postgresql_backup,40594,si,[OFFICIAL ECOOLTRA] MONTHLY KPIS FOR COOLTRA GROUP REPORTING,fb3f9451fa4d,https://app.mode.com/editor/ecooltra706/reports/fb3f9451fa4d,++ City Managers,07.3 Monthly Unpaid,2023-05-01T05:08:23.490Z,1140,ecooltra706,no
EF_postgresql_backup,40594,si,[OFFICIAL ECOOLTRA] MONTHLY KPIS FOR COOLTRA GROUP REPORTING,fb3f9451fa4d,https://app.mode.com/editor/ecooltra706/reports/fb3f9451fa4d,++ City Managers,03.4 Revenue per scooter and year,2023-05-01T05:08:23.490Z,1140,ecooltra706,no
EF_postgresql_backup,40594,si,[OFFICIAL ECOOLTRA] MONTHLY KPIS FOR COOLTRA GROUP REPORTING,fb3f9451fa4d,https://app.mode.com/editor/ecooltra706/reports/fb3f9451fa4d,++ City Managers,02.2 TOTAL MONTHLY UNIQUE RIDERS,2023-05-01T05:08:23.490Z,1140,ecooltra706,no
EF_postgresql_backup,40594,si,[OFFICIAL ECOOLTRA] MONTHLY KPIS FOR COOLTRA GROUP REPORTING,fb3f9451fa4d,https://app.mode.com/editor/ecooltra706/reports/fb3f9451fa4d,++ City Managers,02.3 TOTAL YEARLY UNIQUE RIDERS,2023-05-01T05:08:23.490Z,1140,ecooltra706,no
EF_postgresql_backup,40594,si,[OFFICIAL ECOOLTRA] MONTHLY KPIS FOR COOLTRA GROUP REPORTING,fb3f9451fa4d,https://app.mode.com/editor/ecooltra706/reports/fb3f9451fa4d,++ City Managers,03 MONTHLY NET INVOICED PER CITY,2023-05-01T05:08:23.490Z,1140,ecooltra706,no
EF_postgresql_backup,40594,si,[OFFICIAL ECOOLTRA] MONTHLY KPIS FOR COOLTRA GROUP REPORTING,fb3f9451fa4d,https://app.mode.com/editor/ecooltra706/reports/fb3f9451fa4d,++ City Managers,04 REGISTRATIONS,2023-05-01T05:08:23.490Z,1140,ecooltra706,no
EF_postgresql_backup,40594,si,[OFFICIAL ECOOLTRA] MONTHLY KPIS FOR COOLTRA GROUP REPORTING,fb3f9451fa4d,https://app.mode.com/editor/ecooltra706/reports/fb3f9451fa4d,++ City Managers,04.2 Registraftions,2023-05-01T05:08:23.490Z,1140,ecooltra706,no
EF_postgresql_backup,40594,si,[OFFICIAL ECOOLTRA] MONTHLY KPIS FOR COOLTRA GROUP REPORTING,fb3f9451fa4d,https://app.mode.com/editor/ecooltra706/reports/fb3f9451fa4d,++ City Managers,03.3 Revenue per scooter,2023-05-01T05:08:23.490Z,1140,ecooltra706,no
EF_postgresql_backup,40594,si,[OFFICIAL ECOOLTRA] MONTHLY KPIS FOR COOLTRA GROUP REPORTING,fb3f9451fa4d,https://app.mode.com/editor/ecooltra706/reports/fb3f9451fa4d,++ City Managers,07.5 Monthly users break down,2023-05-01T05:08:23.490Z,1140,ecooltra706,no
EF_postgresql_backup,40594,si,[OFFICIAL ECOOLTRA] MONTHLY KPIS FOR COOLTRA GROUP REPORTING,fb3f9451fa4d,https://app.mode.com/editor/ecooltra706/reports/fb3f9451fa4d,++ City Managers,10 LEGAL ENTITY,2023-05-01T05:08:23.490Z,1140,ecooltra706,no
EF_postgresql_backup,40594,si,[OFFICIAL ECOOLTRA] MONTHLY KPIS FOR COOLTRA GROUP REPORTING,fb3f9451fa4d,https://app.mode.com/editor/ecooltra706/reports/fb3f9451fa4d,++ City Managers,07.4 Monthly Unpaid  invoices break down,2023-05-01T05:08:23.490Z,1140,ecooltra706,no
EF_postgresql_backup,40594,si,[OFFICIAL ECOOLTRA] MONTHLY KPIS FOR COOLTRA GROUP REPORTING,fb3f9451fa4d,https://app.mode.com/editor/ecooltra706/reports/fb3f9451fa4d,++ City Managers,04.3 Registrations completed,2023-05-01T05:08:23.490Z,1140,ecooltra706,no
EF_postgresql_backup,40594,si,[OFFICIAL ECOOLTRA] MONTHLY KPIS FOR COOLTRA GROUP REPORTING,fb3f9451fa4d,https://app.mode.com/editor/ecooltra706/reports/fb3f9451fa4d,++ City Managers,11 AVG price per minute,2023-05-01T05:08:23.490Z,1140,ecooltra706,no
EF_postgresql_backup,40594,si,[OFFICIAL ECOOLTRA] MONTHLY KPIS FOR COOLTRA GROUP REPORTING,fb3f9451fa4d,https://app.mode.com/editor/ecooltra706/reports/fb3f9451fa4d,++ City Managers,05.2 Activations,2023-05-01T05:08:23.490Z,1140,ecooltra706,no
EF_postgresql_backup,40594,si,[OFFICIAL ECOOLTRA] MONTHLY KPIS FOR COOLTRA GROUP REPORTING,fb3f9451fa4d,https://app.mode.com/editor/ecooltra706/reports/fb3f9451fa4d,++ City Managers,06.5 YTD monthly RPR,2023-05-01T05:08:23.490Z,1140,ecooltra706,no
EF_postgresql_backup,40594,si,[OFFICIAL ECOOLTRA] MONTHLY KPIS FOR COOLTRA GROUP REPORTING,fb3f9451fa4d,https://app.mode.com/editor/ecooltra706/reports/fb3f9451fa4d,++ City Managers,05 ACTIVATIONS,2023-05-01T05:08:23.490Z,1140,ecooltra706,no
EF_postgresql_backup,40594,si,[OFFICIAL ECOOLTRA] MONTHLY KPIS FOR COOLTRA GROUP REPORTING,fb3f9451fa4d,https://app.mode.com/editor/ecooltra706/reports/fb3f9451fa4d,++ City Managers,01.3 Yearly duration,2023-05-01T05:08:23.490Z,1140,ecooltra706,no
EF_postgresql_backup,40594,si,LISBOA30 - Control Report,ac5cf03781b8,https://app.mode.com/editor/ecooltra706/reports/ac5cf03781b8,++ CS team,01 City,2021-07-08T10:12:23.932Z,1802,ecooltra706,no
EF_postgresql_backup,40594,si,LISBOA30 - Control Report,ac5cf03781b8,https://app.mode.com/editor/ecooltra706/reports/ac5cf03781b8,++ CS team,02 LISBOA30 Outside Lisbon,2021-07-08T10:12:23.932Z,1802,ecooltra706,no
EF_postgresql_backup,40594,si,Cooltra Club analysis,d4aa3b158e0b,https://app.mode.com/editor/ecooltra706/reports/d4aa3b158e0b,DATA,Query 5,2023-02-24T08:50:25.939Z,1206,ecooltra706,no
EF_postgresql_backup,40594,si,Cooltra Club analysis,d4aa3b158e0b,https://app.mode.com/editor/ecooltra706/reports/d4aa3b158e0b,DATA,Query 4,2023-02-24T08:50:25.939Z,1206,ecooltra706,no
EF_postgresql_backup,40594,si,Cooltra Club analysis,d4aa3b158e0b,https://app.mode.com/editor/ecooltra706/reports/d4aa3b158e0b,DATA,2022-04,2023-02-24T08:50:25.939Z,1206,ecooltra706,no
EF_postgresql_backup,40594,si,Cooltra Club analysis,d4aa3b158e0b,https://app.mode.com/editor/ecooltra706/reports/d4aa3b158e0b,DATA,2022-07,2023-02-24T08:50:25.939Z,1206,ecooltra706,no
EF_postgresql_backup,40594,si,Cooltra Club analysis,d4aa3b158e0b,https://app.mode.com/editor/ecooltra706/reports/d4aa3b158e0b,DATA,2022-09,2023-02-24T08:50:25.939Z,1206,ecooltra706,no
EF_postgresql_backup,40594,si,Cooltra Club analysis,d4aa3b158e0b,https://app.mode.com/editor/ecooltra706/reports/d4aa3b158e0b,DATA,2022-12,2023-02-24T08:50:25.939Z,1206,ecooltra706,no
EF_postgresql_backup,40594,si,Cooltra Club analysis,d4aa3b158e0b,https://app.mode.com/editor/ecooltra706/reports/d4aa3b158e0b,DATA,2022-09,2023-02-24T08:50:25.939Z,1206,ecooltra706,no
EF_postgresql_backup,40594,si,Cooltra Club analysis,d4aa3b158e0b,https://app.mode.com/editor/ecooltra706/reports/d4aa3b158e0b,DATA,Query 13,2023-02-24T08:50:25.939Z,1206,ecooltra706,no
EF_postgresql_backup,40594,si,Cooltra Club analysis,d4aa3b158e0b,https://app.mode.com/editor/ecooltra706/reports/d4aa3b158e0b,DATA,Query 14,2023-02-24T08:50:25.939Z,1206,ecooltra706,no
EF_postgresql_backup,40594,si,Cooltra Club analysis,d4aa3b158e0b,https://app.mode.com/editor/ecooltra706/reports/d4aa3b158e0b,DATA,2022-10,2023-02-24T08:50:25.939Z,1206,ecooltra706,no
EF_postgresql_backup,40594,si,Cooltra Club analysis,d4aa3b158e0b,https://app.mode.com/editor/ecooltra706/reports/d4aa3b158e0b,DATA,2022-11,2023-02-24T08:50:25.939Z,1206,ecooltra706,no
EF_postgresql_backup,40594,si,Cooltra Club analysis,d4aa3b158e0b,https://app.mode.com/editor/ecooltra706/reports/d4aa3b158e0b,DATA,2022-03,2023-02-24T08:50:25.939Z,1206,ecooltra706,no
EF_postgresql_backup,40594,si,Cooltra Club analysis,d4aa3b158e0b,https://app.mode.com/editor/ecooltra706/reports/d4aa3b158e0b,DATA,Query 3,2023-02-24T08:50:25.939Z,1206,ecooltra706,no
EF_postgresql_backup,40594,si,Cooltra Club analysis,d4aa3b158e0b,https://app.mode.com/editor/ecooltra706/reports/d4aa3b158e0b,DATA,Query 2,2023-02-24T08:50:25.939Z,1206,ecooltra706,no
EF_postgresql_backup,40594,si,Cooltra Club analysis,d4aa3b158e0b,https://app.mode.com/editor/ecooltra706/reports/d4aa3b158e0b,DATA,2022-05,2023-02-24T08:50:25.939Z,1206,ecooltra706,no
EF_postgresql_backup,40594,si,Cooltra Club analysis,d4aa3b158e0b,https://app.mode.com/editor/ecooltra706/reports/d4aa3b158e0b,DATA,2022-08,2023-02-24T08:50:25.939Z,1206,ecooltra706,no
EF_postgresql_backup,40594,si,Cooltra Club analysis,d4aa3b158e0b,https://app.mode.com/editor/ecooltra706/reports/d4aa3b158e0b,DATA,2022-06,2023-02-24T08:50:25.939Z,1206,ecooltra706,no
EF_postgresql_backup,40594,si,Cooltra Club analysis,d4aa3b158e0b,https://app.mode.com/editor/ecooltra706/reports/d4aa3b158e0b,DATA,Query 18,2023-02-24T08:50:25.939Z,1206,ecooltra706,no
EF_postgresql_backup,40594,si,Cooltra Club analysis,d4aa3b158e0b,https://app.mode.com/editor/ecooltra706/reports/d4aa3b158e0b,DATA,Query 19,2023-02-24T08:50:25.939Z,1206,ecooltra706,no
EF_postgresql_backup,40594,si,Cooltra Club analysis,d4aa3b158e0b,https://app.mode.com/editor/ecooltra706/reports/d4aa3b158e0b,DATA,Query 20,2023-02-24T08:50:25.939Z,1206,ecooltra706,no
EF_postgresql_backup,40594,si,Cooltra Club analysis,d4aa3b158e0b,https://app.mode.com/editor/ecooltra706/reports/d4aa3b158e0b,DATA,Query 21,2023-02-24T08:50:25.939Z,1206,ecooltra706,no
EF_postgresql_backup,40594,si,Cooltra Club analysis,d4aa3b158e0b,https://app.mode.com/editor/ecooltra706/reports/d4aa3b158e0b,DATA,Query 22,2023-02-24T08:50:25.939Z,1206,ecooltra706,no
EF_postgresql_backup,40594,si,Automatic sync (monthly subscription),64b5665229ef,https://app.mode.com/editor/ecooltra706/reports/64b5665229ef,IT,02 Automatic Sync EF,2025-01-08T08:40:44.655Z,522,ecooltra706,no
ETENDO PRO Replica lectura,39596,si,[B2C-ST] ALL-Online Bookings,49f2330a0862,https://app.mode.com/editor/ecooltra706/reports/49f2330a0862,[B2C-ST] ST reporting,0_README,2024-09-11T10:04:30.440Z,641,ecooltra706,no
ETENDO PRO Replica lectura,39596,si,[B2C-ST] Raw data of online bookings,da78b7968f29,https://app.mode.com/editor/ecooltra706/reports/da78b7968f29,[B2C-ST] ST reporting,0_README,2025-02-03T19:58:53.386Z,495,ecooltra706,no
ETENDO PRO Replica lectura,39596,si,[ETENDO] PART 4 - Amortizaciones - Listado errores,3405a93d47dd,https://app.mode.com/editor/ecooltra706/reports/3405a93d47dd,[ETENDO] Amortizations,Z-estados,2024-11-25T09:04:26.588Z,566,ecooltra706,no
ETENDO PRO Replica lectura,39596,si,[ETENDO] PART 4 - Amortizaciones - Listado errores,3405a93d47dd,https://app.mode.com/editor/ecooltra706/reports/3405a93d47dd,[ETENDO] Amortizations,190-NOamortizaXmeses,2024-11-25T09:04:26.588Z,566,ecooltra706,no
ETENDO PRO Replica lectura,39596,si,[ETENDO] PART 4 - Amortizaciones - Listado errores,3405a93d47dd,https://app.mode.com/editor/ecooltra706/reports/3405a93d47dd,[ETENDO] Amortizations,180-AsientoBAJAsinFECHABAJA,2024-11-25T09:04:26.588Z,566,ecooltra706,no
ETENDO PRO Replica lectura,39596,si,[ETENDO] PART 3 - Amortizaciones - Listado errores,24b300d07fd5,https://app.mode.com/editor/ecooltra706/reports/24b300d07fd5,[ETENDO] Amortizations,Z-estados,2024-11-25T09:05:00.549Z,566,ecooltra706,no
ETENDO PRO Replica lectura,39596,si,[ETENDO] PART 3 - Amortizaciones - Listado errores,24b300d07fd5,https://app.mode.com/editor/ecooltra706/reports/24b300d07fd5,[ETENDO] Amortizations,160-CONfechafinSINfechainicio,2024-11-25T09:05:00.549Z,566,ecooltra706,no
ETENDO PRO Replica lectura,39596,si,[ETENDO] PART 3 - Amortizaciones - Listado errores,24b300d07fd5,https://app.mode.com/editor/ecooltra706/reports/24b300d07fd5,[ETENDO] Amortizations,140-SinPROPIETARIA,2024-11-25T09:05:00.549Z,566,ecooltra706,no
ETENDO PRO Replica lectura,39596,si,[ETENDO] PART 3 - Amortizaciones - Listado errores,24b300d07fd5,https://app.mode.com/editor/ecooltra706/reports/24b300d07fd5,[ETENDO] Amortizations,120-CECOhijaDIFERENTEcecoMADRE,2024-11-25T09:05:00.549Z,566,ecooltra706,no
ETENDO PRO Replica lectura,39596,si,[ETENDO] PART 3 - Amortizaciones - Listado errores,24b300d07fd5,https://app.mode.com/editor/ecooltra706/reports/24b300d07fd5,[ETENDO] Amortizations,170-NOTENROLLMENT,2024-11-25T09:05:00.549Z,566,ecooltra706,no
ETENDO PRO Replica lectura,39596,si,[ETENDO] PART 3 - Amortizaciones - Listado errores,24b300d07fd5,https://app.mode.com/editor/ecooltra706/reports/24b300d07fd5,[ETENDO] Amortizations,150-HIJASamortizanPOSTfechabaja,2024-11-25T09:05:00.549Z,566,ecooltra706,no
ETENDO PRO Replica lectura,39596,si,[ETENDO] PART 3 - Amortizaciones - Listado errores,24b300d07fd5,https://app.mode.com/editor/ecooltra706/reports/24b300d07fd5,[ETENDO] Amortizations,130-HIJASfechafinMADREfechafinNOCUADRAN,2024-11-25T09:05:00.549Z,566,ecooltra706,no
ETENDO PRO Replica lectura,39596,si,[ETENDO] PART 2 - Amortizaciones - Listado errores,7f6140fd4a25,https://app.mode.com/editor/ecooltra706/reports/7f6140fd4a25,[ETENDO] Amortizations,080-DebeTenerFECHABAJAperoNOtiene,2024-11-25T09:04:38.129Z,566,ecooltra706,no
ETENDO PRO Replica lectura,39596,si,[ETENDO] PART 2 - Amortizaciones - Listado errores,7f6140fd4a25,https://app.mode.com/editor/ecooltra706/reports/7f6140fd4a25,[ETENDO] Amortizations,105-ESTADOSaNOusar,2024-11-25T09:04:38.129Z,566,ecooltra706,no
ETENDO PRO Replica lectura,39596,si,[ETENDO] PART 2 - Amortizaciones - Listado errores,7f6140fd4a25,https://app.mode.com/editor/ecooltra706/reports/7f6140fd4a25,[ETENDO] Amortizations,100-AssetsXestado,2024-11-25T09:04:38.129Z,566,ecooltra706,no
ETENDO PRO Replica lectura,39596,si,[ETENDO] PART 2 - Amortizaciones - Listado errores,7f6140fd4a25,https://app.mode.com/editor/ecooltra706/reports/7f6140fd4a25,[ETENDO] Amortizations,070-SinPLANperoCONhijas,2024-11-25T09:04:38.129Z,566,ecooltra706,no
ETENDO PRO Replica lectura,39596,si,[ETENDO] PART 2 - Amortizaciones - Listado errores,7f6140fd4a25,https://app.mode.com/editor/ecooltra706/reports/7f6140fd4a25,[ETENDO] Amortizations,090-HijasPOSTERIORESmadre,2024-11-25T09:04:38.129Z,566,ecooltra706,no
ETENDO PRO Replica lectura,39596,si,[ETENDO] PART 2 - Amortizaciones - Listado errores,7f6140fd4a25,https://app.mode.com/editor/ecooltra706/reports/7f6140fd4a25,[ETENDO] Amortizations,Z-estados,2024-11-25T09:04:38.129Z,566,ecooltra706,no
ETENDO PRO Replica lectura,39596,si,[ETENDO] PART 2 - Amortizaciones - Listado errores,7f6140fd4a25,https://app.mode.com/editor/ecooltra706/reports/7f6140fd4a25,[ETENDO] Amortizations,110-ActivosSINestado,2024-11-25T09:04:38.129Z,566,ecooltra706,no
ETENDO PRO Replica lectura,39596,si,[ETENDO] PART 2 - Amortizaciones - Listado errores,7f6140fd4a25,https://app.mode.com/editor/ecooltra706/reports/7f6140fd4a25,[ETENDO] Amortizations,060-SinCECO,2024-11-25T09:04:38.129Z,566,ecooltra706,no
ETENDO PRO Replica lectura,39596,si,[ETENDO] PART 1 - Amortizaciones - Listado errores,89c662e580dd,https://app.mode.com/editor/ecooltra706/reports/89c662e580dd,[ETENDO] Amortizations,030-ValoresAMORTDescuadran,2025-10-09T13:53:36.692Z,247,ecooltra706,no
ETENDO PRO Replica lectura,39596,si,[ETENDO] PART 1 - Amortizaciones - Listado errores,89c662e580dd,https://app.mode.com/editor/ecooltra706/reports/89c662e580dd,[ETENDO] Amortizations,020-HijasMesesDescuadre,2025-10-09T13:53:36.692Z,247,ecooltra706,no
ETENDO PRO Replica lectura,39596,si,[ETENDO] PART 1 - Amortizaciones - Listado errores,89c662e580dd,https://app.mode.com/editor/ecooltra706/reports/89c662e580dd,[ETENDO] Amortizations,050-SinENDDATEconSTARTDATE,2025-10-09T13:53:36.692Z,247,ecooltra706,no
ETENDO PRO Replica lectura,39596,si,[ETENDO] PART 1 - Amortizaciones - Listado errores,89c662e580dd,https://app.mode.com/editor/ecooltra706/reports/89c662e580dd,[ETENDO] Amortizations,010-ConPlanSinHijas,2025-10-09T13:53:36.692Z,247,ecooltra706,no
ETENDO PRO Replica lectura,39596,si,[ETENDO] PART 1 - Amortizaciones - Listado errores,89c662e580dd,https://app.mode.com/editor/ecooltra706/reports/89c662e580dd,[ETENDO] Amortizations,040-AmortizaciónNEGATIVA,2025-10-09T13:53:36.692Z,247,ecooltra706,no
ETENDO PRO Replica lectura,39596,si,"[ETENDO] Contratos ""activados"" con fecha de inicio entre A y B",f88e1d8927bc,https://app.mode.com/editor/ecooltra706/reports/f88e1d8927bc,[ETENDO] B2C,z_param,2024-07-10T08:33:14.978Z,704,ecooltra706,no
ETENDO PRO Replica lectura,39596,si,"[ETENDO] Contratos ""activados"" con fecha de inicio entre A y B",f88e1d8927bc,https://app.mode.com/editor/ecooltra706/reports/f88e1d8927bc,[ETENDO] B2C,Query 1,2024-07-10T08:33:14.978Z,704,ecooltra706,no
ETENDO PRO Replica lectura,39596,si,"[ETENDO] Contratos ""activados"" con fecha de inicio entre A y B",f88e1d8927bc,https://app.mode.com/editor/ecooltra706/reports/f88e1d8927bc,[ETENDO] B2C,Query 2,2024-07-10T08:33:14.978Z,704,ecooltra706,no
ETENDO PRO Replica lectura,39596,si,[ETENDO] Bookings - Cuponcode analysis,2dd9d282e43b,https://app.mode.com/editor/ecooltra706/reports/2dd9d282e43b,[ETENDO] B2C,Query 3,2023-12-29T09:27:33.973Z,898,ecooltra706,no
ETENDO PRO Replica lectura,39596,si,[ETENDO] Bookings - Cuponcode analysis,2dd9d282e43b,https://app.mode.com/editor/ecooltra706/reports/2dd9d282e43b,[ETENDO] B2C,z_param,2023-12-29T09:27:33.973Z,898,ecooltra706,no
ETENDO PRO Replica lectura,39596,si,[ETENDO] Bookings - Cuponcode analysis,2dd9d282e43b,https://app.mode.com/editor/ecooltra706/reports/2dd9d282e43b,[ETENDO] B2C,Query 4,2023-12-29T09:27:33.973Z,898,ecooltra706,no
ETENDO PRO Replica lectura,39596,si,Control de amortizaciones,92581b9c07c2,https://app.mode.com/editor/ecooltra706/reports/92581b9c07c2,[ETENDO] Finanzas,01 Amortización,2024-01-09T15:05:51.024Z,886,ecooltra706,no
ETENDO PRO Replica lectura,39596,si,[ETENDO] Facturas proveedor con mismo numero en 2023,f5d050985930,https://app.mode.com/editor/ecooltra706/reports/f5d050985930,[ETENDO] Finanzas,00-Tercero,2023-11-16T15:54:20.824Z,940,ecooltra706,no
ETENDO PRO Replica lectura,39596,si,[ETENDO] Facturas proveedor con mismo numero en 2023,f5d050985930,https://app.mode.com/editor/ecooltra706/reports/f5d050985930,[ETENDO] Finanzas,00-Factura,2023-11-16T15:54:20.824Z,940,ecooltra706,no
ETENDO PRO Replica lectura,39596,si,[ETENDO] Facturas proveedor con mismo numero en 2023,f5d050985930,https://app.mode.com/editor/ecooltra706/reports/f5d050985930,[ETENDO] Finanzas,Query 4,2023-11-16T15:54:20.824Z,940,ecooltra706,no
ETENDO PRO Replica lectura,39596,si,[ETENDO] Facturas proveedor con mismo numero en 2023,f5d050985930,https://app.mode.com/editor/ecooltra706/reports/f5d050985930,[ETENDO] Finanzas,Query 2,2023-11-16T15:54:20.824Z,940,ecooltra706,no
ETENDO PRO Replica lectura,39596,si,[Etendo] FF Repair Shops,619fd72c8a73,https://app.mode.com/editor/ecooltra706/reports/619fd72c8a73,[ZEUS] City Managers,z params,2024-05-09T14:13:18.660Z,765,ecooltra706,no
ETENDO PRO Replica lectura,39596,si,[Etendo] FF Repair Shops,619fd72c8a73,https://app.mode.com/editor/ecooltra706/reports/619fd72c8a73,[ZEUS] City Managers,01 Órdenes de trabajo,2024-05-09T14:13:18.660Z,765,ecooltra706,no
ETENDO PRO Replica lectura,39596,si,[Zeus] Taller FF Madrid,2adece53c6fa,https://app.mode.com/editor/ecooltra706/reports/2adece53c6fa,[ZEUS] City Managers,01 Órdenes de trabajo,2026-06-04T15:02:47.135Z,9,ecooltra706,no
ETENDO PRO Replica lectura,39596,si,[ZEUS] Operations shifts,ecf46647e26b,https://app.mode.com/editor/ecooltra706/reports/ecf46647e26b,[ZEUS] City Managers,z params,2024-03-22T14:08:25.801Z,813,ecooltra706,no
ETENDO PRO Replica lectura,39596,si,[ZEUS] Rentals fines management Madrid and Italy,ce412a70c9c0,https://app.mode.com/editor/ecooltra706/reports/ce412a70c9c0,DATA,z_params,2026-06-03T14:41:27.823Z,10,ecooltra706,no
ETENDO PRO Replica lectura,39596,si,[ZEUS] Rentals fines management Madrid and Italy,ce412a70c9c0,https://app.mode.com/editor/ecooltra706/reports/ce412a70c9c0,DATA,Query 11,2026-06-03T14:41:27.823Z,10,ecooltra706,no
ETENDO PRO Replica lectura,39596,si,Data migration check,42d7eb3dc2db,https://app.mode.com/editor/ecooltra706/reports/42d7eb3dc2db,DATA,Query 3,2026-05-13T09:21:11.905Z,32,ecooltra706,no
ETENDO PRO Replica lectura,39596,si,Aruba files,c92422bcf597,https://app.mode.com/editor/ecooltra706/reports/c92422bcf597,Export data,Query 1,2025-12-12T12:42:04.478Z,183,ecooltra706,no
ETENDO PRO Replica lectura,39596,si,SB_Análisis_códigos_descuento,bd97768d7a19,https://app.mode.com/editor/ecooltra706/reports/bd97768d7a19,MNC_Reports,Clientes que no usaron codigo dto,2025-05-31T16:05:45.880Z,378,ecooltra706,no
ETENDO PRO Replica lectura,39596,si,[OB] CONTRATOS B2B/B2C LT ACTIVOS / FECHA FINALIZACIÓN,8cb90bec647d,https://app.mode.com/editor/ecooltra706/reports/8cb90bec647d,OB,z param,2025-09-26T10:52:17.605Z,261,ecooltra706,no
ETENDO PRO Replica lectura,39596,si,[OB] CONTRATOS B2B/B2C LT ACTIVOS / FECHA FINALIZACIÓN,8cb90bec647d,https://app.mode.com/editor/ecooltra706/reports/8cb90bec647d,OB,02 CONTRATOS B2B/B2C_LT Importe,2025-09-26T10:52:17.605Z,261,ecooltra706,no
ETENDO PRO Replica lectura,39596,si,[OB] CONTRATOS B2B/B2C LT ACTIVOS / FECHA FINALIZACIÓN,8cb90bec647d,https://app.mode.com/editor/ecooltra706/reports/8cb90bec647d,OB,01 CONTRATOS B2B/B2C_LT ACTIVOS,2025-09-26T10:52:17.605Z,261,ecooltra706,no
ETENDO PRO Replica lectura,39596,si,[OB] CONTRATOS B2B/B2C LT ACTIVOS / FECHA FINALIZACIÓN,8cb90bec647d,https://app.mode.com/editor/ecooltra706/reports/8cb90bec647d,OB,ALTERNATIVE OPTION - 01 CONTRATOS B2B/B2C_LT ACTIVOS,2025-09-26T10:52:17.605Z,261,ecooltra706,no
ETENDO PRO Replica lectura,39596,si,B2C Revenue broken down by product category,6666d8bf3b0a,https://app.mode.com/editor/ecooltra706/reports/6666d8bf3b0a,OB,01 Total Monthly Revenue,2023-06-08T07:45:03.402Z,1102,ecooltra706,no
ETENDO PRO Replica lectura,39596,si,B2C Revenue broken down by product category,6666d8bf3b0a,https://app.mode.com/editor/ecooltra706/reports/6666d8bf3b0a,OB,02 Compartimentación,2023-06-08T07:45:03.402Z,1102,ecooltra706,no
ETENDO PRO Replica lectura,39596,si,B2C Revenue broken down by product category,6666d8bf3b0a,https://app.mode.com/editor/ecooltra706/reports/6666d8bf3b0a,OB,03 Sales SHS 2 - Compartimentación,2023-06-08T07:45:03.402Z,1102,ecooltra706,no
ETENDO PRO Replica lectura,39596,si,B2C Revenue broken down by product category,6666d8bf3b0a,https://app.mode.com/editor/ecooltra706/reports/6666d8bf3b0a,OB,03 Sales SHS 1 - Total Monthly Revenue,2023-06-08T07:45:03.402Z,1102,ecooltra706,no
ETENDO PRO Replica lectura,39596,si,B2C Revenue broken down by product category,6666d8bf3b0a,https://app.mode.com/editor/ecooltra706/reports/6666d8bf3b0a,OB,z params 1 month,2023-06-08T07:45:03.402Z,1102,ecooltra706,no
ETENDO PRO Replica lectura,39596,si,Revenue per delegation,b4af1c63adf0,https://app.mode.com/editor/ecooltra706/reports/b4af1c63adf0,OB,z params,2023-08-01T11:45:48.196Z,1048,ecooltra706,no
ETENDO PRO Replica lectura,39596,si,Revenue per delegation,b4af1c63adf0,https://app.mode.com/editor/ecooltra706/reports/b4af1c63adf0,OB,02 LT,2023-08-01T11:45:48.196Z,1048,ecooltra706,no
ETENDO PRO Replica lectura,39596,si,Revenue per delegation,b4af1c63adf0,https://app.mode.com/editor/ecooltra706/reports/b4af1c63adf0,OB,03 BLs,2023-08-01T11:45:48.196Z,1048,ecooltra706,no
ETENDO PRO Replica lectura,39596,si,Revenue per delegation,b4af1c63adf0,https://app.mode.com/editor/ecooltra706/reports/b4af1c63adf0,OB,01 ST,2023-08-01T11:45:48.196Z,1048,ecooltra706,no
ETENDO PRO Replica lectura,39596,si,OB-Online Bookings,883ec6ca0fd5,https://app.mode.com/editor/ecooltra706/reports/883ec6ca0fd5,OB,z params,2022-12-01T09:29:10.469Z,1291,ecooltra706,no
ETENDO PRO Replica lectura,39596,si,OB-Online Bookings,883ec6ca0fd5,https://app.mode.com/editor/ecooltra706/reports/883ec6ca0fd5,OB,01 Bookings,2022-12-01T09:29:10.469Z,1291,ecooltra706,no
ETENDO PRO Replica lectura,39596,si,OB-Online Bookings,883ec6ca0fd5,https://app.mode.com/editor/ecooltra706/reports/883ec6ca0fd5,OB,02 All bookings during chosen time frame,2022-12-01T09:29:10.469Z,1291,ecooltra706,no
ETENDO PRO Replica lectura,39596,si,Kms por vehículo,b30ca90e6918,https://app.mode.com/editor/ecooltra706/reports/b30ca90e6918,OB,Query 2,2024-02-19T07:28:45.415Z,846,ecooltra706,no
ETENDO PRO Replica lectura,39596,si,Kms por vehículo,b30ca90e6918,https://app.mode.com/editor/ecooltra706/reports/b30ca90e6918,OB,Query 1,2024-02-19T07:28:45.415Z,846,ecooltra706,no
ETENDO PRO Replica lectura,39596,si,Kms por vehículo,b30ca90e6918,https://app.mode.com/editor/ecooltra706/reports/b30ca90e6918,OB,z_params,2024-02-19T07:28:45.415Z,846,ecooltra706,no
ETENDO PRO Replica lectura,39596,si,5 DAY PLAN,ee581c5a4ad6,https://app.mode.com/editor/ecooltra706/reports/ee581c5a4ad6,OB,Pickups,2022-12-01T09:33:33.553Z,1291,ecooltra706,no
ETENDO PRO Replica lectura,39596,si,5 DAY PLAN,ee581c5a4ad6,https://app.mode.com/editor/ecooltra706/reports/ee581c5a4ad6,OB,z params,2022-12-01T09:33:33.553Z,1291,ecooltra706,no
ETENDO PRO Replica lectura,39596,si,Cierres de caja,b9a35a3b0309,https://app.mode.com/editor/ecooltra706/reports/b9a35a3b0309,OB,Last cashup date in every terminal,2024-02-10T20:32:46.845Z,854,ecooltra706,no
ETENDO PRO Replica lectura,39596,si,Cierres de caja,b9a35a3b0309,https://app.mode.com/editor/ecooltra706/reports/b9a35a3b0309,OB,Last day's processed and unprocessed cashups,2024-02-10T20:32:46.845Z,854,ecooltra706,no
ETENDO PRO Replica lectura,39596,si,[OB] Control Report,ed8686daabc3,https://app.mode.com/editor/ecooltra706/reports/ed8686daabc3,OB,01 Organizations,2022-12-01T09:25:32.479Z,1291,ecooltra706,no
ETENDO PRO Replica lectura,39596,si,[OB] Control Report,ed8686daabc3,https://app.mode.com/editor/ecooltra706/reports/ed8686daabc3,OB,03 Countries,2022-12-01T09:25:32.479Z,1291,ecooltra706,no
ETENDO PRO Replica lectura,39596,si,[OB] Control Report,ed8686daabc3,https://app.mode.com/editor/ecooltra706/reports/ed8686daabc3,OB,04 Categories,2022-12-01T09:25:32.479Z,1291,ecooltra706,no
ETENDO PRO Replica lectura,39596,si,[OB] AUTOMATIZADO DE CLIENTES PENDIENTES DE COBRO,e9ba6f1255f1,https://app.mode.com/editor/ecooltra706/reports/e9ba6f1255f1,OB,01 CLIENTES PENDIENTES DE COBRO,2022-12-01T09:22:27.117Z,1291,ecooltra706,no
ETENDO PRO Replica lectura,39596,si,[OB] CONTRATOS_B2B/B2C_LT,ed28f92f597e,https://app.mode.com/editor/ecooltra706/reports/ed28f92f597e,OB,03 NUEVOS CLIENTES/CONTRATOS ACTIVOS,2024-09-19T08:39:31.098Z,633,ecooltra706,no
ETENDO PRO Replica lectura,39596,si,[OB] CONTRATOS_B2B/B2C_LT,ed28f92f597e,https://app.mode.com/editor/ecooltra706/reports/ed28f92f597e,OB,02 CONTRATOS B2B/B2C__LT CERRADOS,2024-09-19T08:39:31.098Z,633,ecooltra706,no
ETENDO PRO Replica lectura,39596,si,[OB] CONTRATOS_B2B/B2C_LT,ed28f92f597e,https://app.mode.com/editor/ecooltra706/reports/ed28f92f597e,OB,z param,2024-09-19T08:39:31.098Z,633,ecooltra706,no
ETENDO PRO Replica lectura,39596,si,[OB] CONTRATOS_B2B/B2C_LT,ed28f92f597e,https://app.mode.com/editor/ecooltra706/reports/ed28f92f597e,OB,01 CONTRATOS B2B/B2C_LT ACTIVOS,2024-09-19T08:39:31.098Z,633,ecooltra706,no
ETENDO PRO Replica lectura,39596,si,[GROUP] YTD Revenue Progress,ffce1c93cf39,https://app.mode.com/editor/ecooltra706/reports/ffce1c93cf39,OB,05 Time progress,2022-12-01T09:18:01.055Z,1291,ecooltra706,no
ETENDO PRO Replica lectura,39596,si,[GROUP] YTD Revenue Progress,ffce1c93cf39,https://app.mode.com/editor/ecooltra706/reports/ffce1c93cf39,OB,00 Month,2022-12-01T09:18:01.055Z,1291,ecooltra706,no
ETENDO PRO Replica lectura,39596,si,[GROUP] YTD Revenue Progress,ffce1c93cf39,https://app.mode.com/editor/ecooltra706/reports/ffce1c93cf39,OB,01 BBPP,2022-12-01T09:18:01.055Z,1291,ecooltra706,no
ETENDO PRO Replica lectura,39596,si,[GROUP] Monthly Revenue per Region (BBPP & Forecast),b4b347c47f06,https://app.mode.com/editor/ecooltra706/reports/b4b347c47f06,OB,z params 1 month,2022-12-01T09:16:37.226Z,1291,ecooltra706,no
ETENDO PRO Replica lectura,39596,si,[GROUP] Monthly Revenue per Region (BBPP & Forecast),b4b347c47f06,https://app.mode.com/editor/ecooltra706/reports/b4b347c47f06,OB,01 Real B2B and SB,2022-12-01T09:16:37.226Z,1291,ecooltra706,no
ETENDO PRO Replica lectura,39596,si,[GROUP] YTD Revenue Progress (with BBPP and Forecast),6c31ca33c9a6,https://app.mode.com/editor/ecooltra706/reports/6c31ca33c9a6,OB,05 Time progress,2022-12-01T09:12:38.122Z,1291,ecooltra706,no
ETENDO PRO Replica lectura,39596,si,[GROUP] YTD Revenue Progress (with BBPP and Forecast),6c31ca33c9a6,https://app.mode.com/editor/ecooltra706/reports/6c31ca33c9a6,OB,00 Month,2022-12-01T09:12:38.122Z,1291,ecooltra706,no
ETENDO PRO Replica lectura,39596,si,[GROUP] YTD Revenue Progress (with BBPP and Forecast),6c31ca33c9a6,https://app.mode.com/editor/ecooltra706/reports/6c31ca33c9a6,OB,01 BBPP,2022-12-01T09:12:38.122Z,1291,ecooltra706,no
ETENDO PRO Replica lectura,39596,si,[GROUP] Monthly Revenue per Region,588075736482,https://app.mode.com/editor/ecooltra706/reports/588075736482,OB,z params 1 month,2022-12-01T09:08:14.202Z,1291,ecooltra706,no
ETENDO PRO Replica lectura,39596,si,[GROUP] YTD Revenue per Region,d86565f7704b,https://app.mode.com/editor/ecooltra706/reports/d86565f7704b,OB,04Total Monthly Revenue,2022-12-01T09:06:19.964Z,1291,ecooltra706,no
ETENDO PRO Replica lectura,39596,si,[GROUP] YTD Revenue per Region,d86565f7704b,https://app.mode.com/editor/ecooltra706/reports/d86565f7704b,OB,01 Real B2B and SB,2022-12-01T09:06:19.964Z,1291,ecooltra706,no
ETENDO PRO Replica lectura,39596,si,[GROUP] YTD Revenue per Region,d86565f7704b,https://app.mode.com/editor/ecooltra706/reports/d86565f7704b,OB,z params,2022-12-01T09:06:19.964Z,1291,ecooltra706,no
ETENDO PRO Replica lectura,39596,si,[GROUP] Monthly Revenue Progress,9a054f43dce4,https://app.mode.com/editor/ecooltra706/reports/9a054f43dce4,OB,05 Time progress,2022-12-01T09:02:46.779Z,1291,ecooltra706,no
ETENDO PRO Replica lectura,39596,si,[GROUP] Monthly Revenue Progress,9a054f43dce4,https://app.mode.com/editor/ecooltra706/reports/9a054f43dce4,OB,01 BBPP,2022-12-01T09:02:46.779Z,1291,ecooltra706,no
ETENDO PRO Replica lectura,39596,si,[GROUP] Monthly Revenue per Region (with BBPP and Forecast),6b7259bffde3,https://app.mode.com/editor/ecooltra706/reports/6b7259bffde3,OB,04Total Monthly Revenue,2023-07-06T08:30:34.504Z,1074,ecooltra706,no
ETENDO PRO Replica lectura,39596,si,[GROUP] Monthly Revenue per Region (with BBPP and Forecast),6b7259bffde3,https://app.mode.com/editor/ecooltra706/reports/6b7259bffde3,OB,z params 1 month,2023-07-06T08:30:34.504Z,1074,ecooltra706,no
ETENDO PRO Replica lectura,39596,si,[GROUP] Monthly Revenue per Region (with BBPP and Forecast),6b7259bffde3,https://app.mode.com/editor/ecooltra706/reports/6b7259bffde3,OB,01 Real B2B and SB,2023-07-06T08:30:34.504Z,1074,ecooltra706,no
ETENDO PRO Replica lectura,39596,si,[GROUP] Monthly Revenue per Region (with BBPP and Forecast),6b7259bffde3,https://app.mode.com/editor/ecooltra706/reports/6b7259bffde3,OB,05 Branding,2023-07-06T08:30:34.504Z,1074,ecooltra706,no
ETENDO PRO Replica lectura,39596,si,[GROUP] Monthly Revenue Progress (with BBPP and Forecast),e2fd1ad22479,https://app.mode.com/editor/ecooltra706/reports/e2fd1ad22479,OB,06 CECO null or CMT,2023-02-06T16:16:39.912Z,1223,ecooltra706,no
ETENDO PRO Replica lectura,39596,si,[GROUP] Monthly Revenue Progress (with BBPP and Forecast),e2fd1ad22479,https://app.mode.com/editor/ecooltra706/reports/e2fd1ad22479,OB,00 Month,2023-02-06T16:16:39.912Z,1223,ecooltra706,no
ETENDO PRO Replica lectura,39596,si,[GROUP] Monthly Revenue Progress (with BBPP and Forecast),e2fd1ad22479,https://app.mode.com/editor/ecooltra706/reports/e2fd1ad22479,OB,02 Real B2B and SB,2023-02-06T16:16:39.912Z,1223,ecooltra706,no
ETENDO PRO Replica lectura,39596,si,[GROUP] Monthly Revenue Progress (with BBPP and Forecast),e2fd1ad22479,https://app.mode.com/editor/ecooltra706/reports/e2fd1ad22479,OB,05 Time progress,2023-02-06T16:16:39.912Z,1223,ecooltra706,no
ETENDO PRO Replica lectura,39596,si,[GROUP] Monthly Revenue Progress (with BBPP and Forecast),e2fd1ad22479,https://app.mode.com/editor/ecooltra706/reports/e2fd1ad22479,OB,02 Real not FF,2023-02-06T16:16:39.912Z,1223,ecooltra706,no
ETENDO PRO Replica lectura,39596,si,YTD Revenue per Region (with BBPP and Forecast),876f62d0d276,https://app.mode.com/editor/ecooltra706/reports/876f62d0d276,OB,05 Branding,2022-12-01T08:43:51.356Z,1291,ecooltra706,no
ETENDO PRO Replica lectura,39596,si,YTD Revenue per Region (with BBPP and Forecast),876f62d0d276,https://app.mode.com/editor/ecooltra706/reports/876f62d0d276,OB,z params 1 month,2022-12-01T08:43:51.356Z,1291,ecooltra706,no
ETENDO PRO Replica lectura,39596,si,YTD Revenue per Region (with BBPP and Forecast),876f62d0d276,https://app.mode.com/editor/ecooltra706/reports/876f62d0d276,OB,04Total Monthly Revenue,2022-12-01T08:43:51.356Z,1291,ecooltra706,no
ETENDO PRO Replica lectura,39596,si,YTD Revenue per Region (with BBPP and Forecast),876f62d0d276,https://app.mode.com/editor/ecooltra706/reports/876f62d0d276,OB,01 Real B2B and SB,2022-12-01T08:43:51.356Z,1291,ecooltra706,no
ETENDO PRO Replica lectura,39596,si,YTD Revenue per Region (with BBPP and Forecast),876f62d0d276,https://app.mode.com/editor/ecooltra706/reports/876f62d0d276,OB,03 Forecast,2022-12-01T08:43:51.356Z,1291,ecooltra706,no
ETENDO PRO Replica lectura,39596,si,[OB] VALOR ACTUAL CONTRATO,5d22e84d0a8c,https://app.mode.com/editor/ecooltra706/reports/5d22e84d0a8c,OB,01 CONTRATOS,2026-04-15T13:22:50.268Z,59,ecooltra706,no
ETENDO PRO Replica lectura,39596,si,[OB] VALOR ACTUAL CONTRATO,5d22e84d0a8c,https://app.mode.com/editor/ecooltra706/reports/5d22e84d0a8c,OB,z param,2026-04-15T13:22:50.268Z,59,ecooltra706,no
ETENDO PRO Replica lectura,39596,si,[OB ] EXPORT VEHÍCULOS,8b49610d977d,https://app.mode.com/editor/ecooltra706/reports/8b49610d977d,OB,01 Export Vehículos,2022-12-01T09:21:11.948Z,1291,ecooltra706,no
ETENDO PRO Replica lectura,39596,si,[OB] OPS: Plantillas de Mantenimiento por líneas,0a9d520e0393,https://app.mode.com/editor/ecooltra706/reports/0a9d520e0393,OB,01 Plantillas OT por lineas,2022-12-01T09:23:09.962Z,1291,ecooltra706,no
ETENDO PRO Replica lectura,39596,si,[OB] OPS: Plantillas de Mantenimiento por líneas,0a9d520e0393,https://app.mode.com/editor/ecooltra706/reports/0a9d520e0393,OB,Query 3,2022-12-01T09:23:09.962Z,1291,ecooltra706,no
ETENDO PRO Replica lectura,39596,si,[OB] Datos de Openbravo (contratos/reservas),3d6652bce81b,https://app.mode.com/editor/ecooltra706/reports/3d6652bce81b,OB,z param,2022-12-01T09:26:25.464Z,1291,ecooltra706,no
ETENDO PRO Replica lectura,39596,si,,1b1c001a5676,https://app.mode.com/editor/ecooltra706/reports/1b1c001a5676,Personal,Downtimes,2023-10-10T15:07:19.138Z,977,ecooltra706,no
ETENDO PRO Replica lectura,39596,si,Queries Validation,8931b03686e3,https://app.mode.com/editor/ecooltra706/reports/8931b03686e3,Personal,[MULTAS] Sidewalk_parked,2023-07-13T16:25:59.680Z,1066,ecooltra706,no
ETENDO PRO Replica lectura,39596,si,Queries Validation,8931b03686e3,https://app.mode.com/editor/ecooltra706/reports/8931b03686e3,Personal,etendo_validation,2023-07-13T16:25:59.680Z,1066,ecooltra706,no
ETENDO PRO Replica lectura,39596,si,Reserves Validation,04d62e3bd9f8,https://app.mode.com/editor/ecooltra706/reports/04d62e3bd9f8,Personal,Query 2,2023-05-12T11:23:52.545Z,1129,ecooltra706,no
ETENDO PRO Replica lectura,39596,si,Reserves Validation,04d62e3bd9f8,https://app.mode.com/editor/ecooltra706/reports/04d62e3bd9f8,Personal,validacion reservas,2023-05-12T11:23:52.545Z,1129,ecooltra706,no
ETENDO PRO Replica lectura,39596,si,Etendo Fact,1ecaea5ba83f,https://app.mode.com/editor/ecooltra706/reports/1ecaea5ba83f,Personal,Query 1,2025-05-26T11:09:13.679Z,384,ecooltra706,no
ETENDO PRO Replica lectura,39596,si,,69125eb099b1,https://app.mode.com/editor/ecooltra706/reports/69125eb099b1,Personal,Query 1,2025-05-13T10:40:12.735Z,397,ecooltra706,no
ETENDO PRO Replica lectura,39596,si,,82afb98e57e7,https://app.mode.com/editor/ecooltra706/reports/82afb98e57e7,Personal,Query 1,2025-05-12T17:53:45.805Z,397,ecooltra706,no
ETENDO PRO Replica lectura,39596,si,,e0455e93ce92,https://app.mode.com/editor/ecooltra706/reports/e0455e93ce92,Personal,Query 1,2025-05-02T07:34:28.766Z,408,ecooltra706,no
ETENDO PRO Replica lectura,39596,si,,32c7a4dbc875,https://app.mode.com/editor/ecooltra706/reports/32c7a4dbc875,Personal,Query 1,2025-04-14T09:47:33.638Z,426,ecooltra706,no
ETENDO PRO Replica lectura,39596,si,,389c9e1d4f52,https://app.mode.com/editor/ecooltra706/reports/389c9e1d4f52,Personal,Query 1,2025-04-03T09:55:58.155Z,437,ecooltra706,no
ETENDO PRO Replica lectura,39596,si,,13d03dd8ed57,https://app.mode.com/editor/ecooltra706/reports/13d03dd8ed57,Personal,Query 1,2025-04-02T13:33:26.746Z,437,ecooltra706,no
ETENDO PRO Replica lectura,39596,si,,2f301f66da45,https://app.mode.com/editor/ecooltra706/reports/2f301f66da45,Personal,Query 1,2025-03-31T15:48:43.919Z,439,ecooltra706,no
ETENDO PRO Replica lectura,39596,si,,6c934f964b84,https://app.mode.com/editor/ecooltra706/reports/6c934f964b84,Personal,Query 1,2025-03-14T13:52:57.081Z,456,ecooltra706,no
ETENDO PRO Replica lectura,39596,si,,2ec2568c39c2,https://app.mode.com/editor/ecooltra706/reports/2ec2568c39c2,Personal,Query 1,2025-03-11T16:51:21.920Z,459,ecooltra706,no
ETENDO PRO Replica lectura,39596,si,,8cc2d376b97a,https://app.mode.com/editor/ecooltra706/reports/8cc2d376b97a,Personal,Query 1,2025-03-07T16:18:04.388Z,463,ecooltra706,no
ETENDO PRO Replica lectura,39596,si,,b1cf668edbdf,https://app.mode.com/editor/ecooltra706/reports/b1cf668edbdf,Personal,Query 1,2025-03-03T09:43:39.150Z,468,ecooltra706,no
ETENDO PRO Replica lectura,39596,si,,ea1796592c79,https://app.mode.com/editor/ecooltra706/reports/ea1796592c79,Personal,Query 1,2024-03-26T08:37:25.674Z,810,ecooltra706,no
Fluctuo_datawarehouse,29154,si,Data of Turin scooter sharing from w1 to w19 in 2022,3434e8f17ecd,https://app.mode.com/editor/ecooltra706/reports/3434e8f17ecd,++ City Managers,Query 1,2022-05-23T15:55:34.181Z,1482,ecooltra706,no
Fluctuo_datawarehouse,29154,si,Data of Turin scooter sharing from w1 to w19 in 2022,3434e8f17ecd,https://app.mode.com/editor/ecooltra706/reports/3434e8f17ecd,++ City Managers,Query 2,2022-05-23T15:55:34.181Z,1482,ecooltra706,no
Fluctuo_datawarehouse,29154,si,Clone of [Fluctuo] City Matrix Data,262f332925ea,https://app.mode.com/editor/ecooltra706/reports/262f332925ea,Backup Lluís,02 FLEET & TRIPS,2022-11-08T09:41:08.756Z,1314,ecooltra706,no
Fluctuo_datawarehouse,29154,si,Clone of [Fluctuo] City Matrix Data,262f332925ea,https://app.mode.com/editor/ecooltra706/reports/262f332925ea,Backup Lluís,01 Rentals,2022-11-08T09:41:08.756Z,1314,ecooltra706,no
Fluctuo_datawarehouse,29154,si,[Fluctuo] Prediction of rentals in 2023 in all cities,b02662a37fea,https://app.mode.com/editor/ecooltra706/reports/b02662a37fea,Backup Lluís,01 Rentals,2022-11-17T16:27:11.461Z,1304,ecooltra706,no
Fluctuo_datawarehouse,29154,si,[Fluctuo] Prediction of rentals in 2023 in all cities,b02662a37fea,https://app.mode.com/editor/ecooltra706/reports/b02662a37fea,Backup Lluís,Query 3,2022-11-17T16:27:11.461Z,1304,ecooltra706,no
Fluctuo_datawarehouse,29154,si,[Fluctuo] Prediction of rentals in 2023 in all cities,b02662a37fea,https://app.mode.com/editor/ecooltra706/reports/b02662a37fea,Backup Lluís,Query 4,2022-11-17T16:27:11.461Z,1304,ecooltra706,no
Fluctuo_datawarehouse,29154,si,Zeus explorations,b63076265995,https://app.mode.com/editor/ecooltra706/reports/b63076265995,DATA,Query 101,2023-01-04T16:58:51.662Z,1256,ecooltra706,no
Fluctuo_datawarehouse,29154,si,[OLD] Cooltra-Zeus data for Fluctuo reports,55b6937e2f10,https://app.mode.com/editor/ecooltra706/reports/55b6937e2f10,DATA,Query 4,2023-01-04T15:10:13.921Z,1256,ecooltra706,no
Fluctuo_datawarehouse,29154,si,Onboarding Fabio,953cbb639603,https://app.mode.com/editor/ecooltra706/reports/953cbb639603,Personal,Query 7,2022-04-21T15:45:13.400Z,1514,ecooltra706,no
Fluctuo_datawarehouse,29154,si,Clone of [FLUCTUO] Market Analysis,f60e30bf0cee,https://app.mode.com/editor/ecooltra706/reports/f60e30bf0cee,Personal,04 Analysis of BIG 7,2021-03-23T13:42:18.876Z,1908,ecooltra706,no
Fluctuo_datawarehouse,29154,si,Clone of [FLUCTUO] Market Analysis,f60e30bf0cee,https://app.mode.com/editor/ecooltra706/reports/f60e30bf0cee,Personal,01 Analysis per operator,2021-03-23T13:42:18.876Z,1908,ecooltra706,no
Fluctuo_datawarehouse,29154,si,Clone of [FLUCTUO] Market Analysis,f60e30bf0cee,https://app.mode.com/editor/ecooltra706/reports/f60e30bf0cee,Personal,03 Analysis per city,2021-03-23T13:42:18.876Z,1908,ecooltra706,no
Invers_datawarehouse,22215,si,,c95e65d585d7,https://app.mode.com/editor/ecooltra706/reports/c95e65d585d7,Personal,Query 1,2020-03-21T19:51:19.524Z,2275,ecooltra706,no
QuestDB,49690,si,MyMaps CSV ready,e8a226d5a1cf,https://app.mode.com/editor/ecooltra706/reports/e8a226d5a1cf,rebalancing,App opens,2026-06-14T08:26:04.695Z,0,ecooltra706,no
QuestDB,49690,si,,d67ee8de6a98,https://app.mode.com/editor/ecooltra706/reports/d67ee8de6a98,Personal,Query 1,2026-06-13T07:38:33.952Z,1,ecooltra706,no
QuestDB,49690,si,Nova VLT Gurusup i Stripe accounts,79fda29f056c,https://app.mode.com/editor/ecooltra706/reports/79fda29f056c,Personal,Stipre accounts,2026-06-12T06:56:24.013Z,2,ecooltra706,no
Snowflake,41462,si,Felyx operationality,ba6f280b969d,https://app.mode.com/editor/ecooltra706/reports/ba6f280b969d,++ aSlack reports,Query 2,2026-06-14T11:07:49.996Z,0,ecooltra706,no
Snowflake,41462,si,Felyx operationality,ba6f280b969d,https://app.mode.com/editor/ecooltra706/reports/ba6f280b969d,++ aSlack reports,Data,2026-06-14T11:07:49.996Z,0,ecooltra706,no
Snowflake,41462,si,Felyx operationality,ba6f280b969d,https://app.mode.com/editor/ecooltra706/reports/ba6f280b969d,++ aSlack reports,Query 3,2026-06-14T11:07:49.996Z,0,ecooltra706,no
Snowflake,41462,si,[ALL] MONTHLY REVENUE PROGRESS - Cooltra & Maas - ROMA,77e961233650,https://app.mode.com/editor/ecooltra706/reports/77e961233650,++ aSlack reports,Last week,2026-06-13T22:04:00.420Z,0,ecooltra706,no
Snowflake,41462,si,[ALL] MONTHLY REVENUE PROGRESS - Cooltra & Maas - ROMA,77e961233650,https://app.mode.com/editor/ecooltra706/reports/77e961233650,++ aSlack reports,Time information:,2026-06-13T22:04:00.420Z,0,ecooltra706,no
Snowflake,41462,si,[ALL] MONTHLY REVENUE PROGRESS - Cooltra & Maas - ROMA,77e961233650,https://app.mode.com/editor/ecooltra706/reports/77e961233650,++ aSlack reports,01.a All queries - Total,2026-06-13T22:04:00.420Z,0,ecooltra706,no
Snowflake,41462,si,[ALL] MONTHLY REVENUE PROGRESS - Cooltra & Maas - MILAN,48929fef7fc1,https://app.mode.com/editor/ecooltra706/reports/48929fef7fc1,++ aSlack reports,Time information:,2026-06-13T22:04:06.602Z,0,ecooltra706,no
Snowflake,41462,si,[ALL] MONTHLY REVENUE PROGRESS - Cooltra & Maas - MILAN,48929fef7fc1,https://app.mode.com/editor/ecooltra706/reports/48929fef7fc1,++ aSlack reports,01.a All queries - Total,2026-06-13T22:04:06.602Z,0,ecooltra706,no
Snowflake,41462,si,[ALL] MONTHLY REVENUE PROGRESS - Cooltra & Maas - MILAN,48929fef7fc1,https://app.mode.com/editor/ecooltra706/reports/48929fef7fc1,++ aSlack reports,Last week,2026-06-13T22:04:06.602Z,0,ecooltra706,no
Snowflake,41462,si,[ALL] MONTHLY REVENUE PROGRESS - Cooltra & Maas - TORINO,2dc466069ad7,https://app.mode.com/editor/ecooltra706/reports/2dc466069ad7,++ aSlack reports,Time information:,2026-06-13T22:04:02.210Z,0,ecooltra706,no
Snowflake,41462,si,[ALL] MONTHLY REVENUE PROGRESS - Cooltra & Maas - TORINO,2dc466069ad7,https://app.mode.com/editor/ecooltra706/reports/2dc466069ad7,++ aSlack reports,01.a All queries - Total,2026-06-13T22:04:02.210Z,0,ecooltra706,no
Snowflake,41462,si,[ALL] MONTHLY REVENUE PROGRESS - Cooltra & Maas - TORINO,2dc466069ad7,https://app.mode.com/editor/ecooltra706/reports/2dc466069ad7,++ aSlack reports,Last week,2026-06-13T22:04:02.210Z,0,ecooltra706,no
Snowflake,41462,si,[ALL] MONTHLY REVENUE PROGRESS - Cooltra & Maas - ITALY,db489bfe3eeb,https://app.mode.com/editor/ecooltra706/reports/db489bfe3eeb,++ aSlack reports,Time information:,2026-06-14T10:05:57.430Z,0,ecooltra706,no
Snowflake,41462,si,[ALL] MONTHLY REVENUE PROGRESS - Cooltra & Maas - ITALY,db489bfe3eeb,https://app.mode.com/editor/ecooltra706/reports/db489bfe3eeb,++ aSlack reports,Last week,2026-06-14T10:05:57.430Z,0,ecooltra706,no
Snowflake,41462,si,[ALL] MONTHLY REVENUE PROGRESS - Cooltra & Maas - ITALY,db489bfe3eeb,https://app.mode.com/editor/ecooltra706/reports/db489bfe3eeb,++ aSlack reports,01.a All queries - Total,2026-06-14T10:05:57.430Z,0,ecooltra706,no
Snowflake,41462,si,[ALL] MONTHLY REVENUE PROGRESS - Felyx,6e9fa8b6d453,https://app.mode.com/editor/ecooltra706/reports/6e9fa8b6d453,++ aSlack reports,Time information:,2026-06-14T10:04:59.729Z,0,ecooltra706,no
Snowflake,41462,si,[ALL] MONTHLY REVENUE PROGRESS - Felyx,6e9fa8b6d453,https://app.mode.com/editor/ecooltra706/reports/6e9fa8b6d453,++ aSlack reports,01.a All queries - Total,2026-06-14T10:04:59.729Z,0,ecooltra706,no
Snowflake,41462,si,[ALL] MONTHLY REVENUE PROGRESS - Felyx,6e9fa8b6d453,https://app.mode.com/editor/ecooltra706/reports/6e9fa8b6d453,++ aSlack reports,Last week,2026-06-14T10:04:59.729Z,0,ecooltra706,no
Snowflake,41462,si,[ALL] MONTHLY REVENUE PROGRESS - Cooltra & Maas,b2253448d1ba,https://app.mode.com/editor/ecooltra706/reports/b2253448d1ba,++ aSlack reports,Time information:,2026-06-14T10:05:02.582Z,0,ecooltra706,no
Snowflake,41462,si,[ALL] MONTHLY REVENUE PROGRESS - Cooltra & Maas,b2253448d1ba,https://app.mode.com/editor/ecooltra706/reports/b2253448d1ba,++ aSlack reports,01.a All queries - Total,2026-06-14T10:05:02.582Z,0,ecooltra706,no
Snowflake,41462,si,[ALL] MONTHLY REVENUE PROGRESS - Cooltra & Maas,b2253448d1ba,https://app.mode.com/editor/ecooltra706/reports/b2253448d1ba,++ aSlack reports,Last week,2026-06-14T10:05:02.582Z,0,ecooltra706,no
Snowflake,41462,si,[DRAFT] Checkout errors,ed2a56334532,https://app.mode.com/editor/ecooltra706/reports/ed2a56334532,++ CS team,Query 1,2026-06-11T09:34:15.101Z,3,ecooltra706,no
Snowflake,41462,si,[DRAFT] Checkout errors,ed2a56334532,https://app.mode.com/editor/ecooltra706/reports/ed2a56334532,++ CS team,Top 10 Vehicles,2026-06-11T09:34:15.101Z,3,ecooltra706,no
Snowflake,41462,si,[DRAFT] Checkout errors,ed2a56334532,https://app.mode.com/editor/ecooltra706/reports/ed2a56334532,++ CS team,Data,2026-06-11T09:34:15.101Z,3,ecooltra706,no
Snowflake,41462,si,[DRAFT] Checkout errors,ed2a56334532,https://app.mode.com/editor/ecooltra706/reports/ed2a56334532,++ CS team,z_params,2026-06-11T09:34:15.101Z,3,ecooltra706,no
Snowflake,41462,si,Zoho tickets - Chats per felyx city,f755984cf518,https://app.mode.com/editor/ecooltra706/reports/f755984cf518,++ CS team,ALL CHAT Tickets except null and maas,2026-06-08T10:05:57.548Z,6,ecooltra706,no
Snowflake,41462,si,Zoho tickets - Chats per felyx city,f755984cf518,https://app.mode.com/editor/ecooltra706/reports/f755984cf518,++ CS team,Tickets,2026-06-08T10:05:57.548Z,6,ecooltra706,no
Snowflake,41462,si,Zoho tickets - Chats per Cooltra city,0009506adba1,https://app.mode.com/editor/ecooltra706/reports/0009506adba1,++ CS team,ALL CHAT Tickets except null and maas,2026-06-08T10:05:58.133Z,6,ecooltra706,no
Snowflake,41462,si,Zoho tickets - Chats per Cooltra city,0009506adba1,https://app.mode.com/editor/ecooltra706/reports/0009506adba1,++ CS team,Tickets,2026-06-08T10:05:58.133Z,6,ecooltra706,no
Snowflake,41462,si,[DRAFT] Zoho tickets investigation,246713870c50,https://app.mode.com/editor/ecooltra706/reports/246713870c50,++ CS team,ALL CHAT Tickets except null and maas,2026-06-01T15:20:09.405Z,12,ecooltra706,no
Snowflake,41462,si,[DRAFT] Zoho tickets investigation,246713870c50,https://app.mode.com/editor/ecooltra706/reports/246713870c50,++ CS team,KEEP - camps taula Zoho,2026-06-01T15:20:09.405Z,12,ecooltra706,no
Snowflake,41462,si,[DRAFT] Zoho tickets investigation,246713870c50,https://app.mode.com/editor/ecooltra706/reports/246713870c50,++ CS team,PCT users contact before first rental,2026-06-01T15:20:09.405Z,12,ecooltra706,no
Snowflake,41462,si,[DRAFT] Zoho tickets investigation,246713870c50,https://app.mode.com/editor/ecooltra706/reports/246713870c50,++ CS team,Evolución de porcentajes,2026-06-01T15:20:09.405Z,12,ecooltra706,no
Snowflake,41462,si,[DRAFT] Zoho tickets investigation,246713870c50,https://app.mode.com/editor/ecooltra706/reports/246713870c50,++ CS team,z_param,2026-06-01T15:20:09.405Z,12,ecooltra706,no
Snowflake,41462,si,[DRAFT] Zoho tickets investigation,246713870c50,https://app.mode.com/editor/ecooltra706/reports/246713870c50,++ CS team,Ticket time evolution,2026-06-01T15:20:09.405Z,12,ecooltra706,no
Snowflake,41462,si,[DRAFT] Zoho tickets investigation,246713870c50,https://app.mode.com/editor/ecooltra706/reports/246713870c50,++ CS team,PCT First Rentals With Ticket,2026-06-01T15:20:09.405Z,12,ecooltra706,no
Snowflake,41462,si,[DRAFT] Zoho tickets investigation,246713870c50,https://app.mode.com/editor/ecooltra706/reports/246713870c50,++ CS team,Evolución de porcentajes sin OFFLINE,2026-06-01T15:20:09.405Z,12,ecooltra706,no
Snowflake,41462,si,[DRAFT] Zoho tickets investigation,246713870c50,https://app.mode.com/editor/ecooltra706/reports/246713870c50,++ CS team,ALL Tickets,2026-06-01T15:20:09.405Z,12,ecooltra706,no
Snowflake,41462,si,[DRAFT] Zoho tickets investigation,246713870c50,https://app.mode.com/editor/ecooltra706/reports/246713870c50,++ CS team,Tickets,2026-06-01T15:20:09.405Z,12,ecooltra706,no
Snowflake,41462,si,[DRAFT] Zoho bot flow name investigation,59c2adb33837,https://app.mode.com/editor/ecooltra706/reports/59c2adb33837,++ CS team,Big Query,2026-05-26T11:30:16.371Z,19,ecooltra706,no
Snowflake,41462,si,[DRAFT] Zoho bot flow name investigation,59c2adb33837,https://app.mode.com/editor/ecooltra706/reports/59c2adb33837,++ CS team,z_date_param,2026-05-26T11:30:16.371Z,19,ecooltra706,no
Snowflake,41462,si,[DRAFT] Zoho bot flow name investigation,59c2adb33837,https://app.mode.com/editor/ecooltra706/reports/59c2adb33837,++ CS team,Investigation ticket times,2026-05-26T11:30:16.371Z,19,ecooltra706,no
Snowflake,41462,si,[DRAFT] Zoho bot flow name investigation,59c2adb33837,https://app.mode.com/editor/ecooltra706/reports/59c2adb33837,++ CS team,Query 4,2026-05-26T11:30:16.371Z,19,ecooltra706,no
Snowflake,41462,si,[DRAFT] Zoho bot flow name investigation,59c2adb33837,https://app.mode.com/editor/ecooltra706/reports/59c2adb33837,++ CS team,z_botflowname_param,2026-05-26T11:30:16.371Z,19,ecooltra706,no
Snowflake,41462,si,Reina Cristina,f3cb01cf5264,https://app.mode.com/editor/ecooltra706/reports/f3cb01cf5264,++ CS team,Query 1,2026-06-04T08:23:06.450Z,10,ecooltra706,no
Snowflake,41462,si,[DRAFT] ZOHO investigation ACTIVATED_ANY_VEHICLE_ON_MAP,90821acdb857,https://app.mode.com/editor/ecooltra706/reports/90821acdb857,++ CS team,Query 4,2026-03-20T16:13:47.430Z,85,ecooltra706,no
Snowflake,41462,si,[DRAFT] ZOHO investigation ACTIVATED_ANY_VEHICLE_ON_MAP,90821acdb857,https://app.mode.com/editor/ecooltra706/reports/90821acdb857,++ CS team,Query 3,2026-03-20T16:13:47.430Z,85,ecooltra706,no
Snowflake,41462,si,[DRAFT] ZOHO investigation ACTIVATED_ANY_VEHICLE_ON_MAP,90821acdb857,https://app.mode.com/editor/ecooltra706/reports/90821acdb857,++ CS team,z_param,2026-03-20T16:13:47.430Z,85,ecooltra706,no
Snowflake,41462,si,[DRAFT] ZOHO investigation USER_NOT_LOGGED_MINUTES_PROBLEM_xxx,d559c0a14201,https://app.mode.com/editor/ecooltra706/reports/d559c0a14201,++ CS team,z_param,2026-04-13T15:37:36.077Z,61,ecooltra706,no
Snowflake,41462,si,[DRAFT] ZOHO investigation USER_NOT_LOGGED_MINUTES_PROBLEM_xxx,d559c0a14201,https://app.mode.com/editor/ecooltra706/reports/d559c0a14201,++ CS team,Query 3,2026-04-13T15:37:36.077Z,61,ecooltra706,no
Snowflake,41462,si,[DRAFT] Reservations master report,bd01a7188f83,https://app.mode.com/editor/ecooltra706/reports/bd01a7188f83,++ CS team,Series percentage first category,2026-03-24T10:05:15.572Z,82,ecooltra706,no
Snowflake,41462,si,[DRAFT] Reservations master report,bd01a7188f83,https://app.mode.com/editor/ecooltra706/reports/bd01a7188f83,++ CS team,Query 2,2026-03-24T10:05:15.572Z,82,ecooltra706,no
Snowflake,41462,si,[DRAFT] Reservations master report,bd01a7188f83,https://app.mode.com/editor/ecooltra706/reports/bd01a7188f83,++ CS team,z_param,2026-03-24T10:05:15.572Z,82,ecooltra706,no
Snowflake,41462,si,[DRAFT] Reservations master report,bd01a7188f83,https://app.mode.com/editor/ecooltra706/reports/bd01a7188f83,++ CS team,KPIS,2026-03-24T10:05:15.572Z,82,ecooltra706,no
Snowflake,41462,si,[DRAFT] Reservations master report,bd01a7188f83,https://app.mode.com/editor/ecooltra706/reports/bd01a7188f83,++ CS team,DELETE - Estructura taula Reservations,2026-03-24T10:05:15.572Z,82,ecooltra706,no
Snowflake,41462,si,[DRAFT] Zoho: CANT FINISH RENTAL,604647a7c1c8,https://app.mode.com/editor/ecooltra706/reports/604647a7c1c8,++ CS team,dates,2026-03-02T16:27:57.731Z,103,ecooltra706,no
Snowflake,41462,si,[DRAFT] Zoho: CANT FINISH RENTAL,604647a7c1c8,https://app.mode.com/editor/ecooltra706/reports/604647a7c1c8,++ CS team,tickets - error: all offlines,2026-03-02T16:27:57.731Z,103,ecooltra706,no
Snowflake,41462,si,[DRAFT] Zoho: CANT FINISH RENTAL,604647a7c1c8,https://app.mode.com/editor/ecooltra706/reports/604647a7c1c8,++ CS team,tickets,2026-03-02T16:27:57.731Z,103,ecooltra706,no
Snowflake,41462,si,[DRAFT] Zoho: CANT FINISH RENTAL,604647a7c1c8,https://app.mode.com/editor/ecooltra706/reports/604647a7c1c8,++ CS team,ticket over rentals,2026-03-02T16:27:57.731Z,103,ecooltra706,no
Snowflake,41462,si,[DRAFT] Zoho: CANT FINISH RENTAL,604647a7c1c8,https://app.mode.com/editor/ecooltra706/reports/604647a7c1c8,++ CS team,tickets - error - rental,2026-03-02T16:27:57.731Z,103,ecooltra706,no
Snowflake,41462,si,[DRAFT] Zoho: CANT FINISH RENTAL,604647a7c1c8,https://app.mode.com/editor/ecooltra706/reports/604647a7c1c8,++ CS team,Query 1,2026-03-02T16:27:57.731Z,103,ecooltra706,no
Snowflake,41462,si,[231110] WIP-Amortización de Activos,02999fff9f4e,https://app.mode.com/editor/ecooltra706/reports/02999fff9f4e,[ETENDO] Amortizations,06 Detalle de Amortización de Activos,2024-11-25T10:57:10.747Z,566,ecooltra706,no
Snowflake,41462,si,[231110] WIP-Amortización de Activos,02999fff9f4e,https://app.mode.com/editor/ecooltra706/reports/02999fff9f4e,[ETENDO] Amortizations,05 Organizaciones,2024-11-25T10:57:10.747Z,566,ecooltra706,no
Snowflake,41462,si,[231110] WIP-Amortización de Activos,02999fff9f4e,https://app.mode.com/editor/ecooltra706/reports/02999fff9f4e,[ETENDO] Amortizations,01 Amortización de activos,2024-11-25T10:57:10.747Z,566,ecooltra706,no
Snowflake,41462,si,[231110] WIP-Amortización de Activos,02999fff9f4e,https://app.mode.com/editor/ecooltra706/reports/02999fff9f4e,[ETENDO] Amortizations,04 Total,2024-11-25T10:57:10.747Z,566,ecooltra706,no
Snowflake,41462,si,[231110] WIP-Amortización de Activos,02999fff9f4e,https://app.mode.com/editor/ecooltra706/reports/02999fff9f4e,[ETENDO] Amortizations,00 README,2024-11-25T10:57:10.747Z,566,ecooltra706,no
Snowflake,41462,si,[231110] WIP-Amortización de Activos,02999fff9f4e,https://app.mode.com/editor/ecooltra706/reports/02999fff9f4e,[ETENDO] Amortizations,z params 2,2024-11-25T10:57:10.747Z,566,ecooltra706,no
Snowflake,41462,si,[231110] WIP-Amortización de Activos,02999fff9f4e,https://app.mode.com/editor/ecooltra706/reports/02999fff9f4e,[ETENDO] Amortizations,Query 12,2024-11-25T10:57:10.747Z,566,ecooltra706,no
Snowflake,41462,si,[231110] WIP-Amortización de Activos,02999fff9f4e,https://app.mode.com/editor/ecooltra706/reports/02999fff9f4e,[ETENDO] Amortizations,z params 1,2024-11-25T10:57:10.747Z,566,ecooltra706,no
Snowflake,41462,si,[231110] WIP-Amortización de Activos,02999fff9f4e,https://app.mode.com/editor/ecooltra706/reports/02999fff9f4e,[ETENDO] Amortizations,y - Errors,2024-11-25T10:57:10.747Z,566,ecooltra706,no
Snowflake,41462,si,[231110] WIP-Amortización de Activos,02999fff9f4e,https://app.mode.com/editor/ecooltra706/reports/02999fff9f4e,[ETENDO] Amortizations,02 Contabilidad Total,2024-11-25T10:57:10.747Z,566,ecooltra706,no
Snowflake,41462,si,[231110] WIP-Amortización de Activos,02999fff9f4e,https://app.mode.com/editor/ecooltra706/reports/02999fff9f4e,[ETENDO] Amortizations,03 Contabilidad,2024-11-25T10:57:10.747Z,566,ecooltra706,no
Snowflake,41462,si,[231110] WIP-Amortización de Activos,02999fff9f4e,https://app.mode.com/editor/ecooltra706/reports/02999fff9f4e,[ETENDO] Amortizations,07 Detalle de Contabilidad,2024-11-25T10:57:10.747Z,566,ecooltra706,no
Snowflake,41462,si,Control de amortizaciones,92581b9c07c2,https://app.mode.com/editor/ecooltra706/reports/92581b9c07c2,[ETENDO] Finanzas,z params,2024-01-09T15:05:51.024Z,886,ecooltra706,no
Snowflake,41462,si,Rides per rider evolution,222242c7ae26,https://app.mode.com/editor/ecooltra706/reports/222242c7ae26,[GAIA],z_dates,2026-06-08T07:23:55.680Z,6,ecooltra706,no
Snowflake,41462,si,Rides per rider evolution,222242c7ae26,https://app.mode.com/editor/ecooltra706/reports/222242c7ae26,[GAIA],x5_RIDES per RIDER,2026-06-08T07:23:55.680Z,6,ecooltra706,no
Snowflake,41462,si,MULTAS,a69fcefc2f51,https://app.mode.com/editor/ecooltra706/reports/a69fcefc2f51,[GAIA],z_dates,2026-06-08T07:18:43.014Z,6,ecooltra706,no
Snowflake,41462,si,MULTAS,a69fcefc2f51,https://app.mode.com/editor/ecooltra706/reports/a69fcefc2f51,[GAIA],MULTAS,2026-06-08T07:18:43.014Z,6,ecooltra706,no
Snowflake,41462,si,[Gaia] UX Ride analysis - COOLTRA Ticket taxonomy,c4b79763d090,https://app.mode.com/editor/ecooltra706/reports/c4b79763d090,[GAIA],Ranking bot flow per ride number,2026-06-01T08:29:47.287Z,13,ecooltra706,no
Snowflake,41462,si,[Gaia] UX Ride analysis - COOLTRA Ticket taxonomy,c4b79763d090,https://app.mode.com/editor/ecooltra706/reports/c4b79763d090,[GAIA],Chat origin evolution,2026-06-01T08:29:47.287Z,13,ecooltra706,no
Snowflake,41462,si,[Gaia] UX Ride analysis - COOLTRA Ticket taxonomy,c4b79763d090,https://app.mode.com/editor/ecooltra706/reports/c4b79763d090,[GAIA],Query 1,2026-06-01T08:29:47.287Z,13,ecooltra706,no
Snowflake,41462,si,[Gaia] UX Ride analysis - COOLTRA Ticket taxonomy,c4b79763d090,https://app.mode.com/editor/ecooltra706/reports/c4b79763d090,[GAIA],Charts bot flow per ride number,2026-06-01T08:29:47.287Z,13,ecooltra706,no
Snowflake,41462,si,[Gaia] UX Ride analysis - COOLTRA Ticket taxonomy,c4b79763d090,https://app.mode.com/editor/ecooltra706/reports/c4b79763d090,[GAIA],PCT of rentals with ticket,2026-06-01T08:29:47.287Z,13,ecooltra706,no
Snowflake,41462,si,Check out error - Must_be_inside_geo_fence,b3b2730562a0,https://app.mode.com/editor/ecooltra706/reports/b3b2730562a0,[GAIA],Query 2,2026-05-13T13:39:08.990Z,31,ecooltra706,no
Snowflake,41462,si,Check out error - Must_be_inside_geo_fence,b3b2730562a0,https://app.mode.com/editor/ecooltra706/reports/b3b2730562a0,[GAIA],Query 3,2026-05-13T13:39:08.990Z,31,ecooltra706,no
Snowflake,41462,si,Seguimiento temporal users bloqueadas por dirección,4114163f2b17,https://app.mode.com/editor/ecooltra706/reports/4114163f2b17,[GAIA],Query 1,2026-06-08T08:06:04.305Z,6,ecooltra706,no
Snowflake,41462,si,[Gaia] New App Monitoring v3,582e6e451b2f,https://app.mode.com/editor/ecooltra706/reports/582e6e451b2f,[GAIA],dates,2026-06-12T11:38:25.004Z,2,ecooltra706,no
Snowflake,41462,si,[Gaia] New App Monitoring v3,582e6e451b2f,https://app.mode.com/editor/ecooltra706/reports/582e6e451b2f,[GAIA],x0_CURVA PASS,2026-06-12T11:38:25.004Z,2,ecooltra706,no
Snowflake,41462,si,[Gaia] New App Monitoring v3,582e6e451b2f,https://app.mode.com/editor/ecooltra706/reports/582e6e451b2f,[GAIA],xb_ZOHO,2026-06-12T11:38:25.004Z,2,ecooltra706,no
Snowflake,41462,si,[Gaia] New App Monitoring v3,582e6e451b2f,https://app.mode.com/editor/ecooltra706/reports/582e6e451b2f,[GAIA],x9_Comparativa semanal,2026-06-12T11:38:25.004Z,2,ecooltra706,no
Snowflake,41462,si,[Gaia] New App Monitoring v3,582e6e451b2f,https://app.mode.com/editor/ecooltra706/reports/582e6e451b2f,[GAIA],x6_SESSIONES,2026-06-12T11:38:25.004Z,2,ecooltra706,no
Snowflake,41462,si,[Gaia] New App Monitoring v3,582e6e451b2f,https://app.mode.com/editor/ecooltra706/reports/582e6e451b2f,[GAIA],x0_CURVA PACKS,2026-06-12T11:38:25.004Z,2,ecooltra706,no
Snowflake,41462,si,[Gaia] New App Monitoring v3,582e6e451b2f,https://app.mode.com/editor/ecooltra706/reports/582e6e451b2f,[GAIA],Multas,2026-06-12T11:38:25.004Z,2,ecooltra706,no
Snowflake,41462,si,[Gaia] New App Monitoring v3,582e6e451b2f,https://app.mode.com/editor/ecooltra706/reports/582e6e451b2f,[GAIA],x0_CURVA ADOPCION VERSIONES,2026-06-12T11:38:25.004Z,2,ecooltra706,no
Snowflake,41462,si,[Gaia] New App Monitoring v3,582e6e451b2f,https://app.mode.com/editor/ecooltra706/reports/582e6e451b2f,[GAIA],xCorrections Requested evolution,2026-06-12T11:38:25.004Z,2,ecooltra706,no
Snowflake,41462,si,[Gaia] New App Monitoring v3,582e6e451b2f,https://app.mode.com/editor/ecooltra706/reports/582e6e451b2f,[GAIA],xa_Comparativa semanal New y Unique,2026-06-12T11:38:25.004Z,2,ecooltra706,no
Snowflake,41462,si,[Gaia] New App Monitoring v3,582e6e451b2f,https://app.mode.com/editor/ecooltra706/reports/582e6e451b2f,[GAIA],x0_CURVA RIDERS,2026-06-12T11:38:25.004Z,2,ecooltra706,no
Snowflake,41462,si,[Gaia] New App Monitoring v3,582e6e451b2f,https://app.mode.com/editor/ecooltra706/reports/582e6e451b2f,[GAIA],x5_RIDES per RIDER,2026-06-12T11:38:25.004Z,2,ecooltra706,no
Snowflake,41462,si,[Gaia] New App Monitoring v3,582e6e451b2f,https://app.mode.com/editor/ecooltra706/reports/582e6e451b2f,[GAIA],Scooter riders from 3rd to 4th rental,2026-06-12T11:38:25.004Z,2,ecooltra706,no
Snowflake,41462,si,[Gaia] New App Monitoring v3,582e6e451b2f,https://app.mode.com/editor/ecooltra706/reports/582e6e451b2f,[GAIA],Bounding box,2026-06-12T11:38:25.004Z,2,ecooltra706,no
Snowflake,41462,si,[Gaia] New App Monitoring v3,582e6e451b2f,https://app.mode.com/editor/ecooltra706/reports/582e6e451b2f,[GAIA],x0_REGISTRATIONS,2026-06-12T11:38:25.004Z,2,ecooltra706,no
Snowflake,41462,si,[Gaia] New App Monitoring v3,582e6e451b2f,https://app.mode.com/editor/ecooltra706/reports/582e6e451b2f,[GAIA],CR historico,2026-06-12T11:38:25.004Z,2,ecooltra706,no
Snowflake,41462,si,[Gaia] New App Monitoring v3,582e6e451b2f,https://app.mode.com/editor/ecooltra706/reports/582e6e451b2f,[GAIA],Duplicate DL,2026-06-12T11:38:25.004Z,2,ecooltra706,no
Snowflake,41462,si,BERLIN users,07b62afbcac7,https://app.mode.com/editor/ecooltra706/reports/07b62afbcac7,[GAIA],Query 1,2026-06-01T10:04:51.028Z,13,ecooltra706,no
Snowflake,41462,si,Análisis foto fin de ride nueva app,9602ed40d370,https://app.mode.com/editor/ecooltra706/reports/9602ed40d370,[GAIA],Query 2,2026-06-14T08:06:01.222Z,0,ecooltra706,no
Snowflake,41462,si,Análisis foto fin de ride nueva app,9602ed40d370,https://app.mode.com/editor/ecooltra706/reports/9602ed40d370,[GAIA],Query 1,2026-06-14T08:06:01.222Z,0,ecooltra706,no
Snowflake,41462,si,MGM analysis,740425937f7c,https://app.mode.com/editor/ecooltra706/reports/740425937f7c,[GAIA],Referee became rider,2026-03-05T19:09:18.895Z,100,ecooltra706,no
Snowflake,41462,si,MGM analysis,740425937f7c,https://app.mode.com/editor/ecooltra706/reports/740425937f7c,[GAIA],Referee kpis,2026-03-05T19:09:18.895Z,100,ecooltra706,no
Snowflake,41462,si,Users de HS cerrados CLOSED HS,31b754077740,https://app.mode.com/editor/ecooltra706/reports/31b754077740,[GAIA],Query 2,2026-02-13T07:02:58.781Z,121,ecooltra706,no
Snowflake,41462,si,Lista 7653 sin DL Category de MA,c16baa7ef286,https://app.mode.com/editor/ecooltra706/reports/c16baa7ef286,[GAIA],Query 2,2026-02-23T09:03:27.946Z,111,ecooltra706,no
Snowflake,41462,si,Lista 7653 sin DL Category de MA,c16baa7ef286,https://app.mode.com/editor/ecooltra706/reports/c16baa7ef286,[GAIA],Query 1,2026-02-23T09:03:27.946Z,111,ecooltra706,no
Snowflake,41462,si,Lista 7653 sin DL Category de MA,c16baa7ef286,https://app.mode.com/editor/ecooltra706/reports/c16baa7ef286,[GAIA],Copy of Query 1,2026-02-23T09:03:27.946Z,111,ecooltra706,no
Snowflake,41462,si,[Gaia] Wallet data,679f1b2f04f3,https://app.mode.com/editor/ecooltra706/reports/679f1b2f04f3,[GAIA],distance in km,2026-03-27T13:05:36.794Z,78,ecooltra706,no
Snowflake,41462,si,[Gaia] Wallet data,679f1b2f04f3,https://app.mode.com/editor/ecooltra706/reports/679f1b2f04f3,[GAIA],ARPU,2026-03-27T13:05:36.794Z,78,ecooltra706,no
Snowflake,41462,si,[Gaia] Wallet data,679f1b2f04f3,https://app.mode.com/editor/ecooltra706/reports/679f1b2f04f3,[GAIA],avg. billable minutes,2026-03-27T13:05:36.794Z,78,ecooltra706,no
Snowflake,41462,si,[Gaia] Wallet data,679f1b2f04f3,https://app.mode.com/editor/ecooltra706/reports/679f1b2f04f3,[GAIA],billable minutes,2026-03-27T13:05:36.794Z,78,ecooltra706,no
Snowflake,41462,si,[Gaia] Wallet data,679f1b2f04f3,https://app.mode.com/editor/ecooltra706/reports/679f1b2f04f3,[GAIA],rides per rider,2026-03-27T13:05:36.794Z,78,ecooltra706,no
Snowflake,41462,si,[Gaia] Wallet data,679f1b2f04f3,https://app.mode.com/editor/ecooltra706/reports/679f1b2f04f3,[GAIA],ARPR,2026-03-27T13:05:36.794Z,78,ecooltra706,no
Snowflake,41462,si,[Gaia] Wallet data,679f1b2f04f3,https://app.mode.com/editor/ecooltra706/reports/679f1b2f04f3,[GAIA],Unique riders with paused rentals,2026-03-27T13:05:36.794Z,78,ecooltra706,no
Snowflake,41462,si,[Gaia] Wallet data,679f1b2f04f3,https://app.mode.com/editor/ecooltra706/reports/679f1b2f04f3,[GAIA],distinct months,2026-03-27T13:05:36.794Z,78,ecooltra706,no
Snowflake,41462,si,[Gaia] New App Monitoring v2,8026d2b7423c,https://app.mode.com/editor/ecooltra706/reports/8026d2b7423c,[GAIA],x5_RIDES per RIDER,2026-01-19T07:22:34.200Z,146,ecooltra706,no
Snowflake,41462,si,[Gaia] New App Monitoring v2,8026d2b7423c,https://app.mode.com/editor/ecooltra706/reports/8026d2b7423c,[GAIA],xb_ZOHO,2026-01-19T07:22:34.200Z,146,ecooltra706,no
Snowflake,41462,si,[Gaia] New App Monitoring v2,8026d2b7423c,https://app.mode.com/editor/ecooltra706/reports/8026d2b7423c,[GAIA],x0_CURVA PACKS,2026-01-19T07:22:34.200Z,146,ecooltra706,no
Snowflake,41462,si,[Gaia] New App Monitoring v2,8026d2b7423c,https://app.mode.com/editor/ecooltra706/reports/8026d2b7423c,[GAIA],x0_REGISTRATIONS,2026-01-19T07:22:34.200Z,146,ecooltra706,no
Snowflake,41462,si,[Gaia] New App Monitoring v2,8026d2b7423c,https://app.mode.com/editor/ecooltra706/reports/8026d2b7423c,[GAIA],x6_SESSIONES,2026-01-19T07:22:34.200Z,146,ecooltra706,no
Snowflake,41462,si,[Gaia] New App Monitoring v2,8026d2b7423c,https://app.mode.com/editor/ecooltra706/reports/8026d2b7423c,[GAIA],x0_CURVA PASS,2026-01-19T07:22:34.200Z,146,ecooltra706,no
Snowflake,41462,si,[Gaia] New App Monitoring v2,8026d2b7423c,https://app.mode.com/editor/ecooltra706/reports/8026d2b7423c,[GAIA],x0_CURVA ADOPCION VERSIONES,2026-01-19T07:22:34.200Z,146,ecooltra706,no
Snowflake,41462,si,[Gaia] New App Monitoring v2,8026d2b7423c,https://app.mode.com/editor/ecooltra706/reports/8026d2b7423c,[GAIA],Query 1,2026-01-19T07:22:34.200Z,146,ecooltra706,no
Snowflake,41462,si,[Gaia] New App Monitoring v2,8026d2b7423c,https://app.mode.com/editor/ecooltra706/reports/8026d2b7423c,[GAIA],xa_Comparativa semanal New y Unique,2026-01-19T07:22:34.200Z,146,ecooltra706,no
Snowflake,41462,si,[Gaia] New App Monitoring v2,8026d2b7423c,https://app.mode.com/editor/ecooltra706/reports/8026d2b7423c,[GAIA],x9_Comparativa semanal,2026-01-19T07:22:34.200Z,146,ecooltra706,no
Snowflake,41462,si,[Gaia] New App Monitoring v2,8026d2b7423c,https://app.mode.com/editor/ecooltra706/reports/8026d2b7423c,[GAIA],x0_CURVA RIDERS,2026-01-19T07:22:34.200Z,146,ecooltra706,no
Snowflake,41462,si,[Gaia] New App Monitoring,0ae02c97dc3c,https://app.mode.com/editor/ecooltra706/reports/0ae02c97dc3c,[GAIA],Copy of Query 6,2026-02-26T07:38:36.972Z,108,ecooltra706,no
Snowflake,41462,si,[Gaia] New App Monitoring,0ae02c97dc3c,https://app.mode.com/editor/ecooltra706/reports/0ae02c97dc3c,[GAIA],Query 6,2026-02-26T07:38:36.972Z,108,ecooltra706,no
Snowflake,41462,si,[Gaia] New App Monitoring,0ae02c97dc3c,https://app.mode.com/editor/ecooltra706/reports/0ae02c97dc3c,[GAIA],ZOHO,2026-02-26T07:38:36.972Z,108,ecooltra706,no
Snowflake,41462,si,[PPR] Seguimiento experimento ALL HS V2,53784987871b,https://app.mode.com/editor/ecooltra706/reports/53784987871b,[HQ] - Marketing retention,query_1,2026-06-10T10:15:21.723Z,4,ecooltra706,no
Snowflake,41462,si,[PPR] Seguimiento experimento ALL HS V2,53784987871b,https://app.mode.com/editor/ecooltra706/reports/53784987871b,[HQ] - Marketing retention,query_4,2026-06-10T10:15:21.723Z,4,ecooltra706,no
Snowflake,41462,si,[PPR] Seguimiento experimento ALL HS V2,53784987871b,https://app.mode.com/editor/ecooltra706/reports/53784987871b,[HQ] - Marketing retention,query_2b,2026-06-10T10:15:21.723Z,4,ecooltra706,no
Snowflake,41462,si,[PPR] Seguimiento experimento ALL HS V2,53784987871b,https://app.mode.com/editor/ecooltra706/reports/53784987871b,[HQ] - Marketing retention,query_3,2026-06-10T10:15:21.723Z,4,ecooltra706,no
Snowflake,41462,si,[PPR] Seguimiento experimento ALL HS V2,53784987871b,https://app.mode.com/editor/ecooltra706/reports/53784987871b,[HQ] - Marketing retention,query_5,2026-06-10T10:15:21.723Z,4,ecooltra706,no
Snowflake,41462,si,[PPR] Seguimiento experimento ALL HS V2,53784987871b,https://app.mode.com/editor/ecooltra706/reports/53784987871b,[HQ] - Marketing retention,query_13,2026-06-10T10:15:21.723Z,4,ecooltra706,no
Snowflake,41462,si,[PPR] Seguimiento experimento ALL HS V2,53784987871b,https://app.mode.com/editor/ecooltra706/reports/53784987871b,[HQ] - Marketing retention,query_2,2026-06-10T10:15:21.723Z,4,ecooltra706,no
Snowflake,41462,si,[PPR] Seguimiento experimento ALL HS V2,53784987871b,https://app.mode.com/editor/ecooltra706/reports/53784987871b,[HQ] - Marketing retention,query_15,2026-06-10T10:15:21.723Z,4,ecooltra706,no
Snowflake,41462,si,[PPR] Seguimiento experimento ALL HS V2,53784987871b,https://app.mode.com/editor/ecooltra706/reports/53784987871b,[HQ] - Marketing retention,query_10,2026-06-10T10:15:21.723Z,4,ecooltra706,no
Snowflake,41462,si,[PPR] Seguimiento experimento ALL HS V2,53784987871b,https://app.mode.com/editor/ecooltra706/reports/53784987871b,[HQ] - Marketing retention,query_8,2026-06-10T10:15:21.723Z,4,ecooltra706,no
Snowflake,41462,si,[PPR] Seguimiento experimento ALL HS V2,53784987871b,https://app.mode.com/editor/ecooltra706/reports/53784987871b,[HQ] - Marketing retention,query_14,2026-06-10T10:15:21.723Z,4,ecooltra706,no
Snowflake,41462,si,[PPR] Seguimiento experimento ALL HS V2,53784987871b,https://app.mode.com/editor/ecooltra706/reports/53784987871b,[HQ] - Marketing retention,query_11,2026-06-10T10:15:21.723Z,4,ecooltra706,no
Snowflake,41462,si,[PPR] Seguimiento experimento ALL HS V2,53784987871b,https://app.mode.com/editor/ecooltra706/reports/53784987871b,[HQ] - Marketing retention,query_6,2026-06-10T10:15:21.723Z,4,ecooltra706,no
Snowflake,41462,si,[PPR] Seguimiento experimento ALL HS V2,53784987871b,https://app.mode.com/editor/ecooltra706/reports/53784987871b,[HQ] - Marketing retention,query_9,2026-06-10T10:15:21.723Z,4,ecooltra706,no
Snowflake,41462,si,[PPR] Seguimiento experimento ALL HS V2,53784987871b,https://app.mode.com/editor/ecooltra706/reports/53784987871b,[HQ] - Marketing retention,query_7,2026-06-10T10:15:21.723Z,4,ecooltra706,no
Snowflake,41462,si,[PPR] Seguimiento experimento ALL HS V2,53784987871b,https://app.mode.com/editor/ecooltra706/reports/53784987871b,[HQ] - Marketing retention,z_home_system,2026-06-10T10:15:21.723Z,4,ecooltra706,no
Snowflake,41462,si,[PPR] Seguimiento experimento ALL HS V2,53784987871b,https://app.mode.com/editor/ecooltra706/reports/53784987871b,[HQ] - Marketing retention,query_12,2026-06-10T10:15:21.723Z,4,ecooltra706,no
Snowflake,41462,si,[PPR] Next Home Systems,205e36d9074d,https://app.mode.com/editor/ecooltra706/reports/205e36d9074d,[HQ] - Marketing retention,Resultado 1,2026-05-05T15:00:14.970Z,39,ecooltra706,no
Snowflake,41462,si,[PPR] Next Home Systems,205e36d9074d,https://app.mode.com/editor/ecooltra706/reports/205e36d9074d,[HQ] - Marketing retention,z_home_system,2026-05-05T15:00:14.970Z,39,ecooltra706,no
Snowflake,41462,si,[PPR] Next Home Systems,205e36d9074d,https://app.mode.com/editor/ecooltra706/reports/205e36d9074d,[HQ] - Marketing retention,Resultado 4,2026-05-05T15:00:14.970Z,39,ecooltra706,no
Snowflake,41462,si,[PPR] Next Home Systems,205e36d9074d,https://app.mode.com/editor/ecooltra706/reports/205e36d9074d,[HQ] - Marketing retention,ppm_pricing,2026-05-05T15:00:14.970Z,39,ecooltra706,no
Snowflake,41462,si,[PPR] Next Home Systems,205e36d9074d,https://app.mode.com/editor/ecooltra706/reports/205e36d9074d,[HQ] - Marketing retention,pausa subscriptions,2026-05-05T15:00:14.970Z,39,ecooltra706,no
Snowflake,41462,si,[PPR] Next Home Systems,205e36d9074d,https://app.mode.com/editor/ecooltra706/reports/205e36d9074d,[HQ] - Marketing retention,Query 2,2026-05-05T15:00:14.970Z,39,ecooltra706,no
Snowflake,41462,si,[PPR] Next Home Systems,205e36d9074d,https://app.mode.com/editor/ecooltra706/reports/205e36d9074d,[HQ] - Marketing retention,Query 6,2026-05-05T15:00:14.970Z,39,ecooltra706,no
Snowflake,41462,si,[PPR] Next Home Systems,205e36d9074d,https://app.mode.com/editor/ecooltra706/reports/205e36d9074d,[HQ] - Marketing retention,Copy of rentals,2026-05-05T15:00:14.970Z,39,ecooltra706,no
Snowflake,41462,si,[PPR] Next Home Systems,205e36d9074d,https://app.mode.com/editor/ecooltra706/reports/205e36d9074d,[HQ] - Marketing retention,Query 1,2026-05-05T15:00:14.970Z,39,ecooltra706,no
Snowflake,41462,si,[PPR] Next Home Systems,205e36d9074d,https://app.mode.com/editor/ecooltra706/reports/205e36d9074d,[HQ] - Marketing retention,Query  base,2026-05-05T15:00:14.970Z,39,ecooltra706,no
Snowflake,41462,si,[PPR] Next Home Systems,205e36d9074d,https://app.mode.com/editor/ecooltra706/reports/205e36d9074d,[HQ] - Marketing retention,Resultado 3,2026-05-05T15:00:14.970Z,39,ecooltra706,no
Snowflake,41462,si,[PPR] Next Home Systems,205e36d9074d,https://app.mode.com/editor/ecooltra706/reports/205e36d9074d,[HQ] - Marketing retention,Resultado 2,2026-05-05T15:00:14.970Z,39,ecooltra706,no
Snowflake,41462,si,[PPR] Next Home Systems,205e36d9074d,https://app.mode.com/editor/ecooltra706/reports/205e36d9074d,[HQ] - Marketing retention,rentals,2026-05-05T15:00:14.970Z,39,ecooltra706,no
Snowflake,41462,si,[PPR] Next Home Systems,205e36d9074d,https://app.mode.com/editor/ecooltra706/reports/205e36d9074d,[HQ] - Marketing retention,filtered_rentals,2026-05-05T15:00:14.970Z,39,ecooltra706,no
Snowflake,41462,si,[PPR] Calculadora uplift demanda,0b8261ac4c83,https://app.mode.com/editor/ecooltra706/reports/0b8261ac4c83,[HQ] - Marketing retention,z_home_system,2026-03-27T09:21:28.228Z,79,ecooltra706,no
Snowflake,41462,si,[PPR] Calculadora uplift demanda,0b8261ac4c83,https://app.mode.com/editor/ecooltra706/reports/0b8261ac4c83,[HQ] - Marketing retention,z_subscription_name,2026-03-27T09:21:28.228Z,79,ecooltra706,no
Snowflake,41462,si,[PPR] Calculadora uplift demanda,0b8261ac4c83,https://app.mode.com/editor/ecooltra706/reports/0b8261ac4c83,[HQ] - Marketing retention,Query 6,2026-03-27T09:21:28.228Z,79,ecooltra706,no
Snowflake,41462,si,[PPR] Calculadora uplift demanda,0b8261ac4c83,https://app.mode.com/editor/ecooltra706/reports/0b8261ac4c83,[HQ] - Marketing retention,Query 3,2026-03-27T09:21:28.228Z,79,ecooltra706,no
Snowflake,41462,si,[PPR] Calculadora uplift demanda,0b8261ac4c83,https://app.mode.com/editor/ecooltra706/reports/0b8261ac4c83,[HQ] - Marketing retention,Query 4,2026-03-27T09:21:28.228Z,79,ecooltra706,no
Snowflake,41462,si,[PPR] Calculadora uplift demanda,0b8261ac4c83,https://app.mode.com/editor/ecooltra706/reports/0b8261ac4c83,[HQ] - Marketing retention,Query 1,2026-03-27T09:21:28.228Z,79,ecooltra706,no
Snowflake,41462,si,[PPR] Seguimiento experimento Milan,792d782ce1af,https://app.mode.com/editor/ecooltra706/reports/792d782ce1af,[HQ] - Marketing retention,Query 12,2026-04-08T13:49:09.138Z,66,ecooltra706,no
Snowflake,41462,si,[PPR] Seguimiento experimento Milan,792d782ce1af,https://app.mode.com/editor/ecooltra706/reports/792d782ce1af,[HQ] - Marketing retention,Users,2026-04-08T13:49:09.138Z,66,ecooltra706,no
Snowflake,41462,si,[PPR] Seguimiento experimento Milan,792d782ce1af,https://app.mode.com/editor/ecooltra706/reports/792d782ce1af,[HQ] - Marketing retention,Query 13,2026-04-08T13:49:09.138Z,66,ecooltra706,no
Snowflake,41462,si,[PPR] Seguimiento experimento Milan,792d782ce1af,https://app.mode.com/editor/ecooltra706/reports/792d782ce1af,[HQ] - Marketing retention,Copy of Copy of Users,2026-04-08T13:49:09.138Z,66,ecooltra706,no
Snowflake,41462,si,[PPR] Seguimiento experimento Milan,792d782ce1af,https://app.mode.com/editor/ecooltra706/reports/792d782ce1af,[HQ] - Marketing retention,Query 11,2026-04-08T13:49:09.138Z,66,ecooltra706,no
Snowflake,41462,si,[PPR] Seguimiento experimento Milan,792d782ce1af,https://app.mode.com/editor/ecooltra706/reports/792d782ce1af,[HQ] - Marketing retention,zoho tickets,2026-04-08T13:49:09.138Z,66,ecooltra706,no
Snowflake,41462,si,[PPR] Seguimiento experimento Milan,792d782ce1af,https://app.mode.com/editor/ecooltra706/reports/792d782ce1af,[HQ] - Marketing retention,Copy of zoho tickets,2026-04-08T13:49:09.138Z,66,ecooltra706,no
Snowflake,41462,si,[PPR] Seguimiento experimento Milan,792d782ce1af,https://app.mode.com/editor/ecooltra706/reports/792d782ce1af,[HQ] - Marketing retention,Copy of Users,2026-04-08T13:49:09.138Z,66,ecooltra706,no
Snowflake,41462,si,[PPR] Seguimiento experimento Milan,792d782ce1af,https://app.mode.com/editor/ecooltra706/reports/792d782ce1af,[HQ] - Marketing retention,Query 10,2026-04-08T13:49:09.138Z,66,ecooltra706,no
Snowflake,41462,si,[PPR] Seguimiento experimento Milan,792d782ce1af,https://app.mode.com/editor/ecooltra706/reports/792d782ce1af,[HQ] - Marketing retention,Query 7,2026-04-08T13:49:09.138Z,66,ecooltra706,no
Snowflake,41462,si,[PPR] Seguimiento experimento Milan,792d782ce1af,https://app.mode.com/editor/ecooltra706/reports/792d782ce1af,[HQ] - Marketing retention,Query 6,2026-04-08T13:49:09.138Z,66,ecooltra706,no
Snowflake,41462,si,[PPR] Seguimiento experimento Milan,792d782ce1af,https://app.mode.com/editor/ecooltra706/reports/792d782ce1af,[HQ] - Marketing retention,rentals,2026-04-08T13:49:09.138Z,66,ecooltra706,no
Snowflake,41462,si,[PPR] Seguimiento experimento Milan,792d782ce1af,https://app.mode.com/editor/ecooltra706/reports/792d782ce1af,[HQ] - Marketing retention,Query 9,2026-04-08T13:49:09.138Z,66,ecooltra706,no
Snowflake,41462,si,Milan PayPerRide,bfc81f6acda8,https://app.mode.com/editor/ecooltra706/reports/bfc81f6acda8,[HQ] - Marketing retention,Query 2,2026-03-09T07:32:12.635Z,97,ecooltra706,no
Snowflake,41462,si,Milan PayPerRide,bfc81f6acda8,https://app.mode.com/editor/ecooltra706/reports/bfc81f6acda8,[HQ] - Marketing retention,Query 6,2026-03-09T07:32:12.635Z,97,ecooltra706,no
Snowflake,41462,si,Milan PayPerRide,bfc81f6acda8,https://app.mode.com/editor/ecooltra706/reports/bfc81f6acda8,[HQ] - Marketing retention,Query 4,2026-03-09T07:32:12.635Z,97,ecooltra706,no
Snowflake,41462,si,Milan PayPerRide,bfc81f6acda8,https://app.mode.com/editor/ecooltra706/reports/bfc81f6acda8,[HQ] - Marketing retention,Query 7,2026-03-09T07:32:12.635Z,97,ecooltra706,no
Snowflake,41462,si,Milan PayPerRide,bfc81f6acda8,https://app.mode.com/editor/ecooltra706/reports/bfc81f6acda8,[HQ] - Marketing retention,Query 5,2026-03-09T07:32:12.635Z,97,ecooltra706,no
Snowflake,41462,si,Milan PayPerRide,bfc81f6acda8,https://app.mode.com/editor/ecooltra706/reports/bfc81f6acda8,[HQ] - Marketing retention,Query 11,2026-03-09T07:32:12.635Z,97,ecooltra706,no
Snowflake,41462,si,Milan PayPerRide,bfc81f6acda8,https://app.mode.com/editor/ecooltra706/reports/bfc81f6acda8,[HQ] - Marketing retention,Milan_pay_per_user,2026-03-09T07:32:12.635Z,97,ecooltra706,no
Snowflake,41462,si,Milan PayPerRide,bfc81f6acda8,https://app.mode.com/editor/ecooltra706/reports/bfc81f6acda8,[HQ] - Marketing retention,Query 8,2026-03-09T07:32:12.635Z,97,ecooltra706,no
Snowflake,41462,si,Milan PayPerRide,bfc81f6acda8,https://app.mode.com/editor/ecooltra706/reports/bfc81f6acda8,[HQ] - Marketing retention,Query 1,2026-03-09T07:32:12.635Z,97,ecooltra706,no
Snowflake,41462,si,Milan PayPerRide,bfc81f6acda8,https://app.mode.com/editor/ecooltra706/reports/bfc81f6acda8,[HQ] - Marketing retention,Query 3,2026-03-09T07:32:12.635Z,97,ecooltra706,no
Snowflake,41462,si,Offlines,86e91a97f0e8,https://app.mode.com/editor/ecooltra706/reports/86e91a97f0e8,[TELEMATICS] Internal,Rental checkout failures (global),2026-06-11T10:08:27.846Z,3,ecooltra706,no
Snowflake,41462,si,Offlines,86e91a97f0e8,https://app.mode.com/editor/ecooltra706/reports/86e91a97f0e8,[TELEMATICS] Internal,Rental checkout failures (global),2026-06-11T10:08:27.846Z,3,ecooltra706,no
Snowflake,41462,si,Offlines,86e91a97f0e8,https://app.mode.com/editor/ecooltra706/reports/86e91a97f0e8,[TELEMATICS] Internal,Rental checkout failures over `ff:no-ack` A/B test variant,2026-06-11T10:08:27.846Z,3,ecooltra706,no
Snowflake,41462,si,Offlines,86e91a97f0e8,https://app.mode.com/editor/ecooltra706/reports/86e91a97f0e8,[TELEMATICS] Internal,Rentals parked offline over `ff:comms-retry` A/B test variant,2026-06-11T10:08:27.846Z,3,ecooltra706,no
Snowflake,41462,si,Offlines,86e91a97f0e8,https://app.mode.com/editor/ecooltra706/reports/86e91a97f0e8,[TELEMATICS] Internal,Rentals parked offline over `ff:no-ack` A/B test variant,2026-06-11T10:08:27.846Z,3,ecooltra706,no
Snowflake,41462,si,Offlines,86e91a97f0e8,https://app.mode.com/editor/ecooltra706/reports/86e91a97f0e8,[TELEMATICS] Internal,Rental checkout failures over `ff:comms-retry` A/B test variant,2026-06-11T10:08:27.846Z,3,ecooltra706,no
Snowflake,41462,si,Offlines,86e91a97f0e8,https://app.mode.com/editor/ecooltra706/reports/86e91a97f0e8,[TELEMATICS] Internal,Rental checkout failures over `ff:comms-retry` A/B test variant,2026-06-11T10:08:27.846Z,3,ecooltra706,no
Snowflake,41462,si,Offlines,86e91a97f0e8,https://app.mode.com/editor/ecooltra706/reports/86e91a97f0e8,[TELEMATICS] Internal,Copy of Rental checkout failures (global),2026-06-11T10:08:27.846Z,3,ecooltra706,no
Snowflake,41462,si,Offlines,86e91a97f0e8,https://app.mode.com/editor/ecooltra706/reports/86e91a97f0e8,[TELEMATICS] Internal,Query 1,2026-06-11T10:08:27.846Z,3,ecooltra706,no
Snowflake,41462,si,Offlines,86e91a97f0e8,https://app.mode.com/editor/ecooltra706/reports/86e91a97f0e8,[TELEMATICS] Internal,Query 2,2026-06-11T10:08:27.846Z,3,ecooltra706,no
Snowflake,41462,si,2G/4G investigation,50838bde47fb,https://app.mode.com/editor/ecooltra706/reports/50838bde47fb,[TELEMATICS] Internal,(Paris) Rental checkout failures over Radio Access Technology,2026-04-27T07:59:42.347Z,48,ecooltra706,no
Snowflake,41462,si,[ZEUS] AUDIT USERS,7ba5d5572934,https://app.mode.com/editor/ecooltra706/reports/7ba5d5572934,[ZEUS] Audit Users,95_Valida_PERMISSION_ID,2023-12-13T05:36:24.289Z,914,ecooltra706,no
Snowflake,41462,si,[ZEUS] AUDIT USERS,7ba5d5572934,https://app.mode.com/editor/ecooltra706/reports/7ba5d5572934,[ZEUS] Audit Users,90_Valida_ROLE_ID,2023-12-13T05:36:24.289Z,914,ecooltra706,no
Snowflake,41462,si,[ZEUS] AUDIT USERS,7ba5d5572934,https://app.mode.com/editor/ecooltra706/reports/7ba5d5572934,[ZEUS] Audit Users,01_Matrix_Operator_city_permis,2023-12-13T05:36:24.289Z,914,ecooltra706,no
Snowflake,41462,si,[ZEUS] AUDIT USERS,7ba5d5572934,https://app.mode.com/editor/ecooltra706/reports/7ba5d5572934,[ZEUS] Audit Users,02_Permissions per role,2023-12-13T05:36:24.289Z,914,ecooltra706,no
Snowflake,41462,si,[ZEUS] AUDIT USERS,7ba5d5572934,https://app.mode.com/editor/ecooltra706/reports/7ba5d5572934,[ZEUS] Audit Users,03_Permissions,2023-12-13T05:36:24.289Z,914,ecooltra706,no
Snowflake,41462,si,[ZEUS] AUDIT USERS,7ba5d5572934,https://app.mode.com/editor/ecooltra706/reports/7ba5d5572934,[ZEUS] Audit Users,z_names_Snowflake,2023-12-13T05:36:24.289Z,914,ecooltra706,no
Snowflake,41462,si,[ZEUS] AUDIT USERS,7ba5d5572934,https://app.mode.com/editor/ecooltra706/reports/7ba5d5572934,[ZEUS] Audit Users,01_README Excel,2023-12-13T05:36:24.289Z,914,ecooltra706,no
Snowflake,41462,si,[CS] Zoho_Integration Compensations Analysis last 90 days,1e7b0502dc75,https://app.mode.com/editor/ecooltra706/reports/1e7b0502dc75,[ZEUS] HQ Customer Service,Query 1,2026-06-09T09:04:50.545Z,5,ecooltra706,no
Snowflake,41462,si,[CS] Zoho_Integration Compensations Analysis last 90 days,1e7b0502dc75,https://app.mode.com/editor/ecooltra706/reports/1e7b0502dc75,[ZEUS] HQ Customer Service,TOP 10,2026-06-09T09:04:50.545Z,5,ecooltra706,no
Snowflake,41462,si,[CS] Zoho_Integration Compensations Analysis last 90 days,1e7b0502dc75,https://app.mode.com/editor/ecooltra706/reports/1e7b0502dc75,[ZEUS] HQ Customer Service,DETAILS,2026-06-09T09:04:50.545Z,5,ecooltra706,no
Snowflake,41462,si,[FINANCE] Data Download Tool,34a23ff70189,https://app.mode.com/editor/ecooltra706/reports/34a23ff70189,[ZEUS] HQ Finance,Invoices details,2026-04-28T08:41:24.251Z,47,ecooltra706,no
Snowflake,41462,si,[FINANCE] Data Download Tool,34a23ff70189,https://app.mode.com/editor/ecooltra706/reports/34a23ff70189,[ZEUS] HQ Finance,Dates,2026-04-28T08:41:24.251Z,47,ecooltra706,no
Snowflake,41462,si,[FINANCE] Data Download Tool,34a23ff70189,https://app.mode.com/editor/ecooltra706/reports/34a23ff70189,[ZEUS] HQ Finance,z_legal_Entity,2026-04-28T08:41:24.251Z,47,ecooltra706,no
Snowflake,41462,si,Unpaid invoices - debtors position,c4032a6a7e2d,https://app.mode.com/editor/ecooltra706/reports/c4032a6a7e2d,[ZEUS] HQ Finance,Query 1,2025-05-19T14:29:45.054Z,390,ecooltra706,no
Snowflake,41462,si,Unpaid invoices - debtors position,c4032a6a7e2d,https://app.mode.com/editor/ecooltra706/reports/c4032a6a7e2d,[ZEUS] HQ Finance,z_dates,2025-05-19T14:29:45.054Z,390,ecooltra706,no
Snowflake,41462,si,Unpaid invoices - debtors position,c4032a6a7e2d,https://app.mode.com/editor/ecooltra706/reports/c4032a6a7e2d,[ZEUS] HQ Finance,z_legal_entity,2025-05-19T14:29:45.054Z,390,ecooltra706,no
Snowflake,41462,si,[WIP] Events timeline metrics,39ffd605d445,https://app.mode.com/editor/ecooltra706/reports/39ffd605d445,[ZEUS] Understand users,z - event_1 params,2024-01-11T09:18:01.215Z,885,ecooltra706,no
Snowflake,41462,si,[WIP] Events timeline metrics,39ffd605d445,https://app.mode.com/editor/ecooltra706/reports/39ffd605d445,[ZEUS] Understand users,Query 1,2024-01-11T09:18:01.215Z,885,ecooltra706,no
Snowflake,41462,si,[WIP] Events timeline,496b800d4670,https://app.mode.com/editor/ecooltra706/reports/496b800d4670,[ZEUS] Understand users,1. All ever event_1,2023-12-19T16:32:37.707Z,907,ecooltra706,no
Snowflake,41462,si,[WIP] Events timeline,496b800d4670,https://app.mode.com/editor/ecooltra706/reports/496b800d4670,[ZEUS] Understand users,OLD - Conversion,2023-12-19T16:32:37.707Z,907,ecooltra706,no
Snowflake,41462,si,[WIP] Events timeline,496b800d4670,https://app.mode.com/editor/ecooltra706/reports/496b800d4670,[ZEUS] Understand users,4. First time event 2 before event 1,2023-12-19T16:32:37.707Z,907,ecooltra706,no
Snowflake,41462,si,[WIP] Events timeline,496b800d4670,https://app.mode.com/editor/ecooltra706/reports/496b800d4670,[ZEUS] Understand users,z - dates,2023-12-19T16:32:37.707Z,907,ecooltra706,no
Snowflake,41462,si,[WIP] Events timeline,496b800d4670,https://app.mode.com/editor/ecooltra706/reports/496b800d4670,[ZEUS] Understand users,3. Last ever event 1,2023-12-19T16:32:37.707Z,907,ecooltra706,no
Snowflake,41462,si,[WIP] Events timeline,496b800d4670,https://app.mode.com/editor/ecooltra706/reports/496b800d4670,[ZEUS] Understand users,z - event_2 params,2023-12-19T16:32:37.707Z,907,ecooltra706,no
Snowflake,41462,si,[WIP] Events timeline,496b800d4670,https://app.mode.com/editor/ecooltra706/reports/496b800d4670,[ZEUS] Understand users,OLD - Multiple Activities,2023-12-19T16:32:37.707Z,907,ecooltra706,no
Snowflake,41462,si,[WIP] Events timeline,496b800d4670,https://app.mode.com/editor/ecooltra706/reports/496b800d4670,[ZEUS] Understand users,8. First time event 2 in between event 1,2023-12-19T16:32:37.707Z,907,ecooltra706,no
Snowflake,41462,si,[WIP] Events timeline,496b800d4670,https://app.mode.com/editor/ecooltra706/reports/496b800d4670,[ZEUS] Understand users,5. Last time event 2 before event 1,2023-12-19T16:32:37.707Z,907,ecooltra706,no
Snowflake,41462,si,[WIP] Events timeline,496b800d4670,https://app.mode.com/editor/ecooltra706/reports/496b800d4670,[ZEUS] Understand users,6. First time event 2 after event 1,2023-12-19T16:32:37.707Z,907,ecooltra706,no
Snowflake,41462,si,[WIP] Events timeline,496b800d4670,https://app.mode.com/editor/ecooltra706/reports/496b800d4670,[ZEUS] Understand users,7. Last time event 2 after event 1,2023-12-19T16:32:37.707Z,907,ecooltra706,no
Snowflake,41462,si,[WIP] Events timeline,496b800d4670,https://app.mode.com/editor/ecooltra706/reports/496b800d4670,[ZEUS] Understand users,9. Last time event 2 in between event 1,2023-12-19T16:32:37.707Z,907,ecooltra706,no
Snowflake,41462,si,[WIP] Events timeline,496b800d4670,https://app.mode.com/editor/ecooltra706/reports/496b800d4670,[ZEUS] Understand users,z - event_1 params,2023-12-19T16:32:37.707Z,907,ecooltra706,no
Snowflake,41462,si,[WIP] Events timeline,496b800d4670,https://app.mode.com/editor/ecooltra706/reports/496b800d4670,[ZEUS] Understand users,2. Nth event_1 ocurred at,2023-12-19T16:32:37.707Z,907,ecooltra706,no
Snowflake,41462,si,[WIP] Events timeline,496b800d4670,https://app.mode.com/editor/ecooltra706/reports/496b800d4670,[ZEUS] Understand users,10. Ocurrances event 2 in between event 1,2023-12-19T16:32:37.707Z,907,ecooltra706,no
Snowflake,41462,si,[WIP] User's State model,bfd79ba51c3a,https://app.mode.com/editor/ecooltra706/reports/bfd79ba51c3a,[ZEUS] Understand users,1. User's daily state,2023-10-31T16:34:39.275Z,956,ecooltra706,no
Snowflake,41462,si,[WIP] User's State model,bfd79ba51c3a,https://app.mode.com/editor/ecooltra706/reports/bfd79ba51c3a,[ZEUS] Understand users,Copy of 1. User's daily state,2023-10-31T16:34:39.275Z,956,ecooltra706,no
Snowflake,41462,si,[WIP] User's State model,bfd79ba51c3a,https://app.mode.com/editor/ecooltra706/reports/bfd79ba51c3a,[ZEUS] Understand users,z - dates,2023-10-31T16:34:39.275Z,956,ecooltra706,no
Snowflake,41462,si,[WIP] User's State model,bfd79ba51c3a,https://app.mode.com/editor/ecooltra706/reports/bfd79ba51c3a,[ZEUS] Understand users,OLD - 1. User's detail - two dates,2023-10-31T16:34:39.275Z,956,ecooltra706,no
Snowflake,41462,si,[WIP] User's State model,bfd79ba51c3a,https://app.mode.com/editor/ecooltra706/reports/bfd79ba51c3a,[ZEUS] Understand users,OLD - 2. User's detail - second_date only,2023-10-31T16:34:39.275Z,956,ecooltra706,no
Snowflake,41462,si,SB Bonus,e640c3e7160f,https://app.mode.com/editor/ecooltra706/reports/e640c3e7160f,B2C - SB | Marco,z_params,2026-06-09T15:14:30.304Z,4,ecooltra706,no
Snowflake,41462,si,SB Bonus,e640c3e7160f,https://app.mode.com/editor/ecooltra706/reports/e640c3e7160f,B2C - SB | Marco,z_delegation,2026-06-09T15:14:30.304Z,4,ecooltra706,no
Snowflake,41462,si,SB Bonus,e640c3e7160f,https://app.mode.com/editor/ecooltra706/reports/e640c3e7160f,B2C - SB | Marco,data,2026-06-09T15:14:30.304Z,4,ecooltra706,no
Snowflake,41462,si,[B2C] Data Download Tool,db278055586e,https://app.mode.com/editor/ecooltra706/reports/db278055586e,B2C - SB | Marco,[C&R] Revenue by invoice,2026-06-11T11:20:26.952Z,3,ecooltra706,no
Snowflake,41462,si,[B2C] Data Download Tool,db278055586e,https://app.mode.com/editor/ecooltra706/reports/db278055586e,B2C - SB | Marco,Contracts vs Invoices by subBL,2026-06-11T11:20:26.952Z,3,ecooltra706,no
Snowflake,41462,si,[B2C] Data Download Tool,db278055586e,https://app.mode.com/editor/ecooltra706/reports/db278055586e,B2C - SB | Marco,Dates,2026-06-11T11:20:26.952Z,3,ecooltra706,no
Snowflake,41462,si,[B2C] Data Download Tool,db278055586e,https://app.mode.com/editor/ecooltra706/reports/db278055586e,B2C - SB | Marco,Query 1,2026-06-11T11:20:26.952Z,3,ecooltra706,no
Snowflake,41462,si,[B2C] Data Download Tool,db278055586e,https://app.mode.com/editor/ecooltra706/reports/db278055586e,B2C - SB | Marco,Query 2,2026-06-11T11:20:26.952Z,3,ecooltra706,no
Snowflake,41462,si,[ZEUS] Rentals fines management Madrid and Italy,ce412a70c9c0,https://app.mode.com/editor/ecooltra706/reports/ce412a70c9c0,DATA,Query 10,2026-06-03T14:41:27.823Z,10,ecooltra706,no
Snowflake,41462,si,[ZEUS] Rentals fines management Madrid and Italy,ce412a70c9c0,https://app.mode.com/editor/ecooltra706/reports/ce412a70c9c0,DATA,Query 6,2026-06-03T14:41:27.823Z,10,ecooltra706,no
Snowflake,41462,si,Data migration check,42d7eb3dc2db,https://app.mode.com/editor/ecooltra706/reports/42d7eb3dc2db,DATA,Snowflake,2026-05-13T09:21:11.905Z,32,ecooltra706,no
Snowflake,41462,si,[OLD-DRAFT] Checkout errors investigation (includes offline),c35052263494,https://app.mode.com/editor/ecooltra706/reports/c35052263494,DATA,Big number total offlines due to checkout error,2026-03-12T09:42:48.602Z,94,ecooltra706,no
Snowflake,41462,si,[OLD-DRAFT] Checkout errors investigation (includes offline),c35052263494,https://app.mode.com/editor/ecooltra706/reports/c35052263494,DATA,Big number total rentals,2026-03-12T09:42:48.602Z,94,ecooltra706,no
Snowflake,41462,si,[OLD-DRAFT] Checkout errors investigation (includes offline),c35052263494,https://app.mode.com/editor/ecooltra706/reports/c35052263494,DATA,Big number total offlines by timeline,2026-03-12T09:42:48.602Z,94,ecooltra706,no
Snowflake,41462,si,[OLD-DRAFT] Checkout errors investigation (includes offline),c35052263494,https://app.mode.com/editor/ecooltra706/reports/c35052263494,DATA,z_params,2026-03-12T09:42:48.602Z,94,ecooltra706,no
Snowflake,41462,si,[OLD-DRAFT] Checkout errors investigation (includes offline),c35052263494,https://app.mode.com/editor/ecooltra706/reports/c35052263494,DATA,Offline by Timeline,2026-03-12T09:42:48.602Z,94,ecooltra706,no
Snowflake,41462,si,[OLD-DRAFT] Checkout errors investigation (includes offline),c35052263494,https://app.mode.com/editor/ecooltra706/reports/c35052263494,DATA,Offline by checkout error,2026-03-12T09:42:48.602Z,94,ecooltra706,no
Snowflake,41462,si,[OLD-DRAFT] Checkout errors investigation (includes offline),c35052263494,https://app.mode.com/editor/ecooltra706/reports/c35052263494,DATA,Big number % offline incident,2026-03-12T09:42:48.602Z,94,ecooltra706,no
Snowflake,41462,si,[OLD-DRAFT] Checkout errors investigation (includes offline),c35052263494,https://app.mode.com/editor/ecooltra706/reports/c35052263494,DATA,Offline by Incident,2026-03-12T09:42:48.602Z,94,ecooltra706,no
Snowflake,41462,si,[OLD-DRAFT] Checkout errors investigation (includes offline),c35052263494,https://app.mode.com/editor/ecooltra706/reports/c35052263494,DATA,Offline checkout by vehicles,2026-03-12T09:42:48.602Z,94,ecooltra706,no
Snowflake,41462,si,[DRAFT-OLD] Reservations investigation,a86d674d8d9e,https://app.mode.com/editor/ecooltra706/reports/a86d674d8d9e,DATA,vehicle_is_not_operational details,2026-03-05T09:07:59.147Z,101,ecooltra706,no
Snowflake,41462,si,[DRAFT-OLD] Reservations investigation,a86d674d8d9e,https://app.mode.com/editor/ecooltra706/reports/a86d674d8d9e,DATA,Evolution of type of errors in failed reservations over the total reservation,2026-03-05T09:07:59.147Z,101,ecooltra706,no
Snowflake,41462,si,[DRAFT-OLD] Reservations investigation,a86d674d8d9e,https://app.mode.com/editor/ecooltra706/reports/a86d674d8d9e,DATA,Evolution of type of errors in checking reservations over the total reservation,2026-03-05T09:07:59.147Z,101,ecooltra706,no
Snowflake,41462,si,[DRAFT-OLD] Reservations investigation,a86d674d8d9e,https://app.mode.com/editor/ecooltra706/reports/a86d674d8d9e,DATA,Big number total reservations with reservation failure,2026-03-05T09:07:59.147Z,101,ecooltra706,no
Snowflake,41462,si,[DRAFT-OLD] Reservations investigation,a86d674d8d9e,https://app.mode.com/editor/ecooltra706/reports/a86d674d8d9e,DATA,Big number total reservations,2026-03-05T09:07:59.147Z,101,ecooltra706,no
Snowflake,41462,si,[DRAFT-OLD] Reservations investigation,a86d674d8d9e,https://app.mode.com/editor/ecooltra706/reports/a86d674d8d9e,DATA,Big number total reservation with checking failure,2026-03-05T09:07:59.147Z,101,ecooltra706,no
Snowflake,41462,si,[DRAFT-OLD] Reservations investigation,a86d674d8d9e,https://app.mode.com/editor/ecooltra706/reports/a86d674d8d9e,DATA,Copy of Big number total reservation with checking failure,2026-03-05T09:07:59.147Z,101,ecooltra706,no
Snowflake,41462,si,[DRAFT-OLD] Reservations investigation,a86d674d8d9e,https://app.mode.com/editor/ecooltra706/reports/a86d674d8d9e,DATA,Reservations and Problems reports,2026-03-05T09:07:59.147Z,101,ecooltra706,no
Snowflake,41462,si,[DRAFT-OLD] Reservations investigation,a86d674d8d9e,https://app.mode.com/editor/ecooltra706/reports/a86d674d8d9e,DATA,Reservations  with  checking failures,2026-03-05T09:07:59.147Z,101,ecooltra706,no
Snowflake,41462,si,[DRAFT-OLD] Reservations investigation,a86d674d8d9e,https://app.mode.com/editor/ecooltra706/reports/a86d674d8d9e,DATA,Reservations  with failures,2026-03-05T09:07:59.147Z,101,ecooltra706,no
Snowflake,41462,si,[DRAFT-OLD] Reservations investigation,a86d674d8d9e,https://app.mode.com/editor/ecooltra706/reports/a86d674d8d9e,DATA,Reservations  with checking failures by state,2026-03-05T09:07:59.147Z,101,ecooltra706,no
Snowflake,41462,si,VMoto charging cabinets,50f2ac6ab393,https://app.mode.com/editor/ecooltra706/reports/50f2ac6ab393,DATA,Query 1,2025-12-10T13:58:23.841Z,185,ecooltra706,no
Snowflake,41462,si,[WIP] Dynamic Heatmap,4ee02d3506a2,https://app.mode.com/editor/ecooltra706/reports/4ee02d3506a2,DATA,z_params,2024-09-26T12:54:38.131Z,625,ecooltra706,no
Snowflake,41462,si,[WIP] Dynamic Heatmap,4ee02d3506a2,https://app.mode.com/editor/ecooltra706/reports/4ee02d3506a2,DATA,z_dates,2024-09-26T12:54:38.131Z,625,ecooltra706,no
Snowflake,41462,si,[WIP] Dynamic Heatmap,4ee02d3506a2,https://app.mode.com/editor/ecooltra706/reports/4ee02d3506a2,DATA,1.rentals,2024-09-26T12:54:38.131Z,625,ecooltra706,no
Snowflake,41462,si,New location alert,db212698ddd5,https://app.mode.com/editor/ecooltra706/reports/db212698ddd5,Export data,to_complete,2026-06-14T09:06:30.327Z,0,ecooltra706,no
Snowflake,41462,si,New location alert,db212698ddd5,https://app.mode.com/editor/ecooltra706/reports/db212698ddd5,Export data,snowflake,2026-06-14T09:06:30.327Z,0,ecooltra706,no
Snowflake,41462,si,SB Reservas fuera de hora (Menorca Ibiza),5f1b2f49788a,https://app.mode.com/editor/ecooltra706/reports/5f1b2f49788a,Export data,Reservas fuera de horario,2026-06-14T07:07:03.588Z,0,ecooltra706,no
Snowflake,41462,si,TRGT data,5403e9392fe3,https://app.mode.com/editor/ecooltra706/reports/5403e9392fe3,Export data,Query 1,2026-06-14T08:04:37.372Z,0,ecooltra706,no
Snowflake,41462,si,Clima ciudades,4ee03bd9d848,https://app.mode.com/editor/ecooltra706/reports/4ee03bd9d848,Export data,Query 1,2025-11-05T23:04:15.903Z,220,ecooltra706,no
Snowflake,41462,si,Check tables update,a4b936e1b15b,https://app.mode.com/editor/ecooltra706/reports/a4b936e1b15b,git,Snowflake table updates,2026-05-26T08:01:15.814Z,19,ecooltra706,no
Snowflake,41462,si,Check tables update,a4b936e1b15b,https://app.mode.com/editor/ecooltra706/reports/a4b936e1b15b,git,Records per 24-48-72 hours,2026-05-26T08:01:15.814Z,19,ecooltra706,no
Snowflake,41462,si,Monthly Revenue Progress,973b3069a60d,https://app.mode.com/editor/ecooltra706/reports/973b3069a60d,git,Time information:,2026-05-26T08:01:29.928Z,19,ecooltra706,no
Snowflake,41462,si,Monthly Revenue Progress,973b3069a60d,https://app.mode.com/editor/ecooltra706/reports/973b3069a60d,git,Last 8 days revenue,2026-05-26T08:01:29.928Z,19,ecooltra706,no
Snowflake,41462,si,Monthly Revenue Progress,973b3069a60d,https://app.mode.com/editor/ecooltra706/reports/973b3069a60d,git,Cooltra BBPP,2026-05-26T08:01:29.928Z,19,ecooltra706,no
Snowflake,41462,si,Monthly Revenue Progress,973b3069a60d,https://app.mode.com/editor/ecooltra706/reports/973b3069a60d,git,felyx BBPP,2026-05-26T08:01:29.928Z,19,ecooltra706,no
Snowflake,41462,si,App version evolution,7b89f8a2f8d8,https://app.mode.com/editor/ecooltra706/reports/7b89f8a2f8d8,git,Daily rentals x version,2026-05-26T13:46:12.568Z,18,ecooltra706,no
Snowflake,41462,si,App version evolution,7b89f8a2f8d8,https://app.mode.com/editor/ecooltra706/reports/7b89f8a2f8d8,git,Version launch date,2026-05-26T13:46:12.568Z,18,ecooltra706,no
Snowflake,41462,si,B2C] Data Download Tool_adaptado_,511ccbfee911,https://app.mode.com/editor/ecooltra706/reports/511ccbfee911,MNC_Alquileres,[C&R] Revenue by invoice,2026-03-16T15:20:48.529Z,89,ecooltra706,no
Snowflake,41462,si,B2C] Data Download Tool_adaptado_,511ccbfee911,https://app.mode.com/editor/ecooltra706/reports/511ccbfee911,MNC_Alquileres,Contracts vs Invoices by subBL,2026-03-16T15:20:48.529Z,89,ecooltra706,no
Snowflake,41462,si,B2C] Data Download Tool_adaptado_,511ccbfee911,https://app.mode.com/editor/ecooltra706/reports/511ccbfee911,MNC_Alquileres,Dates,2026-03-16T15:20:48.529Z,89,ecooltra706,no
Snowflake,41462,si,Etendo_Facturación,5546f9629d5c,https://app.mode.com/editor/ecooltra706/reports/5546f9629d5c,MNC_Colaboradores Y TIENDAS,Detalle de facturación (Productos),2026-06-02T04:39:48.146Z,12,ecooltra706,no
Snowflake,41462,si,Etendo_Facturación,5546f9629d5c,https://app.mode.com/editor/ecooltra706/reports/5546f9629d5c,MNC_Colaboradores Y TIENDAS,Query 1,2026-06-02T04:39:48.146Z,12,ecooltra706,no
Snowflake,41462,si,Etendo_Facturación,5546f9629d5c,https://app.mode.com/editor/ecooltra706/reports/5546f9629d5c,MNC_Colaboradores Y TIENDAS,Facturación contratos -ceco por delegación,2026-06-02T04:39:48.146Z,12,ecooltra706,no
Snowflake,41462,si,Etendo_Facturación,5546f9629d5c,https://app.mode.com/editor/ecooltra706/reports/5546f9629d5c,MNC_Colaboradores Y TIENDAS,Facturación por contrato_ceco por SP,2026-06-02T04:39:48.146Z,12,ecooltra706,no
Snowflake,41462,si,Etendo_Facturación,5546f9629d5c,https://app.mode.com/editor/ecooltra706/reports/5546f9629d5c,MNC_Colaboradores Y TIENDAS,ok_cada factura con su ceco,2026-06-02T04:39:48.146Z,12,ecooltra706,no
Snowflake,41462,si,Etendo_Facturación,5546f9629d5c,https://app.mode.com/editor/ecooltra706/reports/5546f9629d5c,MNC_Colaboradores Y TIENDAS,ok_cada factura con su ceco_TODA DELEGACIONES,2026-06-02T04:39:48.146Z,12,ecooltra706,no
Snowflake,41462,si,MNC_Repair y aseguradas,96105d3a6319,https://app.mode.com/editor/ecooltra706/reports/96105d3a6319,MNC_Flota,Amortización,2026-04-21T13:28:55.468Z,53,ecooltra706,no
Snowflake,41462,si,MNC_Repair y aseguradas,96105d3a6319,https://app.mode.com/editor/ecooltra706/reports/96105d3a6319,MNC_Flota,Seguros,2026-04-21T13:28:55.468Z,53,ecooltra706,no
Snowflake,41462,si,MNC_Repair y aseguradas,96105d3a6319,https://app.mode.com/editor/ecooltra706/reports/96105d3a6319,MNC_Flota,Seguros+OTs,2026-04-21T13:28:55.468Z,53,ecooltra706,no
Snowflake,41462,si,IA_MNC_Repair y aseguradas,bcc27ec28541,https://app.mode.com/editor/ecooltra706/reports/bcc27ec28541,MNC_Flota,Seguros+OTs,2026-04-21T13:32:21.632Z,53,ecooltra706,no
Snowflake,41462,si,Report Menorca - Datos para la Policía,ad2f30d84b7b,https://app.mode.com/editor/ecooltra706/reports/ad2f30d84b7b,OB,Datos,2026-06-14T08:03:56.704Z,0,ecooltra706,no
Snowflake,41462,si,Report Barcelona - Datos para la Policía,dd5de79073a7,https://app.mode.com/editor/ecooltra706/reports/dd5de79073a7,OB,Rentals,2026-01-15T13:01:27.924Z,149,ecooltra706,no
Snowflake,41462,si,Report Barcelona - Datos para la Policía,dd5de79073a7,https://app.mode.com/editor/ecooltra706/reports/dd5de79073a7,OB,SB data,2026-01-15T13:01:27.924Z,149,ecooltra706,no
Snowflake,41462,si,Active contracts Baleares,1ba7af656bfb,https://app.mode.com/editor/ecooltra706/reports/1ba7af656bfb,OB,Active contracts - daily,2025-06-10T07:12:36.998Z,369,ecooltra706,no
Snowflake,41462,si,Active contracts Baleares,1ba7af656bfb,https://app.mode.com/editor/ecooltra706/reports/1ba7af656bfb,OB,z_params,2025-06-10T07:12:36.998Z,369,ecooltra706,no
Snowflake,41462,si,Control Stock Baleares,67996218a732,https://app.mode.com/editor/ecooltra706/reports/67996218a732,OB,OLD - fleet vs active contracts - current date,2024-07-29T08:48:36.339Z,685,ecooltra706,no
Snowflake,41462,si,Control Stock Baleares,67996218a732,https://app.mode.com/editor/ecooltra706/reports/67996218a732,OB,fleet vs active contracts - current date,2024-07-29T08:48:36.339Z,685,ecooltra706,no
Snowflake,41462,si,Rebalancing-Git,0f0f6dcfbf17,https://app.mode.com/editor/ecooltra706/reports/0f0f6dcfbf17,rebalancing,z_param,2026-06-13T11:35:52.486Z,1,ecooltra706,no
Snowflake,41462,si,Rebalancing-Git,0f0f6dcfbf17,https://app.mode.com/editor/ecooltra706/reports/0f0f6dcfbf17,rebalancing,MOVED check most recent rentals,2026-06-13T11:35:52.486Z,1,ecooltra706,no
Snowflake,41462,si,Rebalancing-Git,0f0f6dcfbf17,https://app.mode.com/editor/ecooltra706/reports/0f0f6dcfbf17,rebalancing,detail 15 days,2026-06-13T11:35:52.486Z,1,ecooltra706,no
Snowflake,41462,si,Rebalancing-Git,0f0f6dcfbf17,https://app.mode.com/editor/ecooltra706/reports/0f0f6dcfbf17,rebalancing,OLD VERSION grid temporal 7 days,2026-06-13T11:35:52.486Z,1,ecooltra706,no
Snowflake,41462,si,Rebalancing-Git,0f0f6dcfbf17,https://app.mode.com/editor/ecooltra706/reports/0f0f6dcfbf17,rebalancing,geofence,2026-06-13T11:35:52.486Z,1,ecooltra706,no
Snowflake,41462,si,Rebalancing-Git,0f0f6dcfbf17,https://app.mode.com/editor/ecooltra706/reports/0f0f6dcfbf17,rebalancing,grid temporal 7 days,2026-06-13T11:35:52.486Z,1,ecooltra706,no
Snowflake,41462,si,Rebalancing-Git,0f0f6dcfbf17,https://app.mode.com/editor/ecooltra706/reports/0f0f6dcfbf17,rebalancing,grid 15 days with flow events,2026-06-13T11:35:52.486Z,1,ecooltra706,no
Snowflake,41462,si,Rebalancing-Git,0f0f6dcfbf17,https://app.mode.com/editor/ecooltra706/reports/0f0f6dcfbf17,rebalancing,daily 30 days,2026-06-13T11:35:52.486Z,1,ecooltra706,no
Snowflake,41462,si,Rebalancing-Git,0f0f6dcfbf17,https://app.mode.com/editor/ecooltra706/reports/0f0f6dcfbf17,rebalancing,60 days recommendator base,2026-06-13T11:35:52.486Z,1,ecooltra706,no
Snowflake,41462,si,fines,fa80dc8e78f0,https://app.mode.com/editor/ecooltra706/reports/fa80dc8e78f0,rebalancing,z_param,2026-06-04T10:19:36.566Z,10,ecooltra706,no
Snowflake,41462,si,fines,fa80dc8e78f0,https://app.mode.com/editor/ecooltra706/reports/fa80dc8e78f0,rebalancing,Parking_fines per home_system,2026-06-04T10:19:36.566Z,10,ecooltra706,no
Snowflake,41462,si,fines,fa80dc8e78f0,https://app.mode.com/editor/ecooltra706/reports/fa80dc8e78f0,rebalancing,heatmap parking fines,2026-06-04T10:19:36.566Z,10,ecooltra706,no
Snowflake,41462,si,Rebalancing-Git-check,ba6d958ac388,https://app.mode.com/editor/ecooltra706/reports/ba6d958ac388,rebalancing,z_param,2026-06-14T10:44:27.310Z,0,ecooltra706,no
Snowflake,41462,si,Rebalancing-Git-check,ba6d958ac388,https://app.mode.com/editor/ecooltra706/reports/ba6d958ac388,rebalancing,check most recent fine,2026-06-14T10:44:27.310Z,0,ecooltra706,no
Snowflake,41462,si,Rebalancing-Git-check,ba6d958ac388,https://app.mode.com/editor/ecooltra706/reports/ba6d958ac388,rebalancing,check most recent rentals,2026-06-14T10:44:27.310Z,0,ecooltra706,no
Snowflake,41462,si,Encadenar Reservas,53f723ea8eae,https://app.mode.com/editor/ecooltra706/reports/53f723ea8eae,Personal,z-dates,2026-05-07T08:11:40.555Z,38,ecooltra706,no
Snowflake,41462,si,Encadenar Reservas,53f723ea8eae,https://app.mode.com/editor/ecooltra706/reports/53f723ea8eae,Personal,Query 1,2026-05-07T08:11:40.555Z,38,ecooltra706,no
Snowflake,41462,si,Encadenar Reservas,53f723ea8eae,https://app.mode.com/editor/ecooltra706/reports/53f723ea8eae,Personal,Data,2026-05-07T08:11:40.555Z,38,ecooltra706,no
Snowflake,41462,si,,7ff33855a3d3,https://app.mode.com/editor/ecooltra706/reports/7ff33855a3d3,Personal,Query 2,2026-04-20T16:15:44.279Z,54,ecooltra706,no
Snowflake,41462,si,,7ff33855a3d3,https://app.mode.com/editor/ecooltra706/reports/7ff33855a3d3,Personal,Query 1,2026-04-20T16:15:44.279Z,54,ecooltra706,no
Snowflake,41462,si,Rentals errors,cec2f6b479ea,https://app.mode.com/editor/ecooltra706/reports/cec2f6b479ea,Personal,offnlines_global,2026-02-20T08:23:42.731Z,114,ecooltra706,no
Snowflake,41462,si,Rentals errors,cec2f6b479ea,https://app.mode.com/editor/ecooltra706/reports/cec2f6b479ea,Personal,Errores durante el rental,2026-02-20T08:23:42.731Z,114,ecooltra706,no
Snowflake,41462,si,Rentals errors,cec2f6b479ea,https://app.mode.com/editor/ecooltra706/reports/cec2f6b479ea,Personal,Copy of Errores durante el rental,2026-02-20T08:23:42.731Z,114,ecooltra706,no
Snowflake,41462,si,Rentals errors,cec2f6b479ea,https://app.mode.com/editor/ecooltra706/reports/cec2f6b479ea,Personal,offnlines_durante rental,2026-02-20T08:23:42.731Z,114,ecooltra706,no
Snowflake,41462,si,zoho_tickets,4d2a22641e73,https://app.mode.com/editor/ecooltra706/reports/4d2a22641e73,Personal,Query 1,2025-04-22T15:27:50.247Z,417,ecooltra706,no
Snowflake,41462,si,,0376a5f4c90b,https://app.mode.com/editor/ecooltra706/reports/0376a5f4c90b,Personal,Query 1,2025-02-27T09:43:03.526Z,472,ecooltra706,no
Snowflake,41462,si,Multimodal,da14b5709d93,https://app.mode.com/editor/ecooltra706/reports/da14b5709d93,Personal,Query 2,2026-04-30T08:10:59.448Z,45,ecooltra706,no
Snowflake,41462,si,First rental - Last rental months,fb8f434d2002,https://app.mode.com/editor/ecooltra706/reports/fb8f434d2002,Personal,Query 1,2025-11-28T12:23:14.248Z,198,ecooltra706,no
Snowflake,41462,si,,4a6ffe73bfb7,https://app.mode.com/editor/ecooltra706/reports/4a6ffe73bfb7,Personal,Query 1,2025-11-10T08:05:28.149Z,216,ecooltra706,no
Snowflake,41462,si,,68b778324c62,https://app.mode.com/editor/ecooltra706/reports/68b778324c62,Personal,Query 1,2026-06-06T15:53:39.773Z,7,ecooltra706,no
Snowflake,41462,si,Audit Free Team Tester Tariffs Subscriptions Special,e7f895015b93,https://app.mode.com/editor/ecooltra706/reports/e7f895015b93,Personal,Query 1,2026-06-05T10:50:44.033Z,9,ecooltra706,no
Snowflake,41462,si,Audit Free Team Tester Tariffs Subscriptions Special,e7f895015b93,https://app.mode.com/editor/ecooltra706/reports/e7f895015b93,Personal,Query 2,2026-06-05T10:50:44.033Z,9,ecooltra706,no
Snowflake,41462,si,Audit Free Team Tester Tariffs Subscriptions Special,e7f895015b93,https://app.mode.com/editor/ecooltra706/reports/e7f895015b93,Personal,Team felyx,2026-06-05T10:50:44.033Z,9,ecooltra706,no
Snowflake,41462,si,Audit Free Team Tester Tariffs Subscriptions Special,e7f895015b93,https://app.mode.com/editor/ecooltra706/reports/e7f895015b93,Personal,Tester,2026-06-05T10:50:44.033Z,9,ecooltra706,no
Snowflake,41462,si,Audit Free Team Tester Tariffs Subscriptions Special,e7f895015b93,https://app.mode.com/editor/ecooltra706/reports/e7f895015b93,Personal,Free,2026-06-05T10:50:44.033Z,9,ecooltra706,no
Snowflake,41462,si,Audit Free Team Tester Tariffs Subscriptions Special,e7f895015b93,https://app.mode.com/editor/ecooltra706/reports/e7f895015b93,Personal,Team Cooltra,2026-06-05T10:50:44.033Z,9,ecooltra706,no
Snowflake,41462,si,,7768f3b76008,https://app.mode.com/editor/ecooltra706/reports/7768f3b76008,Personal,Query 1,2026-06-01T11:38:28.925Z,13,ecooltra706,no
Snowflake,41462,si,ENTORN de reciclatge Oriol,da8b0cfd2512,https://app.mode.com/editor/ecooltra706/reports/da8b0cfd2512,Personal,Query 16,2026-05-26T12:04:24.202Z,19,ecooltra706,no
Snowflake,41462,si,ENTORN de reciclatge Oriol,da8b0cfd2512,https://app.mode.com/editor/ecooltra706/reports/da8b0cfd2512,Personal,Domenico users per mirar el crèdit pendent,2026-05-26T12:04:24.202Z,19,ecooltra706,no
Snowflake,41462,si,ENTORN de reciclatge Oriol,da8b0cfd2512,https://app.mode.com/editor/ecooltra706/reports/da8b0cfd2512,Personal,Query 13,2026-05-26T12:04:24.202Z,19,ecooltra706,no
Snowflake,41462,si,ENTORN de reciclatge Oriol,da8b0cfd2512,https://app.mode.com/editor/ecooltra706/reports/da8b0cfd2512,Personal,Query 14,2026-05-26T12:04:24.202Z,19,ecooltra706,no
Snowflake,41462,si,ENTORN de reciclatge Oriol,da8b0cfd2512,https://app.mode.com/editor/ecooltra706/reports/da8b0cfd2512,Personal,Query 8,2026-05-26T12:04:24.202Z,19,ecooltra706,no
Snowflake,41462,si,ENTORN de reciclatge Oriol,da8b0cfd2512,https://app.mode.com/editor/ecooltra706/reports/da8b0cfd2512,Personal,Query 11,2026-05-26T12:04:24.202Z,19,ecooltra706,no
Snowflake,41462,si,ENTORN de reciclatge Oriol,da8b0cfd2512,https://app.mode.com/editor/ecooltra706/reports/da8b0cfd2512,Personal,Query 10,2026-05-26T12:04:24.202Z,19,ecooltra706,no
Snowflake,41462,si,ENTORN de reciclatge Oriol,da8b0cfd2512,https://app.mode.com/editor/ecooltra706/reports/da8b0cfd2512,Personal,Query 9,2026-05-26T12:04:24.202Z,19,ecooltra706,no
Snowflake,41462,si,ENTORN de reciclatge Oriol,da8b0cfd2512,https://app.mode.com/editor/ecooltra706/reports/da8b0cfd2512,Personal,Query 20,2026-05-26T12:04:24.202Z,19,ecooltra706,no
Snowflake,41462,si,ENTORN de reciclatge Oriol,da8b0cfd2512,https://app.mode.com/editor/ecooltra706/reports/da8b0cfd2512,Personal,Query 19,2026-05-26T12:04:24.202Z,19,ecooltra706,no
Snowflake,41462,si,ENTORN de reciclatge Oriol,da8b0cfd2512,https://app.mode.com/editor/ecooltra706/reports/da8b0cfd2512,Personal,Query 12,2026-05-26T12:04:24.202Z,19,ecooltra706,no
Snowflake,41462,si,ENTORN de reciclatge Oriol,da8b0cfd2512,https://app.mode.com/editor/ecooltra706/reports/da8b0cfd2512,Personal,Query 15,2026-05-26T12:04:24.202Z,19,ecooltra706,no
Snowflake,41462,si,ENTORN de reciclatge Oriol,da8b0cfd2512,https://app.mode.com/editor/ecooltra706/reports/da8b0cfd2512,Personal,MaaS - % Rentals per provider per city,2026-05-26T12:04:24.202Z,19,ecooltra706,no
Snowflake,41462,si,ENTORN de reciclatge Oriol,da8b0cfd2512,https://app.mode.com/editor/ecooltra706/reports/da8b0cfd2512,Personal,Query 22,2026-05-26T12:04:24.202Z,19,ecooltra706,no
Snowflake,41462,si,ENTORN de reciclatge Oriol,da8b0cfd2512,https://app.mode.com/editor/ecooltra706/reports/da8b0cfd2512,Personal,Query 23,2026-05-26T12:04:24.202Z,19,ecooltra706,no
Snowflake,41462,si,ENTORN de reciclatge Oriol,da8b0cfd2512,https://app.mode.com/editor/ecooltra706/reports/da8b0cfd2512,Personal,Out of geofense,2026-05-26T12:04:24.202Z,19,ecooltra706,no
Snowflake,41462,si,ENTORN de reciclatge Oriol,da8b0cfd2512,https://app.mode.com/editor/ecooltra706/reports/da8b0cfd2512,Personal,DL de IT sin TAX ID,2026-05-26T12:04:24.202Z,19,ecooltra706,no
Snowflake,41462,si,,6bed58e34189,https://app.mode.com/editor/ecooltra706/reports/6bed58e34189,Personal,Query 1,2026-05-19T11:01:26.415Z,26,ecooltra706,no
Snowflake,41462,si,Copy of Untitled Report,3fdc00644a79,https://app.mode.com/editor/ecooltra706/reports/3fdc00644a79,Personal,Version_evolution,2026-05-14T21:19:49.507Z,30,ecooltra706,no
Snowflake,41462,si,,3ceff20aa6bb,https://app.mode.com/editor/ecooltra706/reports/3ceff20aa6bb,Personal,Query 1,2026-05-11T17:49:54.895Z,33,ecooltra706,no
Snowflake,41462,si,,3ceff20aa6bb,https://app.mode.com/editor/ecooltra706/reports/3ceff20aa6bb,Personal,Query 2,2026-05-11T17:49:54.895Z,33,ecooltra706,no
Snowflake,41462,si,,2c35e78680d6,https://app.mode.com/editor/ecooltra706/reports/2c35e78680d6,Personal,Query 1,2026-05-06T18:02:59.811Z,38,ecooltra706,no
Snowflake,41462,si,Testers report,91b4139e6e51,https://app.mode.com/editor/ecooltra706/reports/91b4139e6e51,Personal,Query 1,2026-05-05T08:00:39.283Z,40,ecooltra706,no
Snowflake,41462,si,Testers report,91b4139e6e51,https://app.mode.com/editor/ecooltra706/reports/91b4139e6e51,Personal,Query 2,2026-05-05T08:00:39.283Z,40,ecooltra706,no
Snowflake,41462,si,,04a9e640fb15,https://app.mode.com/editor/ecooltra706/reports/04a9e640fb15,Personal,Query 1,2026-04-29T12:03:36.379Z,46,ecooltra706,no
Snowflake,41462,si,,9e9fca6ea40d,https://app.mode.com/editor/ecooltra706/reports/9e9fca6ea40d,Personal,Query 1,2026-03-23T10:55:13.616Z,83,ecooltra706,no
Snowflake,41462,si,,9e9fca6ea40d,https://app.mode.com/editor/ecooltra706/reports/9e9fca6ea40d,Personal,Query 2,2026-03-23T10:55:13.616Z,83,ecooltra706,no
Snowflake,41462,si,[CS] Zoho_Integration Compensations Analysis - selection dates,bb8bee13d7a6,https://app.mode.com/editor/ecooltra706/reports/bb8bee13d7a6,Personal,Query 1,2026-03-10T14:10:29.124Z,95,ecooltra706,no
Snowflake,41462,si,[CS] Zoho_Integration Compensations Analysis - selection dates,bb8bee13d7a6,https://app.mode.com/editor/ecooltra706/reports/bb8bee13d7a6,Personal,TOP 10,2026-03-10T14:10:29.124Z,95,ecooltra706,no
Snowflake,41462,si,[CS] Zoho_Integration Compensations Analysis - selection dates,bb8bee13d7a6,https://app.mode.com/editor/ecooltra706/reports/bb8bee13d7a6,Personal,DETAILS,2026-03-10T14:10:29.124Z,95,ecooltra706,no
Snowflake,41462,si,Copy of AMSTERDAM last 14 days,de3055724087,https://app.mode.com/editor/ecooltra706/reports/de3055724087,Personal,13 months with Total,2026-01-23T00:02:21.895Z,142,ecooltra706,no
Snowflake,41462,si,Copy of AMSTERDAM last 14 days,de3055724087,https://app.mode.com/editor/ecooltra706/reports/de3055724087,Personal,13 months,2026-01-23T00:02:21.895Z,142,ecooltra706,no
Snowflake,41462,si,Copy of AMSTERDAM last 14 days,de3055724087,https://app.mode.com/editor/ecooltra706/reports/de3055724087,Personal,02 Rentals,2026-01-23T00:02:21.895Z,142,ecooltra706,no
Snowflake,41462,si,Copy of AMSTERDAM last 14 days,de3055724087,https://app.mode.com/editor/ecooltra706/reports/de3055724087,Personal,01 Analysis per operator,2026-01-23T00:02:21.895Z,142,ecooltra706,no
Snowflake,41462,si,% de rentals Closed / Completed por telemática y ciudad,ce9f776ac9cd,https://app.mode.com/editor/ecooltra706/reports/ce9f776ac9cd,Personal,mesos24,2025-12-15T11:45:56.787Z,181,ecooltra706,no
Snowflake,41462,si,% de rentals Closed / Completed por telemática y ciudad,ce9f776ac9cd,https://app.mode.com/editor/ecooltra706/reports/ce9f776ac9cd,Personal,mesos12,2025-12-15T11:45:56.787Z,181,ecooltra706,no
Snowflake,41462,si,% de rentals Closed / Completed por telemática y ciudad,ce9f776ac9cd,https://app.mode.com/editor/ecooltra706/reports/ce9f776ac9cd,Personal,mesos48,2025-12-15T11:45:56.787Z,181,ecooltra706,no
Snowflake,41462,si,[Wallet] Frecuencia rentals por new rider,0d352d81db49,https://app.mode.com/editor/ecooltra706/reports/0d352d81db49,Personal,Query 1,2025-12-15T10:28:57.727Z,181,ecooltra706,no
Snowflake,41462,si,PR decisio gaia o zoho,2918a357333c,https://app.mode.com/editor/ecooltra706/reports/2918a357333c,Personal,Query 3,2025-11-17T16:38:56.719Z,208,ecooltra706,no
Snowflake,41462,si,PR decisio gaia o zoho,2918a357333c,https://app.mode.com/editor/ecooltra706/reports/2918a357333c,Personal,Query 2,2025-11-17T16:38:56.719Z,208,ecooltra706,no
Snowflake,41462,si,PR decisio gaia o zoho,2918a357333c,https://app.mode.com/editor/ecooltra706/reports/2918a357333c,Personal,Query 1,2025-11-17T16:38:56.719Z,208,ecooltra706,no
Snowflake,41462,si,Price is 0,d02b7ad4e4f5,https://app.mode.com/editor/ecooltra706/reports/d02b7ad4e4f5,Personal,Query 1,2025-09-03T11:37:20.767Z,284,ecooltra706,no
Snowflake,41462,si,Filter rentals by date,1031a58e66d2,https://app.mode.com/editor/ecooltra706/reports/1031a58e66d2,Personal,Query 1,2024-11-20T15:21:01.996Z,570,ecooltra706,no
Snowflake,41462,si,Records,525098011b6a,https://app.mode.com/editor/ecooltra706/reports/525098011b6a,Personal,Query 1,2024-09-21T10:34:04.390Z,631,ecooltra706,no
Snowflake,41462,si,Records,525098011b6a,https://app.mode.com/editor/ecooltra706/reports/525098011b6a,Personal,Query 2,2024-09-21T10:34:04.390Z,631,ecooltra706,no
Snowflake,41462,si,,7dfa32a1cfce,https://app.mode.com/editor/ecooltra706/reports/7dfa32a1cfce,Personal,Query 6,2024-03-15T08:16:26.783Z,821,ecooltra706,no
Snowflake,41462,si,Datos de contabilidad - Amortización de Activos,034608a9a94f,https://app.mode.com/editor/ecooltra706/reports/034608a9a94f,Personal,Query 7,2023-11-08T09:06:33.762Z,949,ecooltra706,no
Snowflake,41462,si,Datos de contabilidad - Amortización de Activos,034608a9a94f,https://app.mode.com/editor/ecooltra706/reports/034608a9a94f,Personal,01 Datos de contabilidad,2023-11-08T09:06:33.762Z,949,ecooltra706,no
Snowflake,41462,si,Datos de contabilidad - Amortización de Activos,034608a9a94f,https://app.mode.com/editor/ecooltra706/reports/034608a9a94f,Personal,02 Amortización de activos,2023-11-08T09:06:33.762Z,949,ecooltra706,no
Snowflake,41462,si,Datos de contabilidad - Amortización de Activos,034608a9a94f,https://app.mode.com/editor/ecooltra706/reports/034608a9a94f,Personal,z params 2,2023-11-08T09:06:33.762Z,949,ecooltra706,no
Snowflake,41462,si,Datos de contabilidad - Amortización de Activos,034608a9a94f,https://app.mode.com/editor/ecooltra706/reports/034608a9a94f,Personal,z params 1,2023-11-08T09:06:33.762Z,949,ecooltra706,no
Snowflake,41462,si,Datos de contabilidad - Amortización de Activos,034608a9a94f,https://app.mode.com/editor/ecooltra706/reports/034608a9a94f,Personal,y Amortización de activos,2023-11-08T09:06:33.762Z,949,ecooltra706,no
Snowflake,41462,si,Datos de contabilidad - Amortización de Activos,034608a9a94f,https://app.mode.com/editor/ecooltra706/reports/034608a9a94f,Personal,Copy of 01 Datos de contabilidad,2023-11-08T09:06:33.762Z,949,ecooltra706,no
Snowflake,41462,si,,8f7398072d0f,https://app.mode.com/editor/ecooltra706/reports/8f7398072d0f,Personal,Query 1,2026-05-30T15:57:48.990Z,14,ecooltra706,no
ZEUS - PRO,40151,si,[ALL] MONTHLY REVENUE PROGRESS - Cooltra & Maas - ROMA,77e961233650,https://app.mode.com/editor/ecooltra706/reports/77e961233650,++ aSlack reports,z definition,2026-06-13T22:04:00.420Z,0,ecooltra706,no
ZEUS - PRO,40151,si,[ALL] MONTHLY REVENUE PROGRESS - Cooltra & Maas - ROMA,77e961233650,https://app.mode.com/editor/ecooltra706/reports/77e961233650,++ aSlack reports,01.b All queries - Internal,2026-06-13T22:04:00.420Z,0,ecooltra706,no
ZEUS - PRO,40151,si,[ALL] MONTHLY REVENUE PROGRESS - Cooltra & Maas - ROMA,77e961233650,https://app.mode.com/editor/ecooltra706/reports/77e961233650,++ aSlack reports,01.c All queries - Others,2026-06-13T22:04:00.420Z,0,ecooltra706,no
ZEUS - PRO,40151,si,[ALL] MONTHLY REVENUE PROGRESS - Cooltra & Maas - MILAN,48929fef7fc1,https://app.mode.com/editor/ecooltra706/reports/48929fef7fc1,++ aSlack reports,01.b All queries - Internal,2026-06-13T22:04:06.602Z,0,ecooltra706,no
ZEUS - PRO,40151,si,[ALL] MONTHLY REVENUE PROGRESS - Cooltra & Maas - MILAN,48929fef7fc1,https://app.mode.com/editor/ecooltra706/reports/48929fef7fc1,++ aSlack reports,z definition,2026-06-13T22:04:06.602Z,0,ecooltra706,no
ZEUS - PRO,40151,si,[ALL] MONTHLY REVENUE PROGRESS - Cooltra & Maas - MILAN,48929fef7fc1,https://app.mode.com/editor/ecooltra706/reports/48929fef7fc1,++ aSlack reports,01.c All queries - Others,2026-06-13T22:04:06.602Z,0,ecooltra706,no
ZEUS - PRO,40151,si,[ALL] MONTHLY REVENUE PROGRESS - Cooltra & Maas - TORINO,2dc466069ad7,https://app.mode.com/editor/ecooltra706/reports/2dc466069ad7,++ aSlack reports,01.c All queries - Others,2026-06-13T22:04:02.210Z,0,ecooltra706,no
ZEUS - PRO,40151,si,[ALL] MONTHLY REVENUE PROGRESS - Cooltra & Maas - TORINO,2dc466069ad7,https://app.mode.com/editor/ecooltra706/reports/2dc466069ad7,++ aSlack reports,01.b All queries - Internal,2026-06-13T22:04:02.210Z,0,ecooltra706,no
ZEUS - PRO,40151,si,[ALL] MONTHLY REVENUE PROGRESS - Cooltra & Maas - TORINO,2dc466069ad7,https://app.mode.com/editor/ecooltra706/reports/2dc466069ad7,++ aSlack reports,z definition,2026-06-13T22:04:02.210Z,0,ecooltra706,no
ZEUS - PRO,40151,si,[ALL] MONTHLY REVENUE PROGRESS - Cooltra & Maas - ITALY,db489bfe3eeb,https://app.mode.com/editor/ecooltra706/reports/db489bfe3eeb,++ aSlack reports,01.b All queries - Internal,2026-06-14T10:05:57.430Z,0,ecooltra706,no
ZEUS - PRO,40151,si,[ALL] MONTHLY REVENUE PROGRESS - Cooltra & Maas - ITALY,db489bfe3eeb,https://app.mode.com/editor/ecooltra706/reports/db489bfe3eeb,++ aSlack reports,z definition,2026-06-14T10:05:57.430Z,0,ecooltra706,no
ZEUS - PRO,40151,si,[ALL] MONTHLY REVENUE PROGRESS - Cooltra & Maas - ITALY,db489bfe3eeb,https://app.mode.com/editor/ecooltra706/reports/db489bfe3eeb,++ aSlack reports,01.c All queries - Others,2026-06-14T10:05:57.430Z,0,ecooltra706,no
ZEUS - PRO,40151,si,[ALL] MONTHLY REVENUE PROGRESS - Felyx,6e9fa8b6d453,https://app.mode.com/editor/ecooltra706/reports/6e9fa8b6d453,++ aSlack reports,01.c All queries - Others,2026-06-14T10:04:59.729Z,0,ecooltra706,no
ZEUS - PRO,40151,si,[ALL] MONTHLY REVENUE PROGRESS - Felyx,6e9fa8b6d453,https://app.mode.com/editor/ecooltra706/reports/6e9fa8b6d453,++ aSlack reports,z definition,2026-06-14T10:04:59.729Z,0,ecooltra706,no
ZEUS - PRO,40151,si,[ALL] MONTHLY REVENUE PROGRESS - Felyx,6e9fa8b6d453,https://app.mode.com/editor/ecooltra706/reports/6e9fa8b6d453,++ aSlack reports,01.b All queries - Internal,2026-06-14T10:04:59.729Z,0,ecooltra706,no
ZEUS - PRO,40151,si,[ALL] MONTHLY REVENUE PROGRESS - Cooltra & Maas,b2253448d1ba,https://app.mode.com/editor/ecooltra706/reports/b2253448d1ba,++ aSlack reports,z definition,2026-06-14T10:05:02.582Z,0,ecooltra706,no
ZEUS - PRO,40151,si,[ALL] MONTHLY REVENUE PROGRESS - Cooltra & Maas,b2253448d1ba,https://app.mode.com/editor/ecooltra706/reports/b2253448d1ba,++ aSlack reports,01.c All queries - Others,2026-06-14T10:05:02.582Z,0,ecooltra706,no
ZEUS - PRO,40151,si,[ALL] MONTHLY REVENUE PROGRESS - Cooltra & Maas,b2253448d1ba,https://app.mode.com/editor/ecooltra706/reports/b2253448d1ba,++ aSlack reports,01.b All queries - Internal,2026-06-14T10:05:02.582Z,0,ecooltra706,no
ZEUS - PRO,40151,si,[ZEUS] Vehicles with 3+ Unprocessed Problem Reports,17578107ad6b,https://app.mode.com/editor/ecooltra706/reports/17578107ad6b,++ aSlack reports,01 3 UNPROCESSED PROBLEM REPORTS,2024-11-04T03:27:10.710Z,587,ecooltra706,no
ZEUS - PRO,40151,si,[ZEUS] Vehicles with 3+ Unprocessed Problem Reports,17578107ad6b,https://app.mode.com/editor/ecooltra706/reports/17578107ad6b,++ aSlack reports,02 4 UNPROCESSED PROBLEM REPORTS,2024-11-04T03:27:10.710Z,587,ecooltra706,no
ZEUS - PRO,40151,si,[ZEUS] Vehicles with 3+ Unprocessed Problem Reports,17578107ad6b,https://app.mode.com/editor/ecooltra706/reports/17578107ad6b,++ aSlack reports,03 5 OR MORE,2024-11-04T03:27:10.710Z,587,ecooltra706,no
ZEUS - PRO,40151,si,[ZEUS] PARIS - Arrondissements data,fcec897c62a5,https://app.mode.com/editor/ecooltra706/reports/fcec897c62a5,++ City Managers,z params,2025-12-18T14:03:07.660Z,177,ecooltra706,no
ZEUS - PRO,40151,si,[ZEUS] PARIS - Arrondissements data,fcec897c62a5,https://app.mode.com/editor/ecooltra706/reports/fcec897c62a5,++ City Managers,02 City center,2025-12-18T14:03:07.660Z,177,ecooltra706,no
ZEUS - PRO,40151,si,[ZEUS] PARIS - Arrondissements data,fcec897c62a5,https://app.mode.com/editor/ecooltra706/reports/fcec897c62a5,++ City Managers,03 Arrons,2025-12-18T14:03:07.660Z,177,ecooltra706,no
ZEUS - PRO,40151,si,[ZEUS] PARIS - Arrondissements data,fcec897c62a5,https://app.mode.com/editor/ecooltra706/reports/fcec897c62a5,++ City Managers,05 Users,2025-12-18T14:03:07.660Z,177,ecooltra706,no
ZEUS - PRO,40151,si,[ZEUS] PARIS - Arrondissements data,fcec897c62a5,https://app.mode.com/editor/ecooltra706/reports/fcec897c62a5,++ City Managers,01 Rentals,2025-12-18T14:03:07.660Z,177,ecooltra706,no
ZEUS - PRO,40151,si,[ZEUS] PARIS - Arrondissements data,fcec897c62a5,https://app.mode.com/editor/ecooltra706/reports/fcec897c62a5,++ City Managers,04 Matrix,2025-12-18T14:03:07.660Z,177,ecooltra706,no
ZEUS - PRO,40151,si,VLT rentals,6021f9fb9440,https://app.mode.com/editor/ecooltra706/reports/6021f9fb9440,++ CS team,Query 4,2026-06-14T12:02:56.292Z,0,ecooltra706,no
ZEUS - PRO,40151,si,Check UNKNWON with scooter RENTALS,a123aff72618,https://app.mode.com/editor/ecooltra706/reports/a123aff72618,++ CS team,Query 1,2026-06-10T06:03:46.574Z,4,ecooltra706,no
ZEUS - PRO,40151,si,[B2C-ST] ALL-Online Bookings,49f2330a0862,https://app.mode.com/editor/ecooltra706/reports/49f2330a0862,[B2C-ST] ST reporting,LastBooking,2024-09-11T10:04:30.440Z,641,ecooltra706,no
ZEUS - PRO,40151,si,[B2C ST] DAILY-Online Bookings-Last 100 created,c23578d991f0,https://app.mode.com/editor/ecooltra706/reports/c23578d991f0,[B2C-ST] ST reporting,LastBooking,2026-06-14T12:05:09.539Z,0,ecooltra706,no
ZEUS - PRO,40151,si,[B2C ST] DAILY-Online Bookings-Last 100 created,c23578d991f0,https://app.mode.com/editor/ecooltra706/reports/c23578d991f0,[B2C-ST] ST reporting,0_README,2026-06-14T12:05:09.539Z,0,ecooltra706,no
ZEUS - PRO,40151,si,[Gaia] Rentals per version - app monitoring,7340a3e1f57c,https://app.mode.com/editor/ecooltra706/reports/7340a3e1f57c,[GAIA],Query 1,2026-06-12T09:54:43.950Z,2,ecooltra706,no
ZEUS - PRO,40151,si,[Gaia] New App Monitoring v3,582e6e451b2f,https://app.mode.com/editor/ecooltra706/reports/582e6e451b2f,[GAIA],c_Impagos,2026-06-12T11:38:25.004Z,2,ecooltra706,no
ZEUS - PRO,40151,si,[Gaia] Monitorización Force Update,24dfd316d64c,https://app.mode.com/editor/ecooltra706/reports/24dfd316d64c,[GAIA],Query 1,2026-03-04T15:43:23.960Z,101,ecooltra706,no
ZEUS - PRO,40151,si,[Gaia] New App Monitoring v2,8026d2b7423c,https://app.mode.com/editor/ecooltra706/reports/8026d2b7423c,[GAIA],7_SUMSUB,2026-01-19T07:22:34.200Z,146,ecooltra706,no
ZEUS - PRO,40151,si,[Gaia] New App Monitoring v2,8026d2b7423c,https://app.mode.com/editor/ecooltra706/reports/8026d2b7423c,[GAIA],1_NEW RIDERS+RENTALS,2026-01-19T07:22:34.200Z,146,ecooltra706,no
ZEUS - PRO,40151,si,[Gaia] New App Monitoring v2,8026d2b7423c,https://app.mode.com/editor/ecooltra706/reports/8026d2b7423c,[GAIA],c_Impagos,2026-01-19T07:22:34.200Z,146,ecooltra706,no
ZEUS - PRO,40151,si,[Gaia] New App Monitoring v2,8026d2b7423c,https://app.mode.com/editor/ecooltra706/reports/8026d2b7423c,[GAIA],4_PASSES NEW APP REGISTRATIONS,2026-01-19T07:22:34.200Z,146,ecooltra706,no
ZEUS - PRO,40151,si,[Gaia] New App Monitoring v2,8026d2b7423c,https://app.mode.com/editor/ecooltra706/reports/8026d2b7423c,[GAIA],3_PACKS NEW APP REGISTRATIONS,2026-01-19T07:22:34.200Z,146,ecooltra706,no
ZEUS - PRO,40151,si,[Gaia] New App Monitoring v2,8026d2b7423c,https://app.mode.com/editor/ecooltra706/reports/8026d2b7423c,[GAIA],0_NEW APP REGISTRATIONS,2026-01-19T07:22:34.200Z,146,ecooltra706,no
ZEUS - PRO,40151,si,[Gaia] New App Monitoring,0ae02c97dc3c,https://app.mode.com/editor/ecooltra706/reports/0ae02c97dc3c,[GAIA],USERS,2026-02-26T07:38:36.972Z,108,ecooltra706,no
ZEUS - PRO,40151,si,[Gaia] New App Monitoring,0ae02c97dc3c,https://app.mode.com/editor/ecooltra706/reports/0ae02c97dc3c,[GAIA],USERS - NATIVE,2026-02-26T07:38:36.972Z,108,ecooltra706,no
ZEUS - PRO,40151,si,[Gaia] New App Monitoring,0ae02c97dc3c,https://app.mode.com/editor/ecooltra706/reports/0ae02c97dc3c,[GAIA],PACKS NEW APP ALL USERS,2026-02-26T07:38:36.972Z,108,ecooltra706,no
ZEUS - PRO,40151,si,[Gaia] New App Monitoring,0ae02c97dc3c,https://app.mode.com/editor/ecooltra706/reports/0ae02c97dc3c,[GAIA],todas,2026-02-26T07:38:36.972Z,108,ecooltra706,no
ZEUS - PRO,40151,si,[Gaia] New App Monitoring,0ae02c97dc3c,https://app.mode.com/editor/ecooltra706/reports/0ae02c97dc3c,[GAIA],PACKS NEW REGISTROS,2026-02-26T07:38:36.972Z,108,ecooltra706,no
ZEUS - PRO,40151,si,[Gaia] New App Monitoring,0ae02c97dc3c,https://app.mode.com/editor/ecooltra706/reports/0ae02c97dc3c,[GAIA],Query 2,2026-02-26T07:38:36.972Z,108,ecooltra706,no
ZEUS - PRO,40151,si,[Gaia] New App Monitoring,0ae02c97dc3c,https://app.mode.com/editor/ecooltra706/reports/0ae02c97dc3c,[GAIA],Sumsub,2026-02-26T07:38:36.972Z,108,ecooltra706,no
ZEUS - PRO,40151,si,[Gaia] New App Monitoring,0ae02c97dc3c,https://app.mode.com/editor/ecooltra706/reports/0ae02c97dc3c,[GAIA],solo 601,2026-02-26T07:38:36.972Z,108,ecooltra706,no
ZEUS - PRO,40151,si,[Gaia] New App Monitoring,0ae02c97dc3c,https://app.mode.com/editor/ecooltra706/reports/0ae02c97dc3c,[GAIA],PACKS NEW NATIVAS FELYX ANDROID,2026-02-26T07:38:36.972Z,108,ecooltra706,no
ZEUS - PRO,40151,si,[Gaia] New App Monitoring,0ae02c97dc3c,https://app.mode.com/editor/ecooltra706/reports/0ae02c97dc3c,[GAIA],RENTALS,2026-02-26T07:38:36.972Z,108,ecooltra706,no
ZEUS - PRO,40151,si,[Gaia] New App Monitoring,0ae02c97dc3c,https://app.mode.com/editor/ecooltra706/reports/0ae02c97dc3c,[GAIA],PACKS FELYX ANDROID,2026-02-26T07:38:36.972Z,108,ecooltra706,no
ZEUS - PRO,40151,si,[PPR] Next Home Systems,205e36d9074d,https://app.mode.com/editor/ecooltra706/reports/205e36d9074d,[HQ] - Marketing retention,Query 5,2026-05-05T15:00:14.970Z,39,ecooltra706,no
ZEUS - PRO,40151,si,[PPR] Seguimiento experimento Milan,792d782ce1af,https://app.mode.com/editor/ecooltra706/reports/792d782ce1af,[HQ] - Marketing retention,Query 8,2026-04-08T13:49:09.138Z,66,ecooltra706,no
ZEUS - PRO,40151,si,[PPR] Seguimiento experimento Milan,792d782ce1af,https://app.mode.com/editor/ecooltra706/reports/792d782ce1af,[HQ] - Marketing retention,Query 14,2026-04-08T13:49:09.138Z,66,ecooltra706,no
ZEUS - PRO,40151,si,Milan PayPerRide,bfc81f6acda8,https://app.mode.com/editor/ecooltra706/reports/bfc81f6acda8,[HQ] - Marketing retention,Query 9,2026-03-09T07:32:12.635Z,97,ecooltra706,no
ZEUS - PRO,40151,si,Milan PayPerRide,bfc81f6acda8,https://app.mode.com/editor/ecooltra706/reports/bfc81f6acda8,[HQ] - Marketing retention,Query 10,2026-03-09T07:32:12.635Z,97,ecooltra706,no
ZEUS - PRO,40151,si,[ZEUS] AUDIT USERS,7ba5d5572934,https://app.mode.com/editor/ecooltra706/reports/7ba5d5572934,[ZEUS] Audit Users,z_names_Zeus,2023-12-13T05:36:24.289Z,914,ecooltra706,no
ZEUS - PRO,40151,si,[ZEUS] AUDIT USERS,7ba5d5572934,https://app.mode.com/editor/ecooltra706/reports/7ba5d5572934,[ZEUS] Audit Users,00_README,2023-12-13T05:36:24.289Z,914,ecooltra706,no
ZEUS - PRO,40151,si,[ZEUS] Operations shifts (without date selector),f0e687f64014,https://app.mode.com/editor/ecooltra706/reports/f0e687f64014,[ZEUS] City Managers,z params,2026-06-14T06:03:40.034Z,0,ecooltra706,no
ZEUS - PRO,40151,si,[ZEUS] Operations shifts (without date selector),f0e687f64014,https://app.mode.com/editor/ecooltra706/reports/f0e687f64014,[ZEUS] City Managers,01 Datos,2026-06-14T06:03:40.034Z,0,ecooltra706,no
ZEUS - PRO,40151,si,[ZEUS] Operations shifts (without date selector),f0e687f64014,https://app.mode.com/editor/ecooltra706/reports/f0e687f64014,[ZEUS] City Managers,Query 3,2026-06-14T06:03:40.034Z,0,ecooltra706,no
ZEUS - PRO,40151,si,felyx Low Battery,b03aba0fe8b7,https://app.mode.com/editor/ecooltra706/reports/b03aba0fe8b7,[ZEUS] City Managers,Query 2,2026-06-14T07:04:18.934Z,0,ecooltra706,no
ZEUS - PRO,40151,si,Mobility infographic - multicity,5b19e2878cc0,https://app.mode.com/editor/ecooltra706/reports/5b19e2878cc0,[ZEUS] City Managers,99 geofence,2023-05-02T12:30:06.936Z,1139,ecooltra706,no
ZEUS - PRO,40151,si,Mobility infographic - multicity,5b19e2878cc0,https://app.mode.com/editor/ecooltra706/reports/5b19e2878cc0,[ZEUS] City Managers,Query 15,2023-05-02T12:30:06.936Z,1139,ecooltra706,no
ZEUS - PRO,40151,si,Mobility infographic - multicity,5b19e2878cc0,https://app.mode.com/editor/ecooltra706/reports/5b19e2878cc0,[ZEUS] City Managers,99 city centers,2023-05-02T12:30:06.936Z,1139,ecooltra706,no
ZEUS - PRO,40151,si,Mobility infographic - multicity,5b19e2878cc0,https://app.mode.com/editor/ecooltra706/reports/5b19e2878cc0,[ZEUS] City Managers,01 rentals and users [OLD],2023-05-02T12:30:06.936Z,1139,ecooltra706,no
ZEUS - PRO,40151,si,Mobility infographic - multicity,5b19e2878cc0,https://app.mode.com/editor/ecooltra706/reports/5b19e2878cc0,[ZEUS] City Managers,99 points of interest,2023-05-02T12:30:06.936Z,1139,ecooltra706,no
ZEUS - PRO,40151,si,Mobility infographic - multicity,5b19e2878cc0,https://app.mode.com/editor/ecooltra706/reports/5b19e2878cc0,[ZEUS] City Managers,07 distance and minutes,2023-05-02T12:30:06.936Z,1139,ecooltra706,no
ZEUS - PRO,40151,si,Mobility infographic - multicity,5b19e2878cc0,https://app.mode.com/editor/ecooltra706/reports/5b19e2878cc0,[ZEUS] City Managers,z_params,2023-05-02T12:30:06.936Z,1139,ecooltra706,no
ZEUS - PRO,40151,si,Mobility infographic - multicity,5b19e2878cc0,https://app.mode.com/editor/ecooltra706/reports/5b19e2878cc0,[ZEUS] City Managers,Query 12,2023-05-02T12:30:06.936Z,1139,ecooltra706,no
ZEUS - PRO,40151,si,Mobility infographic - multicity,5b19e2878cc0,https://app.mode.com/editor/ecooltra706/reports/5b19e2878cc0,[ZEUS] City Managers,04 Users' age,2023-05-02T12:30:06.936Z,1139,ecooltra706,no
ZEUS - PRO,40151,si,Mobility infographic - multicity,5b19e2878cc0,https://app.mode.com/editor/ecooltra706/reports/5b19e2878cc0,[ZEUS] City Managers,06 ECO data,2023-05-02T12:30:06.936Z,1139,ecooltra706,no
ZEUS - PRO,40151,si,Mobility infographic - multicity,5b19e2878cc0,https://app.mode.com/editor/ecooltra706/reports/5b19e2878cc0,[ZEUS] City Managers,02 new riders,2023-05-02T12:30:06.936Z,1139,ecooltra706,no
ZEUS - PRO,40151,si,Mobility infographic - multicity,5b19e2878cc0,https://app.mode.com/editor/ecooltra706/reports/5b19e2878cc0,[ZEUS] City Managers,99 city started_at,2023-05-02T12:30:06.936Z,1139,ecooltra706,no
ZEUS - PRO,40151,si,Mobility infographic - multicity,5b19e2878cc0,https://app.mode.com/editor/ecooltra706/reports/5b19e2878cc0,[ZEUS] City Managers,03 tourists rentals,2023-05-02T12:30:06.936Z,1139,ecooltra706,no
ZEUS - PRO,40151,si,Mobility infographic - multicity,5b19e2878cc0,https://app.mode.com/editor/ecooltra706/reports/5b19e2878cc0,[ZEUS] City Managers,05 rentals dow and hour,2023-05-02T12:30:06.936Z,1139,ecooltra706,no
ZEUS - PRO,40151,si,Mobility infographic - multicity,5b19e2878cc0,https://app.mode.com/editor/ecooltra706/reports/5b19e2878cc0,[ZEUS] City Managers,01 rentals and users,2023-05-02T12:30:06.936Z,1139,ecooltra706,no
ZEUS - PRO,40151,si,[ZEUS] Problem Reports Data,2c89501c5934,https://app.mode.com/editor/ecooltra706/reports/2c89501c5934,[ZEUS] City Managers,01 Problem reports,2026-06-05T09:50:41.354Z,9,ecooltra706,no
ZEUS - PRO,40151,si,[ZEUS] Problem Reports Data,2c89501c5934,https://app.mode.com/editor/ecooltra706/reports/2c89501c5934,[ZEUS] City Managers,z params,2026-06-05T09:50:41.354Z,9,ecooltra706,no
ZEUS - PRO,40151,si,[ZEUS] Problem Reports Data,2c89501c5934,https://app.mode.com/editor/ecooltra706/reports/2c89501c5934,[ZEUS] City Managers,Query 3,2026-06-05T09:50:41.354Z,9,ecooltra706,no
ZEUS - PRO,40151,si,[Zeus] Alarms Dashboard,328e9aa075ce,https://app.mode.com/editor/ecooltra706/reports/328e9aa075ce,[ZEUS] City Managers,Query 1,2024-04-26T10:26:01.233Z,779,ecooltra706,no
ZEUS - PRO,40151,si,[Zeus] Alarms Dashboard,328e9aa075ce,https://app.mode.com/editor/ecooltra706/reports/328e9aa075ce,[ZEUS] City Managers,Query 2,2024-04-26T10:26:01.233Z,779,ecooltra706,no
ZEUS - PRO,40151,si,[ZEUS] Operations shifts (with date selector),e215bf480fe6,https://app.mode.com/editor/ecooltra706/reports/e215bf480fe6,[ZEUS] City Managers,01 Datos,2026-01-30T19:21:02.410Z,134,ecooltra706,no
ZEUS - PRO,40151,si,[ZEUS] Operations shifts (with date selector),e215bf480fe6,https://app.mode.com/editor/ecooltra706/reports/e215bf480fe6,[ZEUS] City Managers,z params,2026-01-30T19:21:02.410Z,134,ecooltra706,no
ZEUS - PRO,40151,si,[ZEUS] [US/ALL] Unused Scooters,d82873031c9f,https://app.mode.com/editor/ecooltra706/reports/d82873031c9f,[ZEUS] City Managers,z_params,2023-12-18T08:09:34.331Z,909,ecooltra706,no
ZEUS - PRO,40151,si,[ZEUS] [US/ALL] Unused Scooters,d82873031c9f,https://app.mode.com/editor/ecooltra706/reports/d82873031c9f,[ZEUS] City Managers,Query 8,2023-12-18T08:09:34.331Z,909,ecooltra706,no
ZEUS - PRO,40151,si,[ZEUS] [US/ALL] Unused Scooters,d82873031c9f,https://app.mode.com/editor/ecooltra706/reports/d82873031c9f,[ZEUS] City Managers,Query 7,2023-12-18T08:09:34.331Z,909,ecooltra706,no
ZEUS - PRO,40151,si,[ZEUS] [US/ALL] Unused Scooters,d82873031c9f,https://app.mode.com/editor/ecooltra706/reports/d82873031c9f,[ZEUS] City Managers,Query 5,2023-12-18T08:09:34.331Z,909,ecooltra706,no
ZEUS - PRO,40151,si,[ZEUS] [US/ALL] Unused Scooters,d82873031c9f,https://app.mode.com/editor/ecooltra706/reports/d82873031c9f,[ZEUS] City Managers,Query 9,2023-12-18T08:09:34.331Z,909,ecooltra706,no
ZEUS - PRO,40151,si,[ZEUS] [US/ALL] Unused Scooters,d82873031c9f,https://app.mode.com/editor/ecooltra706/reports/d82873031c9f,[ZEUS] City Managers,Query 6,2023-12-18T08:09:34.331Z,909,ecooltra706,no
ZEUS - PRO,40151,si,[ZEUS] [US/ALL] Unused Scooters,d82873031c9f,https://app.mode.com/editor/ecooltra706/reports/d82873031c9f,[ZEUS] City Managers,geo_fences,2023-12-18T08:09:34.331Z,909,ecooltra706,no
ZEUS - PRO,40151,si,[ZEUS] [US/ALL] Unused Scooters,d82873031c9f,https://app.mode.com/editor/ecooltra706/reports/d82873031c9f,[ZEUS] City Managers,Info about this report:,2023-12-18T08:09:34.331Z,909,ecooltra706,no
ZEUS - PRO,40151,si,[ZEUS] [US/ALL] Unused Scooters,d82873031c9f,https://app.mode.com/editor/ecooltra706/reports/d82873031c9f,[ZEUS] City Managers,Table_not_used_vehicles,2023-12-18T08:09:34.331Z,909,ecooltra706,no
ZEUS - PRO,40151,si,Heatmap of rentals,2618c4debc79,https://app.mode.com/editor/ecooltra706/reports/2618c4debc79,[ZEUS] City Managers,04 City,2023-11-23T08:55:48.362Z,934,ecooltra706,no
ZEUS - PRO,40151,si,Heatmap of rentals,2618c4debc79,https://app.mode.com/editor/ecooltra706/reports/2618c4debc79,[ZEUS] City Managers,z_params,2023-11-23T08:55:48.362Z,934,ecooltra706,no
ZEUS - PRO,40151,si,Heatmap of rentals,2618c4debc79,https://app.mode.com/editor/ecooltra706/reports/2618c4debc79,[ZEUS] City Managers,05 day,2023-11-23T08:55:48.362Z,934,ecooltra706,no
ZEUS - PRO,40151,si,Heatmap of rentals,2618c4debc79,https://app.mode.com/editor/ecooltra706/reports/2618c4debc79,[ZEUS] City Managers,01 Rentals,2023-11-23T08:55:48.362Z,934,ecooltra706,no
ZEUS - PRO,40151,si,[Zeus] Current Idle Time,6fcd456fef11,https://app.mode.com/editor/ecooltra706/reports/6fcd456fef11,[ZEUS] City Managers,02 City coordinates,2025-06-03T14:38:09.560Z,375,ecooltra706,no
ZEUS - PRO,40151,si,[Zeus] Current Idle Time,6fcd456fef11,https://app.mode.com/editor/ecooltra706/reports/6fcd456fef11,[ZEUS] City Managers,03 Geofence,2025-06-03T14:38:09.560Z,375,ecooltra706,no
ZEUS - PRO,40151,si,[Zeus] Current Idle Time,6fcd456fef11,https://app.mode.com/editor/ecooltra706/reports/6fcd456fef11,[ZEUS] City Managers,04 Percentages,2025-06-03T14:38:09.560Z,375,ecooltra706,no
ZEUS - PRO,40151,si,[Zeus] Current Idle Time,6fcd456fef11,https://app.mode.com/editor/ecooltra706/reports/6fcd456fef11,[ZEUS] City Managers,z params,2025-06-03T14:38:09.560Z,375,ecooltra706,no
ZEUS - PRO,40151,si,[Zeus] Current Idle Time,6fcd456fef11,https://app.mode.com/editor/ecooltra706/reports/6fcd456fef11,[ZEUS] City Managers,Query 6,2025-06-03T14:38:09.560Z,375,ecooltra706,no
ZEUS - PRO,40151,si,[Zeus] Current Idle Time,6fcd456fef11,https://app.mode.com/editor/ecooltra706/reports/6fcd456fef11,[ZEUS] City Managers,01 Vehicles,2025-06-03T14:38:09.560Z,375,ecooltra706,no
ZEUS - PRO,40151,si,[OPS] 01 MONTHLY RENTALS PER CITY (billable minutes and kms),16c8b46a35e2,https://app.mode.com/editor/ecooltra706/reports/16c8b46a35e2,[ZEUS] City Managers,Query 2,2023-04-26T17:52:12.004Z,1144,ecooltra706,no
ZEUS - PRO,40151,si,[OPS] 01 MONTHLY RENTALS PER CITY (billable minutes and kms),16c8b46a35e2,https://app.mode.com/editor/ecooltra706/reports/16c8b46a35e2,[ZEUS] City Managers,Query 1,2023-04-26T17:52:12.004Z,1144,ecooltra706,no
ZEUS - PRO,40151,si,[ZEUS][SWA/SINGLE] Swapping analysis,51b61bbc3208,https://app.mode.com/editor/ecooltra706/reports/51b61bbc3208,[ZEUS] City Managers,z params,2025-12-18T13:53:26.480Z,177,ecooltra706,no
ZEUS - PRO,40151,si,[ZEUS][SWA/SINGLE] Swapping analysis,51b61bbc3208,https://app.mode.com/editor/ecooltra706/reports/51b61bbc3208,[ZEUS] City Managers,Query 5,2025-12-18T13:53:26.480Z,177,ecooltra706,no
ZEUS - PRO,40151,si,[ZEUS][SWA/SINGLE] Swapping analysis,51b61bbc3208,https://app.mode.com/editor/ecooltra706/reports/51b61bbc3208,[ZEUS] City Managers,Query 4,2025-12-18T13:53:26.480Z,177,ecooltra706,no
ZEUS - PRO,40151,si,[ZEUS][SWA/SINGLE] Swapping analysis,51b61bbc3208,https://app.mode.com/editor/ecooltra706/reports/51b61bbc3208,[ZEUS] City Managers,01 Detalles últimos X días,2025-12-18T13:53:26.480Z,177,ecooltra706,no
ZEUS - PRO,40151,si,[OLD] [ZEUS][SWA/SINGLE] Swapping analysis,95649457f5e5,https://app.mode.com/editor/ecooltra706/reports/95649457f5e5,[ZEUS] City Managers,Query 4,2022-12-23T10:04:40.258Z,1269,ecooltra706,no
ZEUS - PRO,40151,si,[OLD] [ZEUS][SWA/SINGLE] Swapping analysis,95649457f5e5,https://app.mode.com/editor/ecooltra706/reports/95649457f5e5,[ZEUS] City Managers,Query 5,2022-12-23T10:04:40.258Z,1269,ecooltra706,no
ZEUS - PRO,40151,si,[OLD] [ZEUS][SWA/SINGLE] Swapping analysis,95649457f5e5,https://app.mode.com/editor/ecooltra706/reports/95649457f5e5,[ZEUS] City Managers,01 Detalles últimos X días,2022-12-23T10:04:40.258Z,1269,ecooltra706,no
ZEUS - PRO,40151,si,[OLD] [ZEUS][SWA/SINGLE] Swapping analysis,95649457f5e5,https://app.mode.com/editor/ecooltra706/reports/95649457f5e5,[ZEUS] City Managers,z params,2022-12-23T10:04:40.258Z,1269,ecooltra706,no
ZEUS - PRO,40151,si,[ZEUS] Export - Tasks,39141095cb05,https://app.mode.com/editor/ecooltra706/reports/39141095cb05,[ZEUS] City Managers,Tasks,2026-06-10T08:08:27.704Z,4,ecooltra706,no
ZEUS - PRO,40151,si,[ZEUS] Export - Tasks,39141095cb05,https://app.mode.com/editor/ecooltra706/reports/39141095cb05,[ZEUS] City Managers,z param,2026-06-10T08:08:27.704Z,4,ecooltra706,no
ZEUS - PRO,40151,si,[ZEUS] Export - Tasks,39141095cb05,https://app.mode.com/editor/ecooltra706/reports/39141095cb05,[ZEUS] City Managers,Tags,2026-06-10T08:08:27.704Z,4,ecooltra706,no
ZEUS - PRO,40151,si,[ZEUS] Export - Tasks,39141095cb05,https://app.mode.com/editor/ecooltra706/reports/39141095cb05,[ZEUS] City Managers,0 - First and last Tasks found:,2026-06-10T08:08:27.704Z,4,ecooltra706,no
ZEUS - PRO,40151,si,[ZEUS] Daily rentals per city,f035f8d83503,https://app.mode.com/editor/ecooltra706/reports/f035f8d83503,[ZEUS] City Managers,z_params,2024-07-09T13:04:06.313Z,704,ecooltra706,no
ZEUS - PRO,40151,si,[ZEUS] Daily rentals per city,f035f8d83503,https://app.mode.com/editor/ecooltra706/reports/f035f8d83503,[ZEUS] City Managers,ALL Rentals,2024-07-09T13:04:06.313Z,704,ecooltra706,no
ZEUS - PRO,40151,si,[ZEUS] Daily rentals per city,f035f8d83503,https://app.mode.com/editor/ecooltra706/reports/f035f8d83503,[ZEUS] City Managers,Filtered rentals,2024-07-09T13:04:06.313Z,704,ecooltra706,no
ZEUS - PRO,40151,si,[ZEUS] VEHICLES WITH RENTALS WITH 0 METRES,60ea2d3fbd73,https://app.mode.com/editor/ecooltra706/reports/60ea2d3fbd73,[ZEUS] City Managers,DETAIL,2025-02-18T08:32:57.504Z,481,ecooltra706,no
ZEUS - PRO,40151,si,[ZEUS] VEHICLES WITH RENTALS WITH 0 METRES,60ea2d3fbd73,https://app.mode.com/editor/ecooltra706/reports/60ea2d3fbd73,[ZEUS] City Managers,z_params,2025-02-18T08:32:57.504Z,481,ecooltra706,no
ZEUS - PRO,40151,si,[ZEUS] Shifts,1960644885fd,https://app.mode.com/editor/ecooltra706/reports/1960644885fd,[ZEUS] City Managers,01 Work units and shifts,2026-06-02T13:18:10.122Z,11,ecooltra706,no
ZEUS - PRO,40151,si,[ZEUS] Shifts,1960644885fd,https://app.mode.com/editor/ecooltra706/reports/1960644885fd,[ZEUS] City Managers,z params,2026-06-02T13:18:10.122Z,11,ecooltra706,no
ZEUS - PRO,40151,si,[ZEUS] Last operators that have closed work units on a vehicle,2c4875e11cbf,https://app.mode.com/editor/ecooltra706/reports/2c4875e11cbf,[ZEUS] City Managers,Query 1,2023-05-23T07:52:30.676Z,1118,ecooltra706,no
ZEUS - PRO,40151,si,[ZEUS] Last operators that have closed work units on a vehicle,2c4875e11cbf,https://app.mode.com/editor/ecooltra706/reports/2c4875e11cbf,[ZEUS] City Managers,z params,2023-05-23T07:52:30.676Z,1118,ecooltra706,no
ZEUS - PRO,40151,si,[ZEUS] Operations shifts,ecf46647e26b,https://app.mode.com/editor/ecooltra706/reports/ecf46647e26b,[ZEUS] City Managers,03 Ciudad,2024-03-22T14:08:25.801Z,813,ecooltra706,no
ZEUS - PRO,40151,si,[ZEUS] Operations shifts,ecf46647e26b,https://app.mode.com/editor/ecooltra706/reports/ecf46647e26b,[ZEUS] City Managers,05 Operadores,2024-03-22T14:08:25.801Z,813,ecooltra706,no
ZEUS - PRO,40151,si,[ZEUS] Operations shifts,ecf46647e26b,https://app.mode.com/editor/ecooltra706/reports/ecf46647e26b,[ZEUS] City Managers,01 Datos,2024-03-22T14:08:25.801Z,813,ecooltra706,no
ZEUS - PRO,40151,si,[ZEUS] Operations shifts,ecf46647e26b,https://app.mode.com/editor/ecooltra706/reports/ecf46647e26b,[ZEUS] City Managers,Query 5,2024-03-22T14:08:25.801Z,813,ecooltra706,no
ZEUS - PRO,40151,si,[ZEUS] Operations shifts,ecf46647e26b,https://app.mode.com/editor/ecooltra706/reports/ecf46647e26b,[ZEUS] City Managers,02 Horario del turno,2024-03-22T14:08:25.801Z,813,ecooltra706,no
ZEUS - PRO,40151,si,[ZEUS] Operations shifts,ecf46647e26b,https://app.mode.com/editor/ecooltra706/reports/ecf46647e26b,[ZEUS] City Managers,04 Params,2024-03-22T14:08:25.801Z,813,ecooltra706,no
ZEUS - PRO,40151,si,Geolocation of a vehicle in a given timestamp,82663fb1368b,https://app.mode.com/editor/ecooltra706/reports/82663fb1368b,[ZEUS] City Managers,z params,2023-09-22T15:08:55.574Z,995,ecooltra706,no
ZEUS - PRO,40151,si,Geolocation of a vehicle in a given timestamp,82663fb1368b,https://app.mode.com/editor/ecooltra706/reports/82663fb1368b,[ZEUS] City Managers,02 City centers,2023-09-22T15:08:55.574Z,995,ecooltra706,no
ZEUS - PRO,40151,si,Geolocation of a vehicle in a given timestamp,82663fb1368b,https://app.mode.com/editor/ecooltra706/reports/82663fb1368b,[ZEUS] City Managers,01 Vehicle,2023-09-22T15:08:55.574Z,995,ecooltra706,no
ZEUS - PRO,40151,si,Lost vehicles Paris,9e367e463a74,https://app.mode.com/editor/ecooltra706/reports/9e367e463a74,[ZEUS] City Managers,z_params_location,2023-12-18T13:09:37.128Z,908,ecooltra706,no
ZEUS - PRO,40151,si,Lost vehicles Paris,9e367e463a74,https://app.mode.com/editor/ecooltra706/reports/9e367e463a74,[ZEUS] City Managers,z_params_external_id,2023-12-18T13:09:37.128Z,908,ecooltra706,no
ZEUS - PRO,40151,si,Lost vehicles Paris,9e367e463a74,https://app.mode.com/editor/ecooltra706/reports/9e367e463a74,[ZEUS] City Managers,Query 1,2023-12-18T13:09:37.128Z,908,ecooltra706,no
ZEUS - PRO,40151,si,Paris task control (FW Jumper),a377a407f556,https://app.mode.com/editor/ecooltra706/reports/a377a407f556,[ZEUS] City Managers,Query 1,2022-11-15T08:51:22.518Z,1307,ecooltra706,no
ZEUS - PRO,40151,si,Paris task control (FW Jumper),a377a407f556,https://app.mode.com/editor/ecooltra706/reports/a377a407f556,[ZEUS] City Managers,z_params,2022-11-15T08:51:22.518Z,1307,ecooltra706,no
ZEUS - PRO,40151,si,Paris task control (FW Jumper),a377a407f556,https://app.mode.com/editor/ecooltra706/reports/a377a407f556,[ZEUS] City Managers,Query 3,2022-11-15T08:51:22.518Z,1307,ecooltra706,no
ZEUS - PRO,40151,si,[ZEUS] CS/Legal - Datos y Rentals de usuario,1342d7844739,https://app.mode.com/editor/ecooltra706/reports/1342d7844739,[ZEUS] HQ Customer Service,Query 3,2026-05-11T09:30:38.529Z,34,ecooltra706,no
ZEUS - PRO,40151,si,[ZEUS] CS/Legal - Datos y Rentals de usuario,1342d7844739,https://app.mode.com/editor/ecooltra706/reports/1342d7844739,[ZEUS] HQ Customer Service,Query 2,2026-05-11T09:30:38.529Z,34,ecooltra706,no
ZEUS - PRO,40151,si,[ZEUS] CS/Legal - Datos y Rentals de usuario,1342d7844739,https://app.mode.com/editor/ecooltra706/reports/1342d7844739,[ZEUS] HQ Customer Service,Query 1,2026-05-11T09:30:38.529Z,34,ecooltra706,no
ZEUS - PRO,40151,si,Unprocessed Aruba invoices,a057f39a7301,https://app.mode.com/editor/ecooltra706/reports/a057f39a7301,[ZEUS] HQ Customer Service,01 Aruba,2026-06-14T06:03:37.726Z,0,ecooltra706,no
ZEUS - PRO,40151,si,[ZEUS] [OFFICIAL] ACTIVATIONS REPORT,eeba4c22e986,https://app.mode.com/editor/ecooltra706/reports/eeba4c22e986,[ZEUS] HQ Customer Service,07 Corrections requested por operador últimos 7 días,2026-01-11T14:10:02.296Z,153,ecooltra706,no
ZEUS - PRO,40151,si,[ZEUS] [OFFICIAL] ACTIVATIONS REPORT,eeba4c22e986,https://app.mode.com/editor/ecooltra706/reports/eeba4c22e986,[ZEUS] HQ Customer Service,06 Diferencia Creación - Activación hoy,2026-01-11T14:10:02.296Z,153,ecooltra706,no
ZEUS - PRO,40151,si,[ZEUS] [OFFICIAL] ACTIVATIONS REPORT,eeba4c22e986,https://app.mode.com/editor/ecooltra706/reports/eeba4c22e986,[ZEUS] HQ Customer Service,03 Rejected y Corrections Requested últimos 7 días,2026-01-11T14:10:02.296Z,153,ecooltra706,no
ZEUS - PRO,40151,si,[ZEUS] [OFFICIAL] ACTIVATIONS REPORT,eeba4c22e986,https://app.mode.com/editor/ecooltra706/reports/eeba4c22e986,[ZEUS] HQ Customer Service,08 Rejected por operador últimos 7 días,2026-01-11T14:10:02.296Z,153,ecooltra706,no
ZEUS - PRO,40151,si,[ZEUS] [OFFICIAL] ACTIVATIONS REPORT,eeba4c22e986,https://app.mode.com/editor/ecooltra706/reports/eeba4c22e986,[ZEUS] HQ Customer Service,02 Activaciones últimos 7 días,2026-01-11T14:10:02.296Z,153,ecooltra706,no
ZEUS - PRO,40151,si,[ZEUS] [OFFICIAL] ACTIVATIONS REPORT,eeba4c22e986,https://app.mode.com/editor/ecooltra706/reports/eeba4c22e986,[ZEUS] HQ Customer Service,05 Activaciones por Operador últimos 7 días,2026-01-11T14:10:02.296Z,153,ecooltra706,no
ZEUS - PRO,40151,si,[ZEUS] [OFFICIAL] ACTIVATIONS REPORT,eeba4c22e986,https://app.mode.com/editor/ecooltra706/reports/eeba4c22e986,[ZEUS] HQ Customer Service,01 Registros últimos 7 días,2026-01-11T14:10:02.296Z,153,ecooltra706,no
ZEUS - PRO,40151,si,[ZEUS] [OFFICIAL] ACTIVATIONS REPORT,eeba4c22e986,https://app.mode.com/editor/ecooltra706/reports/eeba4c22e986,[ZEUS] HQ Customer Service,09 Totals,2026-01-11T14:10:02.296Z,153,ecooltra706,no
ZEUS - PRO,40151,si,[ZEUS] [OFFICIAL] ACTIVATIONS REPORT,eeba4c22e986,https://app.mode.com/editor/ecooltra706/reports/eeba4c22e986,[ZEUS] HQ Customer Service,04 Registros por hora últimos 7 días,2026-01-11T14:10:02.296Z,153,ecooltra706,no
ZEUS - PRO,40151,si,[ZEUS] [OFFICIAL] ACTIVATIONS REPORT,eeba4c22e986,https://app.mode.com/editor/ecooltra706/reports/eeba4c22e986,[ZEUS] HQ Customer Service,z params,2026-01-11T14:10:02.296Z,153,ecooltra706,no
ZEUS - PRO,40151,si,Unprocessed Magnifinance invoices,bce01b836a6d,https://app.mode.com/editor/ecooltra706/reports/bce01b836a6d,[ZEUS] HQ Customer Service,Total,2026-06-14T06:03:20.204Z,0,ecooltra706,no
ZEUS - PRO,40151,si,[ZEUS] [OFFICIAL] PROBLEM REPORTS,9387c83524de,https://app.mode.com/editor/ecooltra706/reports/9387c83524de,[ZEUS] HQ Customer Service,02 AVG processing duration,2024-01-21T22:48:46.040Z,874,ecooltra706,no
ZEUS - PRO,40151,si,[ZEUS] [OFFICIAL] PROBLEM REPORTS,9387c83524de,https://app.mode.com/editor/ecooltra706/reports/9387c83524de,[ZEUS] HQ Customer Service,01 Damage per city and day,2024-01-21T22:48:46.040Z,874,ecooltra706,no
ZEUS - PRO,40151,si,[ZEUS] [OFFICIAL] PROBLEM REPORTS,9387c83524de,https://app.mode.com/editor/ecooltra706/reports/9387c83524de,[ZEUS] HQ Customer Service,04.b PR PRE RENTAL,2024-01-21T22:48:46.040Z,874,ecooltra706,no
ZEUS - PRO,40151,si,[ZEUS] [OFFICIAL] PROBLEM REPORTS,9387c83524de,https://app.mode.com/editor/ecooltra706/reports/9387c83524de,[ZEUS] HQ Customer Service,04 Type of DR,2024-01-21T22:48:46.040Z,874,ecooltra706,no
ZEUS - PRO,40151,si,[ZEUS] [OFFICIAL] PROBLEM REPORTS,9387c83524de,https://app.mode.com/editor/ecooltra706/reports/9387c83524de,[ZEUS] HQ Customer Service,07 City,2024-01-21T22:48:46.040Z,874,ecooltra706,no
ZEUS - PRO,40151,si,[ZEUS] [OFFICIAL] PROBLEM REPORTS,9387c83524de,https://app.mode.com/editor/ecooltra706/reports/9387c83524de,[ZEUS] HQ Customer Service,03 DR per tag and city,2024-01-21T22:48:46.040Z,874,ecooltra706,no
ZEUS - PRO,40151,si,[ZEUS] [OFFICIAL] PROBLEM REPORTS,9387c83524de,https://app.mode.com/editor/ecooltra706/reports/9387c83524de,[ZEUS] HQ Customer Service,06 Operators,2024-01-21T22:48:46.040Z,874,ecooltra706,no
ZEUS - PRO,40151,si,[ZEUS] [OFFICIAL] PROBLEM REPORTS,9387c83524de,https://app.mode.com/editor/ecooltra706/reports/9387c83524de,[ZEUS] HQ Customer Service,z params,2024-01-21T22:48:46.040Z,874,ecooltra706,no
ZEUS - PRO,40151,si,[Zeus] Vehicle Timeline,5deda0483180,https://app.mode.com/editor/ecooltra706/reports/5deda0483180,[ZEUS] HQ Customer Service,Timeline,2026-04-28T08:43:09.706Z,47,ecooltra706,no
ZEUS - PRO,40151,si,[Zeus] Vehicle Timeline,5deda0483180,https://app.mode.com/editor/ecooltra706/reports/5deda0483180,[ZEUS] HQ Customer Service,Query 5,2026-04-28T08:43:09.706Z,47,ecooltra706,no
ZEUS - PRO,40151,si,[Zeus] Vehicle Timeline,5deda0483180,https://app.mode.com/editor/ecooltra706/reports/5deda0483180,[ZEUS] HQ Customer Service,Big numbers,2026-04-28T08:43:09.706Z,47,ecooltra706,no
ZEUS - PRO,40151,si,[Zeus] Vehicle Timeline,5deda0483180,https://app.mode.com/editor/ecooltra706/reports/5deda0483180,[ZEUS] HQ Customer Service,Query 7,2026-04-28T08:43:09.706Z,47,ecooltra706,no
ZEUS - PRO,40151,si,[Zeus] Vehicle Timeline,5deda0483180,https://app.mode.com/editor/ecooltra706/reports/5deda0483180,[ZEUS] HQ Customer Service,z_params,2026-04-28T08:43:09.706Z,47,ecooltra706,no
ZEUS - PRO,40151,si,[Zeus] Vehicle Timeline,5deda0483180,https://app.mode.com/editor/ecooltra706/reports/5deda0483180,[ZEUS] HQ Customer Service,Vehicle_id,2026-04-28T08:43:09.706Z,47,ecooltra706,no
ZEUS - PRO,40151,si,[Zeus] Vehicle Timeline,5deda0483180,https://app.mode.com/editor/ecooltra706/reports/5deda0483180,[ZEUS] HQ Customer Service,Query 6,2026-04-28T08:43:09.706Z,47,ecooltra706,no
ZEUS - PRO,40151,si,[ZEUS] Detection of possible fraud by shared usage of accounts,f2909c1eb628,https://app.mode.com/editor/ecooltra706/reports/f2909c1eb628,[ZEUS] HQ Customer Service,z params,2023-04-03T13:50:48.671Z,1167,ecooltra706,no
ZEUS - PRO,40151,si,[ZEUS] Detection of possible fraud by shared usage of accounts,f2909c1eb628,https://app.mode.com/editor/ecooltra706/reports/f2909c1eb628,[ZEUS] HQ Customer Service,02 Distinct user agents,2023-04-03T13:50:48.671Z,1167,ecooltra706,no
ZEUS - PRO,40151,si,[ZEUS] Detection of possible fraud by shared usage of accounts,f2909c1eb628,https://app.mode.com/editor/ecooltra706/reports/f2909c1eb628,[ZEUS] HQ Customer Service,01 Possible fraudsters,2023-04-03T13:50:48.671Z,1167,ecooltra706,no
ZEUS - PRO,40151,si,[ZEUS] [OFFICIAL] QUARTERLY ACTIVATIONS & DAMAGE REPORTS,c984988b3dd7,https://app.mode.com/editor/ecooltra706/reports/c984988b3dd7,[ZEUS] HQ Customer Service,01 Registrations,2023-04-15T01:18:15.015Z,1156,ecooltra706,no
ZEUS - PRO,40151,si,[ZEUS] [OFFICIAL] QUARTERLY ACTIVATIONS & DAMAGE REPORTS,c984988b3dd7,https://app.mode.com/editor/ecooltra706/reports/c984988b3dd7,[ZEUS] HQ Customer Service,02 Activations,2023-04-15T01:18:15.015Z,1156,ecooltra706,no
ZEUS - PRO,40151,si,[ZEUS] [OFFICIAL] QUARTERLY ACTIVATIONS & DAMAGE REPORTS,c984988b3dd7,https://app.mode.com/editor/ecooltra706/reports/c984988b3dd7,[ZEUS] HQ Customer Service,03 Reviews & Rejections,2023-04-15T01:18:15.015Z,1156,ecooltra706,no
ZEUS - PRO,40151,si,[ZEUS] [OFFICIAL] QUARTERLY ACTIVATIONS & DAMAGE REPORTS,c984988b3dd7,https://app.mode.com/editor/ecooltra706/reports/c984988b3dd7,[ZEUS] HQ Customer Service,04 Damage reports,2023-04-15T01:18:15.015Z,1156,ecooltra706,no
ZEUS - PRO,40151,si,[ZEUS] MONTHLY DAMAGE REPORTS PER OPERATOR,48462118dbc0,https://app.mode.com/editor/ecooltra706/reports/48462118dbc0,[ZEUS] HQ Customer Service,02.1 - eCooltra damage reports,2022-07-05T07:03:13.939Z,1440,ecooltra706,no
ZEUS - PRO,40151,si,[ZEUS][CS] Weekly Rentals,aed6af620509,https://app.mode.com/editor/ecooltra706/reports/aed6af620509,[ZEUS] HQ Customer Service,Query 3,2024-07-09T10:06:39.710Z,705,ecooltra706,no
ZEUS - PRO,40151,si,[ZEUS][CS] Weekly Rentals,aed6af620509,https://app.mode.com/editor/ecooltra706/reports/aed6af620509,[ZEUS] HQ Customer Service,01 Weekly rentals,2024-07-09T10:06:39.710Z,705,ecooltra706,no
ZEUS - PRO,40151,si,[ZEUS][CS] Weekly Rentals,aed6af620509,https://app.mode.com/editor/ecooltra706/reports/aed6af620509,[ZEUS] HQ Customer Service,z params,2024-07-09T10:06:39.710Z,705,ecooltra706,no
ZEUS - PRO,40151,si,[ZEUS][CS] Quarterly Rentals,b94c12835ab4,https://app.mode.com/editor/ecooltra706/reports/b94c12835ab4,[ZEUS] HQ Customer Service,z params,2023-10-31T09:09:00.407Z,957,ecooltra706,no
ZEUS - PRO,40151,si,[ZEUS][CS] Quarterly Rentals,b94c12835ab4,https://app.mode.com/editor/ecooltra706/reports/b94c12835ab4,[ZEUS] HQ Customer Service,01 Quarterly rentals,2023-10-31T09:09:00.407Z,957,ecooltra706,no
ZEUS - PRO,40151,si,"Users activated/suspended with no ""DL category""",69cc26c54271,https://app.mode.com/editor/ecooltra706/reports/69cc26c54271,[ZEUS] HQ Customer Service,Query 1,2023-05-12T13:38:50.343Z,1128,ecooltra706,no
ZEUS - PRO,40151,si,[Zeus] Waiting time for the activations in the last 24 hours,7c3973e1b6b7,https://app.mode.com/editor/ecooltra706/reports/7c3973e1b6b7,[ZEUS] HQ Customer Service,Query 1,2023-04-17T14:46:27.234Z,1153,ecooltra706,no
ZEUS - PRO,40151,si,[ZEUS] TASKS 3 veces,f79756c5e649,https://app.mode.com/editor/ecooltra706/reports/f79756c5e649,[ZEUS] HQ Customer Service,Query 1,2023-04-05T08:52:08.582Z,1166,ecooltra706,no
ZEUS - PRO,40151,si,[ZEUS] TASKS 3 veces,f79756c5e649,https://app.mode.com/editor/ecooltra706/reports/f79756c5e649,[ZEUS] HQ Customer Service,Query 1,2023-04-05T08:52:08.582Z,1166,ecooltra706,no
ZEUS - PRO,40151,si,[ZEUS] Analysis of Automatically created Ghost rides (Fantasma),4312b858d2bd,https://app.mode.com/editor/ecooltra706/reports/4312b858d2bd,[ZEUS] HQ Customer Service,All queries,2024-06-19T13:37:12.893Z,724,ecooltra706,no
ZEUS - PRO,40151,si,[ZEUS] Analysis of Automatically created Ghost rides (Fantasma),4312b858d2bd,https://app.mode.com/editor/ecooltra706/reports/4312b858d2bd,[ZEUS] HQ Customer Service,z_params,2024-06-19T13:37:12.893Z,724,ecooltra706,no
ZEUS - PRO,40151,si,[ZEUS] CLOSED RENTALS ANALYSIS,13a5b77d8cca,https://app.mode.com/editor/ecooltra706/reports/13a5b77d8cca,[ZEUS] HQ Customer Service,DETAIL,2026-02-12T12:50:32.043Z,121,ecooltra706,no
ZEUS - PRO,40151,si,[ZEUS] CLOSED RENTALS ANALYSIS,13a5b77d8cca,https://app.mode.com/editor/ecooltra706/reports/13a5b77d8cca,[ZEUS] HQ Customer Service,BY USER,2026-02-12T12:50:32.043Z,121,ecooltra706,no
ZEUS - PRO,40151,si,[ZEUS] CLOSED RENTALS ANALYSIS,13a5b77d8cca,https://app.mode.com/editor/ecooltra706/reports/13a5b77d8cca,[ZEUS] HQ Customer Service,z_params,2026-02-12T12:50:32.043Z,121,ecooltra706,no
ZEUS - PRO,40151,si,[ZEUS] Providers rentals & riders (CS version),db01c2de835d,https://app.mode.com/editor/ecooltra706/reports/db01c2de835d,[ZEUS] HQ Customer Service,z_params,2023-03-14T09:18:04.192Z,1188,ecooltra706,no
ZEUS - PRO,40151,si,[ZEUS] Providers rentals & riders (CS version),db01c2de835d,https://app.mode.com/editor/ecooltra706/reports/db01c2de835d,[ZEUS] HQ Customer Service,01 All data,2023-03-14T09:18:04.192Z,1188,ecooltra706,no
ZEUS - PRO,40151,si,CS (Listado de rentals para un usuario),47ee827b9bb5,https://app.mode.com/editor/ecooltra706/reports/47ee827b9bb5,[ZEUS] HQ Customer Service,Query 1,2022-12-22T13:28:22.900Z,1269,ecooltra706,no
ZEUS - PRO,40151,si,CS (Listado de rentals para un usuario),47ee827b9bb5,https://app.mode.com/editor/ecooltra706/reports/47ee827b9bb5,[ZEUS] HQ Customer Service,Query 3,2022-12-22T13:28:22.900Z,1269,ecooltra706,no
ZEUS - PRO,40151,si,CS (Listado de rentals para un usuario),47ee827b9bb5,https://app.mode.com/editor/ecooltra706/reports/47ee827b9bb5,[ZEUS] HQ Customer Service,z_params,2022-12-22T13:28:22.900Z,1269,ecooltra706,no
ZEUS - PRO,40151,si,[ZEUS] Abonos y facturas,f65976774a0c,https://app.mode.com/editor/ecooltra706/reports/f65976774a0c,[ZEUS] HQ Finance,Query 3,2024-02-12T02:34:58.266Z,853,ecooltra706,no
ZEUS - PRO,40151,si,[ZEUS] Abonos y facturas,f65976774a0c,https://app.mode.com/editor/ecooltra706/reports/f65976774a0c,[ZEUS] HQ Finance,02 - Listado por días,2024-02-12T02:34:58.266Z,853,ecooltra706,no
ZEUS - PRO,40151,si,[ZEUS] Abonos y facturas,f65976774a0c,https://app.mode.com/editor/ecooltra706/reports/f65976774a0c,[ZEUS] HQ Finance,Query 5,2024-02-12T02:34:58.266Z,853,ecooltra706,no
ZEUS - PRO,40151,si,[ZEUS] Abonos y facturas,f65976774a0c,https://app.mode.com/editor/ecooltra706/reports/f65976774a0c,[ZEUS] HQ Finance,Query 4,2024-02-12T02:34:58.266Z,853,ecooltra706,no
ZEUS - PRO,40151,si,[ZEUS] Abonos y facturas,f65976774a0c,https://app.mode.com/editor/ecooltra706/reports/f65976774a0c,[ZEUS] HQ Finance,01 - Listado diario,2024-02-12T02:34:58.266Z,853,ecooltra706,no
ZEUS - PRO,40151,si,[ZEUS] Abonos y facturas (Francia),9cea5d455adb,https://app.mode.com/editor/ecooltra706/reports/9cea5d455adb,[ZEUS] HQ Finance,02 - Listado por días,2024-02-12T02:34:43.851Z,853,ecooltra706,no
ZEUS - PRO,40151,si,[ZEUS] Abonos y facturas (Francia),9cea5d455adb,https://app.mode.com/editor/ecooltra706/reports/9cea5d455adb,[ZEUS] HQ Finance,01 - Listado diario,2024-02-12T02:34:43.851Z,853,ecooltra706,no
ZEUS - PRO,40151,si,[ZEUS] Abonos y facturas (Italy),37159b7aab44,https://app.mode.com/editor/ecooltra706/reports/37159b7aab44,[ZEUS] HQ Finance,02 - Listado por días,2024-02-12T02:34:52.123Z,853,ecooltra706,no
ZEUS - PRO,40151,si,[ZEUS] Abonos y facturas (Italy),37159b7aab44,https://app.mode.com/editor/ecooltra706/reports/37159b7aab44,[ZEUS] HQ Finance,01 - Listado diario,2024-02-12T02:34:52.123Z,853,ecooltra706,no
ZEUS - PRO,40151,si,[ZEUS] Abonos y facturas (Portugal),bf0a32478b0c,https://app.mode.com/editor/ecooltra706/reports/bf0a32478b0c,[ZEUS] HQ Finance,02 - Listado por días,2024-02-12T02:34:41.530Z,853,ecooltra706,no
ZEUS - PRO,40151,si,[ZEUS] Abonos y facturas (Portugal),bf0a32478b0c,https://app.mode.com/editor/ecooltra706/reports/bf0a32478b0c,[ZEUS] HQ Finance,01 - Listado diario,2024-02-12T02:34:41.530Z,853,ecooltra706,no
ZEUS - PRO,40151,si,[ZEUS] Abonos y facturas (Portugal),bf0a32478b0c,https://app.mode.com/editor/ecooltra706/reports/bf0a32478b0c,[ZEUS] HQ Finance,Query 4,2024-02-12T02:34:41.530Z,853,ecooltra706,no
ZEUS - PRO,40151,si,[WIP] Events timeline metrics,39ffd605d445,https://app.mode.com/editor/ecooltra706/reports/39ffd605d445,[ZEUS] Understand users,z - dates,2024-01-11T09:18:01.215Z,885,ecooltra706,no
ZEUS - PRO,40151,si,[WIP] User's State model,bfd79ba51c3a,https://app.mode.com/editor/ecooltra706/reports/bfd79ba51c3a,[ZEUS] Understand users,Query 2,2023-10-31T16:34:39.275Z,956,ecooltra706,no
ZEUS - PRO,40151,si,Cagliari_Ocupación,9d794e8da761,https://app.mode.com/editor/ecooltra706/reports/9d794e8da761,CAGLIARI_Reports,Reservas,2026-01-20T11:11:13.503Z,145,ecooltra706,no
ZEUS - PRO,40151,si,Cagliari_Ocupación,9d794e8da761,https://app.mode.com/editor/ecooltra706/reports/9d794e8da761,CAGLIARI_Reports,Modelos de motos,2026-01-20T11:11:13.503Z,145,ecooltra706,no
ZEUS - PRO,40151,si,Cagliari_Ocupación,9d794e8da761,https://app.mode.com/editor/ecooltra706/reports/9d794e8da761,CAGLIARI_Reports,Ocupació ok,2026-01-20T11:11:13.503Z,145,ecooltra706,no
ZEUS - PRO,40151,si,[ZEUS] Rentals fines management Madrid and Italy,ce412a70c9c0,https://app.mode.com/editor/ecooltra706/reports/ce412a70c9c0,DATA,Query 5,2026-06-03T14:41:27.823Z,10,ecooltra706,no
ZEUS - PRO,40151,si,[ZEUS] Rentals fines management Madrid and Italy,ce412a70c9c0,https://app.mode.com/editor/ecooltra706/reports/ce412a70c9c0,DATA,01 Fines Madrid - OLD,2026-06-03T14:41:27.823Z,10,ecooltra706,no
ZEUS - PRO,40151,si,[ZEUS] Rentals fines management Madrid and Italy,ce412a70c9c0,https://app.mode.com/editor/ecooltra706/reports/ce412a70c9c0,DATA,Query 4,2026-06-03T14:41:27.823Z,10,ecooltra706,no
ZEUS - PRO,40151,si,[ZEUS] Rentals fines management Madrid and Italy,ce412a70c9c0,https://app.mode.com/editor/ecooltra706/reports/ce412a70c9c0,DATA,02 Fines Italy,2026-06-03T14:41:27.823Z,10,ecooltra706,no
ZEUS - PRO,40151,si,[ZEUS] Rentals fines management Madrid and Italy,ce412a70c9c0,https://app.mode.com/editor/ecooltra706/reports/ce412a70c9c0,DATA,Query 7,2026-06-03T14:41:27.823Z,10,ecooltra706,no
ZEUS - PRO,40151,si,[ZEUS] Rentals fines management Madrid and Italy,ce412a70c9c0,https://app.mode.com/editor/ecooltra706/reports/ce412a70c9c0,DATA,Query 3,2026-06-03T14:41:27.823Z,10,ecooltra706,no
ZEUS - PRO,40151,si,[ZEUS] Rentals fines management Madrid and Italy,ce412a70c9c0,https://app.mode.com/editor/ecooltra706/reports/ce412a70c9c0,DATA,Copy of z_params,2026-06-03T14:41:27.823Z,10,ecooltra706,no
ZEUS - PRO,40151,si,[ZEUS] Rentals fines management Madrid and Italy,ce412a70c9c0,https://app.mode.com/editor/ecooltra706/reports/ce412a70c9c0,DATA,01 Fines Madrid,2026-06-03T14:41:27.823Z,10,ecooltra706,no
ZEUS - PRO,40151,si,[ZEUS] Rentals fines management Madrid and Italy,ce412a70c9c0,https://app.mode.com/editor/ecooltra706/reports/ce412a70c9c0,DATA,Copy of Copy of z_params,2026-06-03T14:41:27.823Z,10,ecooltra706,no
ZEUS - PRO,40151,si,Data migration check,42d7eb3dc2db,https://app.mode.com/editor/ecooltra706/reports/42d7eb3dc2db,DATA,Records from all tables,2026-05-13T09:21:11.905Z,32,ecooltra706,no
ZEUS - PRO,40151,si,Data migration check,42d7eb3dc2db,https://app.mode.com/editor/ecooltra706/reports/42d7eb3dc2db,DATA,Query 4,2026-05-13T09:21:11.905Z,32,ecooltra706,no
ZEUS - PRO,40151,si,Data migration check,42d7eb3dc2db,https://app.mode.com/editor/ecooltra706/reports/42d7eb3dc2db,DATA,Query 2,2026-05-13T09:21:11.905Z,32,ecooltra706,no
ZEUS - PRO,40151,si,Data migration check,42d7eb3dc2db,https://app.mode.com/editor/ecooltra706/reports/42d7eb3dc2db,DATA,Zeus,2026-05-13T09:21:11.905Z,32,ecooltra706,no
ZEUS - PRO,40151,si,Asset Deal Italy,cd492c389857,https://app.mode.com/editor/ecooltra706/reports/cd492c389857,DATA,Query 1,2026-03-25T13:38:38.442Z,80,ecooltra706,no
ZEUS - PRO,40151,si,[DRAFT-OLD] Reservations investigation,a86d674d8d9e,https://app.mode.com/editor/ecooltra706/reports/a86d674d8d9e,DATA,Query 1,2026-03-05T09:07:59.147Z,101,ecooltra706,no
ZEUS - PRO,40151,si,EXERCICI ARNAU,77bd107f2e6e,https://app.mode.com/editor/ecooltra706/reports/77bd107f2e6e,DATA,Query 4,2024-05-20T11:07:09.930Z,755,ecooltra706,no
ZEUS - PRO,40151,si,EXERCICI ARNAU,77bd107f2e6e,https://app.mode.com/editor/ecooltra706/reports/77bd107f2e6e,DATA,Query 1,2024-05-20T11:07:09.930Z,755,ecooltra706,no
ZEUS - PRO,40151,si,EXERCICI ARNAU,77bd107f2e6e,https://app.mode.com/editor/ecooltra706/reports/77bd107f2e6e,DATA,Query 3,2024-05-20T11:07:09.930Z,755,ecooltra706,no
ZEUS - PRO,40151,si,EXERCICI ARNAU,77bd107f2e6e,https://app.mode.com/editor/ecooltra706/reports/77bd107f2e6e,DATA,INSTRUCCIONS,2024-05-20T11:07:09.930Z,755,ecooltra706,no
ZEUS - PRO,40151,si,Rentals before fines,65bd314d28e4,https://app.mode.com/editor/ecooltra706/reports/65bd314d28e4,DATA,Copy of 00,2024-03-26T09:48:57.465Z,810,ecooltra706,no
ZEUS - PRO,40151,si,Rentals before fines,65bd314d28e4,https://app.mode.com/editor/ecooltra706/reports/65bd314d28e4,DATA,Query 6,2024-03-26T09:48:57.465Z,810,ecooltra706,no
ZEUS - PRO,40151,si,Rentals before fines,65bd314d28e4,https://app.mode.com/editor/ecooltra706/reports/65bd314d28e4,DATA,Query 7,2024-03-26T09:48:57.465Z,810,ecooltra706,no
ZEUS - PRO,40151,si,Rentals before fines,65bd314d28e4,https://app.mode.com/editor/ecooltra706/reports/65bd314d28e4,DATA,Query 7,2024-03-26T09:48:57.465Z,810,ecooltra706,no
ZEUS - PRO,40151,si,New riders de cada ciudad,a3e37689a542,https://app.mode.com/editor/ecooltra706/reports/a3e37689a542,DATA,z params,2024-01-15T09:56:59.573Z,881,ecooltra706,no
ZEUS - PRO,40151,si,New riders de cada ciudad,a3e37689a542,https://app.mode.com/editor/ecooltra706/reports/a3e37689a542,DATA,Valencia,2024-01-15T09:56:59.573Z,881,ecooltra706,no
ZEUS - PRO,40151,si,New riders de cada ciudad,a3e37689a542,https://app.mode.com/editor/ecooltra706/reports/a3e37689a542,DATA,Turin,2024-01-15T09:56:59.573Z,881,ecooltra706,no
ZEUS - PRO,40151,si,New riders de cada ciudad,a3e37689a542,https://app.mode.com/editor/ecooltra706/reports/a3e37689a542,DATA,Milan,2024-01-15T09:56:59.573Z,881,ecooltra706,no
ZEUS - PRO,40151,si,New riders de cada ciudad,a3e37689a542,https://app.mode.com/editor/ecooltra706/reports/a3e37689a542,DATA,Seville,2024-01-15T09:56:59.573Z,881,ecooltra706,no
ZEUS - PRO,40151,si,New riders de cada ciudad,a3e37689a542,https://app.mode.com/editor/ecooltra706/reports/a3e37689a542,DATA,Lisbon,2024-01-15T09:56:59.573Z,881,ecooltra706,no
ZEUS - PRO,40151,si,New riders de cada ciudad,a3e37689a542,https://app.mode.com/editor/ecooltra706/reports/a3e37689a542,DATA,Madrid,2024-01-15T09:56:59.573Z,881,ecooltra706,no
ZEUS - PRO,40151,si,New riders de cada ciudad,a3e37689a542,https://app.mode.com/editor/ecooltra706/reports/a3e37689a542,DATA,Paris,2024-01-15T09:56:59.573Z,881,ecooltra706,no
ZEUS - PRO,40151,si,New riders de cada ciudad,a3e37689a542,https://app.mode.com/editor/ecooltra706/reports/a3e37689a542,DATA,Rome,2024-01-15T09:56:59.573Z,881,ecooltra706,no
ZEUS - PRO,40151,si,New riders de cada ciudad,a3e37689a542,https://app.mode.com/editor/ecooltra706/reports/a3e37689a542,DATA,Barcelona,2024-01-15T09:56:59.573Z,881,ecooltra706,no
ZEUS - PRO,40151,si,Bloomreach imports,890db891e956,https://app.mode.com/editor/ecooltra706/reports/890db891e956,DATA,01.4 activated_at - schedule,2023-09-05T16:10:39.497Z,1012,ecooltra706,no
ZEUS - PRO,40151,si,Bloomreach imports,890db891e956,https://app.mode.com/editor/ecooltra706/reports/890db891e956,DATA,01.6 last_status_change - schedule,2023-09-05T16:10:39.497Z,1012,ecooltra706,no
ZEUS - PRO,40151,si,Bloomreach imports,890db891e956,https://app.mode.com/editor/ecooltra706/reports/890db891e956,DATA,04 purchase - initial import,2023-09-05T16:10:39.497Z,1012,ecooltra706,no
ZEUS - PRO,40151,si,Bloomreach imports,890db891e956,https://app.mode.com/editor/ecooltra706/reports/890db891e956,DATA,01.3 referral_code - schedule,2023-09-05T16:10:39.497Z,1012,ecooltra706,no
ZEUS - PRO,40151,si,Bloomreach imports,890db891e956,https://app.mode.com/editor/ecooltra706/reports/890db891e956,DATA,01.1 users - schedule,2023-09-05T16:10:39.497Z,1012,ecooltra706,no
ZEUS - PRO,40151,si,Bloomreach imports,890db891e956,https://app.mode.com/editor/ecooltra706/reports/890db891e956,DATA,02 rentals - initial import,2023-09-05T16:10:39.497Z,1012,ecooltra706,no
ZEUS - PRO,40151,si,Bloomreach imports,890db891e956,https://app.mode.com/editor/ecooltra706/reports/890db891e956,DATA,02.1 rentals - schedule,2023-09-05T16:10:39.497Z,1012,ecooltra706,no
ZEUS - PRO,40151,si,Bloomreach imports,890db891e956,https://app.mode.com/editor/ecooltra706/reports/890db891e956,DATA,01.5 credit_card_expiration_date - schedule,2023-09-05T16:10:39.497Z,1012,ecooltra706,no
ZEUS - PRO,40151,si,Bloomreach imports,890db891e956,https://app.mode.com/editor/ecooltra706/reports/890db891e956,DATA,04.1 purchase - schedule,2023-09-05T16:10:39.497Z,1012,ecooltra706,no
ZEUS - PRO,40151,si,Bloomreach imports,890db891e956,https://app.mode.com/editor/ecooltra706/reports/890db891e956,DATA,05.1 unregistered - schedule,2023-09-05T16:10:39.497Z,1012,ecooltra706,no
ZEUS - PRO,40151,si,Bloomreach imports,890db891e956,https://app.mode.com/editor/ecooltra706/reports/890db891e956,DATA,03 credit - initial import,2023-09-05T16:10:39.497Z,1012,ecooltra706,no
ZEUS - PRO,40151,si,Bloomreach imports,890db891e956,https://app.mode.com/editor/ecooltra706/reports/890db891e956,DATA,05 unregistered - intial import,2023-09-05T16:10:39.497Z,1012,ecooltra706,no
ZEUS - PRO,40151,si,Bloomreach imports,890db891e956,https://app.mode.com/editor/ecooltra706/reports/890db891e956,DATA,01.7 suspension_reason - initial import,2023-09-05T16:10:39.497Z,1012,ecooltra706,no
ZEUS - PRO,40151,si,Bloomreach imports,890db891e956,https://app.mode.com/editor/ecooltra706/reports/890db891e956,DATA,99 user_id zeus-ef,2023-09-05T16:10:39.497Z,1012,ecooltra706,no
ZEUS - PRO,40151,si,Bloomreach imports,890db891e956,https://app.mode.com/editor/ecooltra706/reports/890db891e956,DATA,01.8 suspension_reason - schedule,2023-09-05T16:10:39.497Z,1012,ecooltra706,no
ZEUS - PRO,40151,si,Bloomreach imports,890db891e956,https://app.mode.com/editor/ecooltra706/reports/890db891e956,DATA,Query 20,2023-09-05T16:10:39.497Z,1012,ecooltra706,no
ZEUS - PRO,40151,si,Bloomreach imports,890db891e956,https://app.mode.com/editor/ecooltra706/reports/890db891e956,DATA,01.2 user subscription - schedule,2023-09-05T16:10:39.497Z,1012,ecooltra706,no
ZEUS - PRO,40151,si,Bloomreach imports,890db891e956,https://app.mode.com/editor/ecooltra706/reports/890db891e956,DATA,02.1 rentals - schedule v2,2023-09-05T16:10:39.497Z,1012,ecooltra706,no
ZEUS - PRO,40151,si,Bloomreach imports,890db891e956,https://app.mode.com/editor/ecooltra706/reports/890db891e956,DATA,Query 20,2023-09-05T16:10:39.497Z,1012,ecooltra706,no
ZEUS - PRO,40151,si,Bloomreach imports,890db891e956,https://app.mode.com/editor/ecooltra706/reports/890db891e956,DATA,01.6 last_status_change - schedule v2,2023-09-05T16:10:39.497Z,1012,ecooltra706,no
ZEUS - PRO,40151,si,Bloomreach imports,890db891e956,https://app.mode.com/editor/ecooltra706/reports/890db891e956,DATA,Query 21,2023-09-05T16:10:39.497Z,1012,ecooltra706,no
ZEUS - PRO,40151,si,Bloomreach imports,890db891e956,https://app.mode.com/editor/ecooltra706/reports/890db891e956,DATA,01 users - initial import,2023-09-05T16:10:39.497Z,1012,ecooltra706,no
ZEUS - PRO,40151,si,Clone of [OFFICIAL ECOOLTRA] MONTHLY KPIS FOR COOLTRA... (Fabio),aa0dae94333b,https://app.mode.com/editor/ecooltra706/reports/aa0dae94333b,DATA,01 MONTHLY RENTALS PER CITY,2023-01-20T15:36:42.658Z,1240,ecooltra706,no
ZEUS - PRO,40151,si,Clone of [OFFICIAL ECOOLTRA] MONTHLY KPIS FOR COOLTRA... (Fabio),aa0dae94333b,https://app.mode.com/editor/ecooltra706/reports/aa0dae94333b,DATA,01.2 YEARLY RENTALS,2023-01-20T15:36:42.658Z,1240,ecooltra706,no
ZEUS - PRO,40151,si,Clone of [OFFICIAL ECOOLTRA] MONTHLY KPIS FOR COOLTRA... (Fabio),aa0dae94333b,https://app.mode.com/editor/ecooltra706/reports/aa0dae94333b,DATA,02 YTD UNIQUE RIDERS,2023-01-20T15:36:42.658Z,1240,ecooltra706,no
ZEUS - PRO,40151,si,Clone of [OFFICIAL ECOOLTRA] MONTHLY KPIS FOR COOLTRA... (Fabio),aa0dae94333b,https://app.mode.com/editor/ecooltra706/reports/aa0dae94333b,DATA,02.1 MONTHLY UNIQUE RIDERS,2023-01-20T15:36:42.658Z,1240,ecooltra706,no
ZEUS - PRO,40151,si,Clone of [OFFICIAL ECOOLTRA] MONTHLY KPIS FOR COOLTRA... (Fabio),aa0dae94333b,https://app.mode.com/editor/ecooltra706/reports/aa0dae94333b,DATA,03 MONTHLY NET INVOICED PER CITY,2023-01-20T15:36:42.658Z,1240,ecooltra706,no
ZEUS - PRO,40151,si,Clone of [OFFICIAL ECOOLTRA] MONTHLY KPIS FOR COOLTRA... (Fabio),aa0dae94333b,https://app.mode.com/editor/ecooltra706/reports/aa0dae94333b,DATA,04 REGISTRATIONS,2023-01-20T15:36:42.658Z,1240,ecooltra706,no
ZEUS - PRO,40151,si,Clone of [OFFICIAL ECOOLTRA] MONTHLY KPIS FOR COOLTRA... (Fabio),aa0dae94333b,https://app.mode.com/editor/ecooltra706/reports/aa0dae94333b,DATA,05 ACTIVATIONS,2023-01-20T15:36:42.658Z,1240,ecooltra706,no
ZEUS - PRO,40151,si,Clone of [OFFICIAL ECOOLTRA] MONTHLY KPIS FOR COOLTRA... (Fabio),aa0dae94333b,https://app.mode.com/editor/ecooltra706/reports/aa0dae94333b,DATA,06 RIDERS EBIKE,2023-01-20T15:36:42.658Z,1240,ecooltra706,no
ZEUS - PRO,40151,si,Clone of [OFFICIAL ECOOLTRA] MONTHLY KPIS FOR COOLTRA... (Fabio),aa0dae94333b,https://app.mode.com/editor/ecooltra706/reports/aa0dae94333b,DATA,07 Monthly Unpaid,2023-01-20T15:36:42.658Z,1240,ecooltra706,no
ZEUS - PRO,40151,si,Clone of [OFFICIAL ECOOLTRA] MONTHLY KPIS FOR COOLTRA... (Fabio),aa0dae94333b,https://app.mode.com/editor/ecooltra706/reports/aa0dae94333b,DATA,08 USED SCOOTERS PER MONTH,2023-01-20T15:36:42.658Z,1240,ecooltra706,no
ZEUS - PRO,40151,si,Clone of [OFFICIAL ECOOLTRA] MONTHLY KPIS FOR COOLTRA... (Fabio),aa0dae94333b,https://app.mode.com/editor/ecooltra706/reports/aa0dae94333b,DATA,04.2 Registrations,2023-01-20T15:36:42.658Z,1240,ecooltra706,no
ZEUS - PRO,40151,si,Clone of [OFFICIAL ECOOLTRA] MONTHLY KPIS FOR COOLTRA... (Fabio),aa0dae94333b,https://app.mode.com/editor/ecooltra706/reports/aa0dae94333b,DATA,09 TOTAL CASH RECEIVED PER COMPANY AND MONTH,2023-01-20T15:36:42.658Z,1240,ecooltra706,no
ZEUS - PRO,40151,si,Clone of [OFFICIAL ECOOLTRA] MONTHLY KPIS FOR COOLTRA... (Fabio),aa0dae94333b,https://app.mode.com/editor/ecooltra706/reports/aa0dae94333b,DATA,07.3 Monthly Unpaid,2023-01-20T15:36:42.658Z,1240,ecooltra706,no
ZEUS - PRO,40151,si,Clone of [OFFICIAL ECOOLTRA] MONTHLY KPIS FOR COOLTRA... (Fabio),aa0dae94333b,https://app.mode.com/editor/ecooltra706/reports/aa0dae94333b,DATA,06.4 Riders,2023-01-20T15:36:42.658Z,1240,ecooltra706,no
ZEUS - PRO,40151,si,Clone of [OFFICIAL ECOOLTRA] MONTHLY KPIS FOR COOLTRA... (Fabio),aa0dae94333b,https://app.mode.com/editor/ecooltra706/reports/aa0dae94333b,DATA,05.3 ACTIVATIONS,2023-01-20T15:36:42.658Z,1240,ecooltra706,no
ZEUS - PRO,40151,si,Clone of [OFFICIAL ECOOLTRA] MONTHLY KPIS FOR COOLTRA... (Fabio),aa0dae94333b,https://app.mode.com/editor/ecooltra706/reports/aa0dae94333b,DATA,10 LEGAL ENTITY,2023-01-20T15:36:42.658Z,1240,ecooltra706,no
ZEUS - PRO,40151,si,Clone of [OFFICIAL ECOOLTRA] MONTHLY KPIS FOR COOLTRA... (Fabio),aa0dae94333b,https://app.mode.com/editor/ecooltra706/reports/aa0dae94333b,DATA,03.2 INVOICED FROM OB,2023-01-20T15:36:42.658Z,1240,ecooltra706,no
ZEUS - PRO,40151,si,Clone of [OFFICIAL ECOOLTRA] MONTHLY KPIS FOR COOLTRA... (Fabio),aa0dae94333b,https://app.mode.com/editor/ecooltra706/reports/aa0dae94333b,DATA,03.3 Revenue per scooter,2023-01-20T15:36:42.658Z,1240,ecooltra706,no
ZEUS - PRO,40151,si,Clone of [OFFICIAL ECOOLTRA] MONTHLY KPIS FOR COOLTRA... (Fabio),aa0dae94333b,https://app.mode.com/editor/ecooltra706/reports/aa0dae94333b,DATA,03.4 Revenue per scooter and year,2023-01-20T15:36:42.658Z,1240,ecooltra706,no
ZEUS - PRO,40151,si,Clone of [OFFICIAL ECOOLTRA] MONTHLY KPIS FOR COOLTRA... (Fabio),aa0dae94333b,https://app.mode.com/editor/ecooltra706/reports/aa0dae94333b,DATA,10.2 LEGAL ENTITY,2023-01-20T15:36:42.658Z,1240,ecooltra706,no
ZEUS - PRO,40151,si,Clone of [OFFICIAL ECOOLTRA] MONTHLY KPIS FOR COOLTRA... (Fabio),aa0dae94333b,https://app.mode.com/editor/ecooltra706/reports/aa0dae94333b,DATA,03.5 YTD revenue per rider,2023-01-20T15:36:42.658Z,1240,ecooltra706,no
ZEUS - PRO,40151,si,Clone of [OFFICIAL ECOOLTRA] MONTHLY KPIS FOR COOLTRA... (Fabio),aa0dae94333b,https://app.mode.com/editor/ecooltra706/reports/aa0dae94333b,DATA,06.5 YTD monthly RPR,2023-01-20T15:36:42.658Z,1240,ecooltra706,no
ZEUS - PRO,40151,si,Clone of [OFFICIAL ECOOLTRA] MONTHLY KPIS FOR COOLTRA... (Fabio),aa0dae94333b,https://app.mode.com/editor/ecooltra706/reports/aa0dae94333b,DATA,06.6 YTD total RPR,2023-01-20T15:36:42.658Z,1240,ecooltra706,no
ZEUS - PRO,40151,si,Clone of [OFFICIAL ECOOLTRA] MONTHLY KPIS FOR COOLTRA... (Fabio),aa0dae94333b,https://app.mode.com/editor/ecooltra706/reports/aa0dae94333b,DATA,06.7 % new riders / unique riders,2023-01-20T15:36:42.658Z,1240,ecooltra706,no
ZEUS - PRO,40151,si,Clone of [OFFICIAL ECOOLTRA] MONTHLY KPIS FOR COOLTRA... (Fabio),aa0dae94333b,https://app.mode.com/editor/ecooltra706/reports/aa0dae94333b,DATA,01.3 Yearly duration,2023-01-20T15:36:42.658Z,1240,ecooltra706,no
ZEUS - PRO,40151,si,Clone of [OFFICIAL ECOOLTRA] MONTHLY KPIS FOR COOLTRA... (Fabio),aa0dae94333b,https://app.mode.com/editor/ecooltra706/reports/aa0dae94333b,DATA,11 AVG price per minute,2023-01-20T15:36:42.658Z,1240,ecooltra706,no
ZEUS - PRO,40151,si,Clone of [OFFICIAL ECOOLTRA] MONTHLY KPIS FOR COOLTRA... (Fabio),aa0dae94333b,https://app.mode.com/editor/ecooltra706/reports/aa0dae94333b,DATA,06.3 Riders,2023-01-20T15:36:42.658Z,1240,ecooltra706,no
ZEUS - PRO,40151,si,Clone of [OFFICIAL ECOOLTRA] MONTHLY KPIS FOR COOLTRA... (Fabio),aa0dae94333b,https://app.mode.com/editor/ecooltra706/reports/aa0dae94333b,DATA,03.1 YEARLY NET INVOICED,2023-01-20T15:36:42.658Z,1240,ecooltra706,no
ZEUS - PRO,40151,si,Clone of [OFFICIAL ECOOLTRA] MONTHLY KPIS FOR COOLTRA... (Fabio),aa0dae94333b,https://app.mode.com/editor/ecooltra706/reports/aa0dae94333b,DATA,07.2 Monthly Unpaid,2023-01-20T15:36:42.658Z,1240,ecooltra706,no
ZEUS - PRO,40151,si,Clone of [OFFICIAL ECOOLTRA] MONTHLY KPIS FOR COOLTRA... (Fabio),aa0dae94333b,https://app.mode.com/editor/ecooltra706/reports/aa0dae94333b,DATA,06 RIDERS SCOOTER,2023-01-20T15:36:42.658Z,1240,ecooltra706,no
ZEUS - PRO,40151,si,Selligent,01616bb8aac1,https://app.mode.com/editor/ecooltra706/reports/01616bb8aac1,DATA,03 [ZEUS] cooltra_club_hourly,2023-02-01T11:42:50.777Z,1229,ecooltra706,no
ZEUS - PRO,40151,si,Selligent,01616bb8aac1,https://app.mode.com/editor/ecooltra706/reports/01616bb8aac1,DATA,Query 10,2023-02-01T11:42:50.777Z,1229,ecooltra706,no
ZEUS - PRO,40151,si,Unavailability time ARCADE,eefcbfe57e07,https://app.mode.com/editor/ecooltra706/reports/eefcbfe57e07,DATA,Query 1,2023-02-01T08:35:19.086Z,1229,ecooltra706,no
ZEUS - PRO,40151,si,Unavailability time ARCADE,eefcbfe57e07,https://app.mode.com/editor/ecooltra706/reports/eefcbfe57e07,DATA,Query 2,2023-02-01T08:35:19.086Z,1229,ecooltra706,no
ZEUS - PRO,40151,si,Unavailability time ARCADE,eefcbfe57e07,https://app.mode.com/editor/ecooltra706/reports/eefcbfe57e07,DATA,Query 3,2023-02-01T08:35:19.086Z,1229,ecooltra706,no
ZEUS - PRO,40151,si,Zeus explorations,b63076265995,https://app.mode.com/editor/ecooltra706/reports/b63076265995,DATA,60 invoices,2023-01-04T16:58:51.662Z,1256,ecooltra706,no
ZEUS - PRO,40151,si,Zeus explorations,b63076265995,https://app.mode.com/editor/ecooltra706/reports/b63076265995,DATA,05 Vehicle_status,2023-01-04T16:58:51.662Z,1256,ecooltra706,no
ZEUS - PRO,40151,si,Zeus explorations,b63076265995,https://app.mode.com/editor/ecooltra706/reports/b63076265995,DATA,15.1 registration_steps,2023-01-04T16:58:51.662Z,1256,ecooltra706,no
ZEUS - PRO,40151,si,Zeus explorations,b63076265995,https://app.mode.com/editor/ecooltra706/reports/b63076265995,DATA,99 work_unit - vehicles multi home system,2023-01-04T16:58:51.662Z,1256,ecooltra706,no
ZEUS - PRO,40151,si,Zeus explorations,b63076265995,https://app.mode.com/editor/ecooltra706/reports/b63076265995,DATA,Query 105,2023-01-04T16:58:51.662Z,1256,ecooltra706,no
ZEUS - PRO,40151,si,[OLD] Cooltra-Zeus data for Fluctuo reports,55b6937e2f10,https://app.mode.com/editor/ecooltra706/reports/55b6937e2f10,DATA,nb_vehic_avail,2023-01-04T15:10:13.921Z,1256,ecooltra706,no
ZEUS - PRO,40151,si,[OLD] Cooltra-Zeus data for Fluctuo reports,55b6937e2f10,https://app.mode.com/editor/ecooltra706/reports/55b6937e2f10,DATA,nb_trip_date_selector,2023-01-04T15:10:13.921Z,1256,ecooltra706,no
ZEUS - PRO,40151,si,[OLD] Cooltra-Zeus data for Fluctuo reports,55b6937e2f10,https://app.mode.com/editor/ecooltra706/reports/55b6937e2f10,DATA,nb_vehic_avail_date_selector,2023-01-04T15:10:13.921Z,1256,ecooltra706,no
ZEUS - PRO,40151,si,New location alert,db212698ddd5,https://app.mode.com/editor/ecooltra706/reports/db212698ddd5,Export data,zeus,2026-06-14T09:06:30.327Z,0,ecooltra706,no
ZEUS - PRO,40151,si,SB Debtors tickets,d46580299c4b,https://app.mode.com/editor/ecooltra706/reports/d46580299c4b,Export data,tickets,2026-06-14T07:07:30.895Z,0,ecooltra706,no
ZEUS - PRO,40151,si,Flota operacional (Rebalancing),2e43bc31a3b9,https://app.mode.com/editor/ecooltra706/reports/2e43bc31a3b9,Export data,Flota operacional,2026-06-14T04:58:10.561Z,0,ecooltra706,no
ZEUS - PRO,40151,si,Felyx Accounting,a12fbfaf9fc5,https://app.mode.com/editor/ecooltra706/reports/a12fbfaf9fc5,Export data,Query 1,2026-02-24T15:57:55.908Z,109,ecooltra706,no
ZEUS - PRO,40151,si,Zoho API,9621e57dc645,https://app.mode.com/editor/ecooltra706/reports/9621e57dc645,Export data,Query 1,2026-06-13T23:33:42.462Z,0,ecooltra706,no
ZEUS - PRO,40151,si,Cassandra test,65c98af171a5,https://app.mode.com/editor/ecooltra706/reports/65c98af171a5,Export data,Query 1,2026-02-05T15:10:15.573Z,128,ecooltra706,no
ZEUS - PRO,40151,si,Aruba files,c92422bcf597,https://app.mode.com/editor/ecooltra706/reports/c92422bcf597,Export data,Query 2,2025-12-12T12:42:04.478Z,183,ecooltra706,no
ZEUS - PRO,40151,si,REAL DECRETO BARCELONA,d4e8ba714f13,https://app.mode.com/editor/ecooltra706/reports/d4e8ba714f13,Export data,Rentals,2025-12-01T12:10:58.045Z,195,ecooltra706,no
ZEUS - PRO,40151,si,REAL DECRETO BARCELONA,d4e8ba714f13,https://app.mode.com/editor/ecooltra706/reports/d4e8ba714f13,Export data,Contracts,2025-12-01T12:10:58.045Z,195,ecooltra706,no
ZEUS - PRO,40151,si,Read from sharepoint,133eadfc25a0,https://app.mode.com/editor/ecooltra706/reports/133eadfc25a0,Export data,Query 1,2025-10-17T12:09:31.574Z,240,ecooltra706,no
ZEUS - PRO,40151,si,Load cecos ops,d830ef0c6e67,https://app.mode.com/editor/ecooltra706/reports/d830ef0c6e67,Export data,Query 1,2025-11-04T01:07:57.189Z,222,ecooltra706,no
ZEUS - PRO,40151,si,Load Marketing investment,0b3c33262b5d,https://app.mode.com/editor/ecooltra706/reports/0b3c33262b5d,Export data,Query 1,2026-05-22T00:04:35.266Z,23,ecooltra706,no
ZEUS - PRO,40151,si,VLTs,bd8b5c4d3c80,https://app.mode.com/editor/ecooltra706/reports/bd8b5c4d3c80,git,VLT actuals,2026-06-11T14:47:14.137Z,2,ecooltra706,no
ZEUS - PRO,40151,si,Fergus Punta Arabi Hotel,2255f538fbbb,https://app.mode.com/editor/ecooltra706/reports/2255f538fbbb,IBIZA_Reports,Contratos/Ventas,2026-06-11T13:32:36.833Z,2,ecooltra706,no
ZEUS - PRO,40151,si,Fergus Punta Arabi Hotel,2255f538fbbb,https://app.mode.com/editor/ecooltra706/reports/2255f538fbbb,IBIZA_Reports,Historial,2026-06-11T13:32:36.833Z,2,ecooltra706,no
ZEUS - PRO,40151,si,Apartamentos Atlas,2125feb77a30,https://app.mode.com/editor/ecooltra706/reports/2125feb77a30,IBIZA_Reports,Historial,2026-06-11T13:28:07.553Z,2,ecooltra706,no
ZEUS - PRO,40151,si,Apartamentos Atlas,2125feb77a30,https://app.mode.com/editor/ecooltra706/reports/2125feb77a30,IBIZA_Reports,Contratos/Ventas,2026-06-11T13:28:07.553Z,2,ecooltra706,no
ZEUS - PRO,40151,si,RecordGo Ibiza,16e6adeeb524,https://app.mode.com/editor/ecooltra706/reports/16e6adeeb524,IBIZA_Reports,Contratos/Ventas,2026-06-02T10:12:42.923Z,12,ecooltra706,no
ZEUS - PRO,40151,si,Hotel Mongibello,787c518af4d3,https://app.mode.com/editor/ecooltra706/reports/787c518af4d3,IBIZA_Reports,Historial,2026-06-14T05:04:39.462Z,0,ecooltra706,no
ZEUS - PRO,40151,si,Hotel Mongibello,787c518af4d3,https://app.mode.com/editor/ecooltra706/reports/787c518af4d3,IBIZA_Reports,Contratos/Ventas,2026-06-14T05:04:39.462Z,0,ecooltra706,no
ZEUS - PRO,40151,si,Hotel Fergus Bahamas Ibiza_v2,767528d9e26e,https://app.mode.com/editor/ecooltra706/reports/767528d9e26e,IBIZA_Reports,Historial,2026-06-02T07:02:46.369Z,12,ecooltra706,no
ZEUS - PRO,40151,si,Hotel Abrat,8373c7921fee,https://app.mode.com/editor/ecooltra706/reports/8373c7921fee,IBIZA_Reports,Query con datos de mes actual,2026-06-14T05:04:39.678Z,0,ecooltra706,no
ZEUS - PRO,40151,si,Hotel Abrat,8373c7921fee,https://app.mode.com/editor/ecooltra706/reports/8373c7921fee,IBIZA_Reports,Historial,2026-06-14T05:04:39.678Z,0,ecooltra706,no
ZEUS - PRO,40151,si,Hotel Abrat,8373c7921fee,https://app.mode.com/editor/ecooltra706/reports/8373c7921fee,IBIZA_Reports,Contratos/Ventas,2026-06-14T05:04:39.678Z,0,ecooltra706,no
ZEUS - PRO,40151,si,IBIZA_Cala San Miguel Resort,ed3492313571,https://app.mode.com/editor/ecooltra706/reports/ed3492313571,IBIZA_Reports,Contratos/Ventas,2026-06-14T05:04:39.321Z,0,ecooltra706,no
ZEUS - PRO,40151,si,IBIZA_Cala San Miguel Resort,ed3492313571,https://app.mode.com/editor/ecooltra706/reports/ed3492313571,IBIZA_Reports,Historial,2026-06-14T05:04:39.321Z,0,ecooltra706,no
ZEUS - PRO,40151,si,Es Canar (Parking),89de1d1e1c84,https://app.mode.com/editor/ecooltra706/reports/89de1d1e1c84,IBIZA_Reports,Contratos/Ventas,2026-05-29T14:59:29.603Z,15,ecooltra706,no
ZEUS - PRO,40151,si,Es Canar (Parking),89de1d1e1c84,https://app.mode.com/editor/ecooltra706/reports/89de1d1e1c84,IBIZA_Reports,Historial,2026-05-29T14:59:29.603Z,15,ecooltra706,no
ZEUS - PRO,40151,si,Innside by Melia Ibiza Beach,de1bd8f0dca1,https://app.mode.com/editor/ecooltra706/reports/de1bd8f0dca1,IBIZA_Reports,Contratos/Ventas,2026-06-14T05:04:40.039Z,0,ecooltra706,no
ZEUS - PRO,40151,si,Innside by Melia Ibiza Beach,de1bd8f0dca1,https://app.mode.com/editor/ecooltra706/reports/de1bd8f0dca1,IBIZA_Reports,Historial,2026-06-14T05:04:40.039Z,0,ecooltra706,no
ZEUS - PRO,40151,si,IBIZA_Mondrian - Hyde Hotel,581a1d8bc082,https://app.mode.com/editor/ecooltra706/reports/581a1d8bc082,IBIZA_Reports,Historial,2026-06-13T17:04:40.483Z,0,ecooltra706,no
ZEUS - PRO,40151,si,IBIZA_Mondrian - Hyde Hotel,581a1d8bc082,https://app.mode.com/editor/ecooltra706/reports/581a1d8bc082,IBIZA_Reports,Contratos/Ventas,2026-06-13T17:04:40.483Z,0,ecooltra706,no
ZEUS - PRO,40151,si,Ushuaia,148f371f4190,https://app.mode.com/editor/ecooltra706/reports/148f371f4190,IBIZA_Reports,Contratos/Ventas,2026-06-14T05:04:39.168Z,0,ecooltra706,no
ZEUS - PRO,40151,si,Ushuaia,148f371f4190,https://app.mode.com/editor/ecooltra706/reports/148f371f4190,IBIZA_Reports,Historial,2026-06-14T05:04:39.168Z,0,ecooltra706,no
ZEUS - PRO,40151,si,IBIZA_Flota_ubicación_Venus,7a54161b7935,https://app.mode.com/editor/ecooltra706/reports/7a54161b7935,IBIZA_Reports,Flota_ubicación,2025-08-07T10:56:17.659Z,311,ecooltra706,si
ZEUS - PRO,40151,si,Automatic sync (monthly subscription),64b5665229ef,https://app.mode.com/editor/ecooltra706/reports/64b5665229ef,IT,Query 3,2025-01-08T08:40:44.655Z,522,ecooltra706,no
ZEUS - PRO,40151,si,Automatic sync (monthly subscription),64b5665229ef,https://app.mode.com/editor/ecooltra706/reports/64b5665229ef,IT,Query 4,2025-01-08T08:40:44.655Z,522,ecooltra706,no
ZEUS - PRO,40151,si,Automatic sync (monthly subscription),64b5665229ef,https://app.mode.com/editor/ecooltra706/reports/64b5665229ef,IT,01 Automatic Sync Zeus,2025-01-08T08:40:44.655Z,522,ecooltra706,no
ZEUS - PRO,40151,si,Globales Mallorca,27017aaaa256,https://app.mode.com/editor/ecooltra706/reports/27017aaaa256,MALLORCA REPORTS,Contratos/Ventas,2026-06-14T04:04:32.364Z,0,ecooltra706,no
ZEUS - PRO,40151,si,Copy of MNC_Ocupación y logística,74792771de0a,https://app.mode.com/editor/ecooltra706/reports/74792771de0a,MALLORCA REPORTS,Ocupación diario por SP,2026-06-08T15:33:20.106Z,5,ecooltra706,no
ZEUS - PRO,40151,si,Copy of MNC_Ocupación y logística,74792771de0a,https://app.mode.com/editor/ecooltra706/reports/74792771de0a,MALLORCA REPORTS,HIstorico de último contrato,2026-06-08T15:33:20.106Z,5,ecooltra706,no
ZEUS - PRO,40151,si,Copy of MNC_Ocupación y logística,74792771de0a,https://app.mode.com/editor/ecooltra706/reports/74792771de0a,MALLORCA REPORTS,BBDD_RM,2026-06-08T15:33:20.106Z,5,ecooltra706,no
ZEUS - PRO,40151,si,Copy of MNC_Ocupación y logística,74792771de0a,https://app.mode.com/editor/ecooltra706/reports/74792771de0a,MALLORCA REPORTS,Ocupación_total,2026-06-08T15:33:20.106Z,5,ecooltra706,no
ZEUS - PRO,40151,si,Mallorca All 26 ok,1f399b458de0,https://app.mode.com/editor/ecooltra706/reports/1f399b458de0,MALLORCA REPORTS,Contratos/Ventas,2026-06-14T05:05:04.758Z,0,ecooltra706,no
ZEUS - PRO,40151,si,Copy of [RESERVAS]_Seguimiento de reservas 26 vs 25 vs 24 v3,a33af7e8704c,https://app.mode.com/editor/ecooltra706/reports/a33af7e8704c,MALLORCA REPORTS,Evolución de reservas por fecha de creación,2026-05-29T08:59:46.068Z,16,ecooltra706,no
ZEUS - PRO,40151,si,Copy of [RESERVAS]_Seguimiento de reservas 26 vs 25 vs 24 v3,a33af7e8704c,https://app.mode.com/editor/ecooltra706/reports/a33af7e8704c,MALLORCA REPORTS,Query 1,2026-05-29T08:59:46.068Z,16,ecooltra706,no
ZEUS - PRO,40151,si,Codigos descuentos TOM,dfa17a44c509,https://app.mode.com/editor/ecooltra706/reports/dfa17a44c509,MALLORCA REPORTS,BBDD_clientes que usaron código descuento,2026-06-14T06:06:11.724Z,0,ecooltra706,no
ZEUS - PRO,40151,si,Codigos descuentos BAPTISTE,1dfb3f0cc2d1,https://app.mode.com/editor/ecooltra706/reports/1dfb3f0cc2d1,MALLORCA REPORTS,BBDD_clientes que usaron código descuento,2026-06-14T04:04:43.722Z,0,ecooltra706,no
ZEUS - PRO,40151,si,Grupotel Mallorca,4a1aeec4ae7f,https://app.mode.com/editor/ecooltra706/reports/4a1aeec4ae7f,MALLORCA REPORTS,Contratos/Ventas,2026-06-14T04:04:32.425Z,0,ecooltra706,no
ZEUS - PRO,40151,si,Mallorca_Flota_ubicación_Venus,80f6715cdf99,https://app.mode.com/editor/ecooltra706/reports/80f6715cdf99,MALLORCA REPORTS,Flota_ubicación,2026-05-29T09:01:29.468Z,16,ecooltra706,no
ZEUS - PRO,40151,si,Mallorca_Flota_ubicación_Venus,80f6715cdf99,https://app.mode.com/editor/ecooltra706/reports/80f6715cdf99,MALLORCA REPORTS,Incluye contratos LT,2026-05-29T09:01:29.468Z,16,ecooltra706,no
ZEUS - PRO,40151,si,[DELEGACIONES] Evolución diaria de reservas,8714db1e04b9,https://app.mode.com/editor/ecooltra706/reports/8714db1e04b9,MNC_Alquileres,Query 1,2026-06-08T16:05:09.044Z,5,ecooltra706,no
ZEUS - PRO,40151,si,Evolución diaria de reservas,cdce67bd9e91,https://app.mode.com/editor/ecooltra706/reports/cdce67bd9e91,MNC_Alquileres,Query 1,2026-06-14T03:05:26.630Z,0,ecooltra706,no
ZEUS - PRO,40151,si,[FACTURACIÓN] Detalles_Menorca,3d7c6c9e7932,https://app.mode.com/editor/ecooltra706/reports/3d7c6c9e7932,MNC_Alquileres,Copy of Facturación,2026-05-28T11:24:08.538Z,17,ecooltra706,no
ZEUS - PRO,40151,si,[FACTURACIÓN] Detalles_Menorca,3d7c6c9e7932,https://app.mode.com/editor/ecooltra706/reports/3d7c6c9e7932,MNC_Alquileres,Facturación,2026-05-28T11:24:08.538Z,17,ecooltra706,no
ZEUS - PRO,40151,si,[FACTURACIÓN] Mensual_Menorca_v2,77492569a0e7,https://app.mode.com/editor/ecooltra706/reports/77492569a0e7,MNC_Alquileres,Comparativa importe interanual,2026-06-03T15:50:28.722Z,10,ecooltra706,no
ZEUS - PRO,40151,si,Automatiz_Wsp_Reservas_aeropuerto,7d606735c4cc,https://app.mode.com/editor/ecooltra706/reports/7d606735c4cc,MNC_Alquileres,Query 1,2026-06-14T02:32:57.294Z,0,ecooltra706,no
ZEUS - PRO,40151,si,MNC_bbdd bruta de reservas/contratos,00996f4be031,https://app.mode.com/editor/ecooltra706/reports/00996f4be031,MNC_Alquileres,Query 1,2026-05-24T15:55:38.405Z,20,ecooltra706,no
ZEUS - PRO,40151,si,MNC_Price_List,003a16c97619,https://app.mode.com/editor/ecooltra706/reports/003a16c97619,MNC_Alquileres,MNC_Price_List,2026-06-02T09:39:17.917Z,12,ecooltra706,no
ZEUS - PRO,40151,si,[RESERVAS]_SB_Análisis_códigos_descuento_v2,63bcba01acac,https://app.mode.com/editor/ecooltra706/reports/63bcba01acac,MNC_Alquileres,BBDD_Reservas_sin_uso_de_Codigo_dto,2026-05-26T14:03:05.027Z,18,ecooltra706,no
ZEUS - PRO,40151,si,[RESERVAS]_SB_Análisis_códigos_descuento_v2,63bcba01acac,https://app.mode.com/editor/ecooltra706/reports/63bcba01acac,MNC_Alquileres,BBDD_Código_descuento,2026-05-26T14:03:05.027Z,18,ecooltra706,no
ZEUS - PRO,40151,si,[RESERVAS]_SB_Análisis_códigos_descuento_v2,63bcba01acac,https://app.mode.com/editor/ecooltra706/reports/63bcba01acac,MNC_Alquileres,BBDD_clientes que usaron código descuento,2026-05-26T14:03:05.027Z,18,ecooltra706,no
ZEUS - PRO,40151,si,MKT_BBDD_Clientes,79de40f5c805,https://app.mode.com/editor/ecooltra706/reports/79de40f5c805,MNC_Alquileres,BBDD_Sin mails duplicados,2026-05-06T09:43:16.173Z,39,ecooltra706,no
ZEUS - PRO,40151,si,MKT_BBDD_Clientes,79de40f5c805,https://app.mode.com/editor/ecooltra706/reports/79de40f5c805,MNC_Alquileres,bbdd_con_todos_los_mails (hay duplicados),2026-05-06T09:43:16.173Z,39,ecooltra706,no
ZEUS - PRO,40151,si,[RESERVAS]_Seguimiento de reservas 26 vs 25 vs 24 v3,7dd56003de4b,https://app.mode.com/editor/ecooltra706/reports/7dd56003de4b,MNC_Alquileres,Query 1,2026-06-12T13:58:56.105Z,1,ecooltra706,no
ZEUS - PRO,40151,si,[RESERVAS]_Seguimiento de reservas 26 vs 25 vs 24 v3,7dd56003de4b,https://app.mode.com/editor/ecooltra706/reports/7dd56003de4b,MNC_Alquileres,Evolución de reservas por fecha de creación,2026-06-12T13:58:56.105Z,1,ecooltra706,no
ZEUS - PRO,40151,si,BBDD_Por Segmentos_Todos,5ca256cbc7b2,https://app.mode.com/editor/ecooltra706/reports/5ca256cbc7b2,MNC_Alquileres,Clientes 2026 que han reservado años anteriores,2026-04-27T11:05:42.292Z,48,ecooltra706,no
ZEUS - PRO,40151,si,BBDD_Por Segmentos_Todos,5ca256cbc7b2,https://app.mode.com/editor/ecooltra706/reports/5ca256cbc7b2,MNC_Alquileres,Reservas con codígo COOLBACK,2026-04-27T11:05:42.292Z,48,ecooltra706,no
ZEUS - PRO,40151,si,BBDD_Por Segmentos_Todos,5ca256cbc7b2,https://app.mode.com/editor/ecooltra706/reports/5ca256cbc7b2,MNC_Alquileres,Contratos Menorca,2026-04-27T11:05:42.292Z,48,ecooltra706,no
ZEUS - PRO,40151,si,BBDD_Por Segmentos_Todos,5ca256cbc7b2,https://app.mode.com/editor/ecooltra706/reports/5ca256cbc7b2,MNC_Alquileres,rvas_web_BBDD_Clientes_Todos,2026-04-27T11:05:42.292Z,48,ecooltra706,no
ZEUS - PRO,40151,si,BBDD_Por Segmentos_Todos,5ca256cbc7b2,https://app.mode.com/editor/ecooltra706/reports/5ca256cbc7b2,MNC_Alquileres,Contratos,2026-04-27T11:05:42.292Z,48,ecooltra706,no
ZEUS - PRO,40151,si,BBDD_Por Segmentos_Todos,5ca256cbc7b2,https://app.mode.com/editor/ecooltra706/reports/5ca256cbc7b2,MNC_Alquileres,Reservas son codigo COOLBACK,2026-04-27T11:05:42.292Z,48,ecooltra706,no
ZEUS - PRO,40151,si,BBDD_Por Segmentos_Todos,5ca256cbc7b2,https://app.mode.com/editor/ecooltra706/reports/5ca256cbc7b2,MNC_Alquileres,bbdd_limpia,2026-04-27T11:05:42.292Z,48,ecooltra706,no
ZEUS - PRO,40151,si,Automatiz_Wsp_Alquileres_dsd_2026 sin cobro penalties,3d17a301dc46,https://app.mode.com/editor/ecooltra706/reports/3d17a301dc46,MNC_Alquileres,Contratos mnc sin cobros de penalties,2026-06-13T16:06:03.142Z,0,ecooltra706,no
ZEUS - PRO,40151,si,IA_MNC_Ocupación y logística,5368d5ddff5d,https://app.mode.com/editor/ecooltra706/reports/5368d5ddff5d,MNC_Alquileres,BBDD_RM,2026-05-18T06:40:31.948Z,27,ecooltra706,no
ZEUS - PRO,40151,si,IA_MNC_Ocupación y logística,5368d5ddff5d,https://app.mode.com/editor/ecooltra706/reports/5368d5ddff5d,MNC_Alquileres,BBDD_Stop_Sales,2026-05-18T06:40:31.948Z,27,ecooltra706,no
ZEUS - PRO,40151,si,IA_MNC_Ocupación y logística,5368d5ddff5d,https://app.mode.com/editor/ecooltra706/reports/5368d5ddff5d,MNC_Alquileres,BBDD_Precios_actuales,2026-05-18T06:40:31.948Z,27,ecooltra706,no
ZEUS - PRO,40151,si,Report_Stop_Sales_V2,905d32695f4d,https://app.mode.com/editor/ecooltra706/reports/905d32695f4d,MNC_Alquileres,BBDD_Stop_Sales,2026-04-23T10:58:26.056Z,52,ecooltra706,no
ZEUS - PRO,40151,si,[RESERVAS] RM_ Forecasting & Demand Reports,e094051dedab,https://app.mode.com/editor/ecooltra706/reports/e094051dedab,MNC_Alquileres,Tablas_Book_Contr._Tickets_Vehic,2026-04-23T09:06:35.562Z,52,ecooltra706,no
ZEUS - PRO,40151,si,[RESERVAS] RM_ Forecasting & Demand Reports,e094051dedab,https://app.mode.com/editor/ecooltra706/reports/e094051dedab,MNC_Alquileres,Lista_Revervas [L_S],2026-04-23T09:06:35.562Z,52,ecooltra706,no
ZEUS - PRO,40151,si,[RESERVAS] RM_ Forecasting & Demand Reports,e094051dedab,https://app.mode.com/editor/ecooltra706/reports/e094051dedab,MNC_Alquileres,Query 2,2026-04-23T09:06:35.562Z,52,ecooltra706,no
ZEUS - PRO,40151,si,[RESERVAS] RM_ Forecasting & Demand Reports,e094051dedab,https://app.mode.com/editor/ecooltra706/reports/e094051dedab,MNC_Alquileres,Query 1,2026-04-23T09:06:35.562Z,52,ecooltra706,no
ZEUS - PRO,40151,si,IA_BBDD_Reseñas+Ventas WSP_MNC,252dcb666ada,https://app.mode.com/editor/ecooltra706/reports/252dcb666ada,MNC_Alquileres,Contratos Mnc dsd 2026,2026-03-04T12:58:15.483Z,101,ecooltra706,no
ZEUS - PRO,40151,si,[CLIENTES]Reports de Segmentos y Services Points de reservas Web,27a001a660aa,https://app.mode.com/editor/ecooltra706/reports/27a001a660aa,MNC_Alquileres,Segmento de clientes,2026-02-13T16:31:14.442Z,120,ecooltra706,no
ZEUS - PRO,40151,si,[CLIENTES]Reports de Segmentos y Services Points de reservas Web,27a001a660aa,https://app.mode.com/editor/ecooltra706/reports/27a001a660aa,MNC_Alquileres,Query 1,2026-02-13T16:31:14.442Z,120,ecooltra706,no
ZEUS - PRO,40151,si,[FACTURACIÓN]  Daños_cobrados_MNC,bf57c5468acd,https://app.mode.com/editor/ecooltra706/reports/bf57c5468acd,MNC_Alquileres,Daños cobrados_mnc,2026-01-14T21:45:02.823Z,150,ecooltra706,no
ZEUS - PRO,40151,si,[RESERVAS] Ventana _de_reservas,be80758a5543,https://app.mode.com/editor/ecooltra706/reports/be80758a5543,MNC_Alquileres,BBDD_Con_flota_fija_total,2026-04-20T21:10:00.581Z,54,ecooltra706,no
ZEUS - PRO,40151,si,[RESERVAS] Ventana _de_reservas,be80758a5543,https://app.mode.com/editor/ecooltra706/reports/be80758a5543,MNC_Alquileres,BBDD_Con_flota_variable_en_SP,2026-04-20T21:10:00.581Z,54,ecooltra706,no
ZEUS - PRO,40151,si,[CLIENTES] Comportamiento_en_reservas,2ead583a3246,https://app.mode.com/editor/ecooltra706/reports/2ead583a3246,MNC_Alquileres,Lista_Revervas [L_S],2026-06-08T15:17:09.543Z,5,ecooltra706,no
ZEUS - PRO,40151,si,[CLIENTES] Comportamiento_en_reservas,2ead583a3246,https://app.mode.com/editor/ecooltra706/reports/2ead583a3246,MNC_Alquileres,BBDD_PREROLL_2025,2026-06-08T15:17:09.543Z,5,ecooltra706,no
ZEUS - PRO,40151,si,[CLIENTES] Comportamiento_en_reservas,2ead583a3246,https://app.mode.com/editor/ecooltra706/reports/2ead583a3246,MNC_Alquileres,Query 1,2026-06-08T15:17:09.543Z,5,ecooltra706,no
ZEUS - PRO,40151,si,[RESERVAS] Revisión_diaria_de_reservas Web,9dd23a6a7c2d,https://app.mode.com/editor/ecooltra706/reports/9dd23a6a7c2d,MNC_Alquileres,Query 1,2026-05-29T08:31:14.982Z,16,ecooltra706,no
ZEUS - PRO,40151,si,Globales Menorca,da479c72f5bb,https://app.mode.com/editor/ecooltra706/reports/da479c72f5bb,MNC_Colaboradores Y TIENDAS,Contratos/ventas sin incl. Penalización por combustible | Gasolina,2026-06-14T02:05:43.954Z,0,ecooltra706,no
ZEUS - PRO,40151,si,Globales Menorca,da479c72f5bb,https://app.mode.com/editor/ecooltra706/reports/da479c72f5bb,MNC_Colaboradores Y TIENDAS,Contratos/Ventas,2026-06-14T02:05:43.954Z,0,ecooltra706,no
ZEUS - PRO,40151,si,[COLABORADORES]  REPORT_S_ALGAR,e4ed88aa0cb6,https://app.mode.com/editor/ecooltra706/reports/e4ed88aa0cb6,MNC_Colaboradores Y TIENDAS,Contratos/Ventas,2026-06-14T01:06:20.963Z,0,ecooltra706,no
ZEUS - PRO,40151,si,[COLABORADORES]  REPORT_S_ALGAR,e4ed88aa0cb6,https://app.mode.com/editor/ecooltra706/reports/e4ed88aa0cb6,MNC_Colaboradores Y TIENDAS,Query 1,2026-06-14T01:06:20.963Z,0,ecooltra706,no
ZEUS - PRO,40151,si,[PARTNER] AUTOS MAXIMO,b6eee16c9a9f,https://app.mode.com/editor/ecooltra706/reports/b6eee16c9a9f,MNC_Colaboradores Y TIENDAS,Contratos/Ventas,2026-06-13T13:12:23.424Z,0,ecooltra706,no
ZEUS - PRO,40151,si,MNC_Shops_Data,a307e4263057,https://app.mode.com/editor/ecooltra706/reports/a307e4263057,MNC_Colaboradores Y TIENDAS,Versión_Test_ of MNC_Shops_Data,2026-05-18T23:31:55.930Z,26,ecooltra706,no
ZEUS - PRO,40151,si,MNC_Shops_Data,a307e4263057,https://app.mode.com/editor/ecooltra706/reports/a307e4263057,MNC_Colaboradores Y TIENDAS,MNC_Shops_Data,2026-05-18T23:31:55.930Z,26,ecooltra706,no
ZEUS - PRO,40151,si,[COLABORADORES]  MNC_Top_Market,600ecdfb937c,https://app.mode.com/editor/ecooltra706/reports/600ecdfb937c,MNC_Colaboradores Y TIENDAS,Contratos/Ventas,2026-06-14T02:05:43.509Z,0,ecooltra706,no
ZEUS - PRO,40151,si,[PARTNER] MNC_Beach_Bike,72433f7043dd,https://app.mode.com/editor/ecooltra706/reports/72433f7043dd,MNC_Colaboradores Y TIENDAS,Contratos/Ventas,2026-05-15T16:48:24.477Z,29,ecooltra706,no
ZEUS - PRO,40151,si,[PARTNER] MNC_Misterbike,5a1d22964d58,https://app.mode.com/editor/ecooltra706/reports/5a1d22964d58,MNC_Colaboradores Y TIENDAS,Contratos/Ventas,2026-06-14T01:06:20.847Z,0,ecooltra706,no
ZEUS - PRO,40151,si,MNC_Seth_Hoteles,ba0d3f7052f5,https://app.mode.com/editor/ecooltra706/reports/ba0d3f7052f5,MNC_Colaboradores Y TIENDAS,Query 1,2026-06-14T03:05:16.817Z,0,ecooltra706,no
ZEUS - PRO,40151,si,MNC_Seth_Hoteles,ba0d3f7052f5,https://app.mode.com/editor/ecooltra706/reports/ba0d3f7052f5,MNC_Colaboradores Y TIENDAS,Contratos/Ventas,2026-06-14T03:05:16.817Z,0,ecooltra706,no
ZEUS - PRO,40151,si,Whatsapp,71e89c9d499c,https://app.mode.com/editor/ecooltra706/reports/71e89c9d499c,MNC_Colaboradores Y TIENDAS,Reservas aeropuerto,2026-02-12T05:25:28.980Z,122,ecooltra706,no
ZEUS - PRO,40151,si,Whatsapp,71e89c9d499c,https://app.mode.com/editor/ecooltra706/reports/71e89c9d499c,MNC_Colaboradores Y TIENDAS,Contratos,2026-02-12T05:25:28.980Z,122,ecooltra706,no
ZEUS - PRO,40151,si,MNC_Report_AENA,272510931782,https://app.mode.com/editor/ecooltra706/reports/272510931782,MNC_Colaboradores Y TIENDAS,Report_AENA,2026-02-11T14:37:18.443Z,122,ecooltra706,no
ZEUS - PRO,40151,si,MNC_Report_AENA,272510931782,https://app.mode.com/editor/ecooltra706/reports/272510931782,MNC_Colaboradores Y TIENDAS,Report Aena parámetro día siguiente,2026-02-11T14:37:18.443Z,122,ecooltra706,no
ZEUS - PRO,40151,si,MNC_Report_AENA,272510931782,https://app.mode.com/editor/ecooltra706/reports/272510931782,MNC_Colaboradores Y TIENDAS,Report Aena parámetro día actual,2026-02-11T14:37:18.443Z,122,ecooltra706,no
ZEUS - PRO,40151,si,"[TIENDA] Mahón (Camí Ses Rodees), Menorca",d47b07e708c6,https://app.mode.com/editor/ecooltra706/reports/d47b07e708c6,MNC_Colaboradores Y TIENDAS,Contratos/Ventas,2026-03-20T07:52:03.869Z,86,ecooltra706,no
ZEUS - PRO,40151,si,[COLABORADORES] MNC_Hoteles_Mahón_revisar,a929e6175b93,https://app.mode.com/editor/ecooltra706/reports/a929e6175b93,MNC_Colaboradores Y TIENDAS,Contratos/Ventas,2025-10-06T05:28:20.016Z,251,ecooltra706,no
ZEUS - PRO,40151,si,[COLABORADORES] MNC_Son_Parc,30d2ddb5de9c,https://app.mode.com/editor/ecooltra706/reports/30d2ddb5de9c,MNC_Colaboradores Y TIENDAS,Contratos/Ventas,2025-10-06T05:26:23.643Z,251,ecooltra706,no
ZEUS - PRO,40151,si,[COLABORADORES]  MNC_Jumbotour,e5a0aaf80681,https://app.mode.com/editor/ecooltra706/reports/e5a0aaf80681,MNC_Colaboradores Y TIENDAS,Contratos/Ventas,2026-04-22T11:08:24.691Z,53,ecooltra706,no
ZEUS - PRO,40151,si,[COLABORADORES] Apartamentos OASIS,1c4d7dbe33c4,https://app.mode.com/editor/ecooltra706/reports/1c4d7dbe33c4,MNC_Colaboradores Y TIENDAS,Contratos/Ventas,2025-09-24T11:10:46.416Z,263,ecooltra706,no
ZEUS - PRO,40151,si,[COLABORADORES] Apartamentos OASIS,1c4d7dbe33c4,https://app.mode.com/editor/ecooltra706/reports/1c4d7dbe33c4,MNC_Colaboradores Y TIENDAS,Query 1,2025-09-24T11:10:46.416Z,263,ecooltra706,no
ZEUS - PRO,40151,si,[COLABORADORES]  MNC_Sidetour,829739080ef6,https://app.mode.com/editor/ecooltra706/reports/829739080ef6,MNC_Colaboradores Y TIENDAS,Contratos/Ventas,2025-07-31T10:50:41.428Z,318,ecooltra706,no
ZEUS - PRO,40151,si,IA_MNC_Ocupación y logística,9dbddc10cd4d,https://app.mode.com/editor/ecooltra706/reports/9dbddc10cd4d,MNC_Flota,Listado de comentarios,2026-06-14T02:05:37.484Z,0,ecooltra706,no
ZEUS - PRO,40151,si,IA_MNC_Ocupación y logística,9dbddc10cd4d,https://app.mode.com/editor/ecooltra706/reports/9dbddc10cd4d,MNC_Flota,HIstorico de último contrato,2026-06-14T02:05:37.484Z,0,ecooltra706,no
ZEUS - PRO,40151,si,IA_MNC_Ocupación y logística,9dbddc10cd4d,https://app.mode.com/editor/ecooltra706/reports/9dbddc10cd4d,MNC_Flota,Ocupación_total,2026-06-14T02:05:37.484Z,0,ecooltra706,no
ZEUS - PRO,40151,si,IA_MNC_Ocupación y logística,9dbddc10cd4d,https://app.mode.com/editor/ecooltra706/reports/9dbddc10cd4d,MNC_Flota,Ocupación diario por SP,2026-06-14T02:05:37.484Z,0,ecooltra706,no
ZEUS - PRO,40151,si,MNC_Ocupación y logística,80c3e64ebbcc,https://app.mode.com/editor/ecooltra706/reports/80c3e64ebbcc,MNC_Flota,HIstorico de último contrato,2026-06-03T14:09:40.772Z,10,ecooltra706,no
ZEUS - PRO,40151,si,MNC_Ocupación y logística,80c3e64ebbcc,https://app.mode.com/editor/ecooltra706/reports/80c3e64ebbcc,MNC_Flota,Ocupación diario por SP,2026-06-03T14:09:40.772Z,10,ecooltra706,no
ZEUS - PRO,40151,si,MNC_Ocupación y logística,80c3e64ebbcc,https://app.mode.com/editor/ecooltra706/reports/80c3e64ebbcc,MNC_Flota,BBDD_RM,2026-06-03T14:09:40.772Z,10,ecooltra706,no
ZEUS - PRO,40151,si,MNC_Ocupación y logística,80c3e64ebbcc,https://app.mode.com/editor/ecooltra706/reports/80c3e64ebbcc,MNC_Flota,Ocupación_total,2026-06-03T14:09:40.772Z,10,ecooltra706,no
ZEUS - PRO,40151,si,Listado de comentarios,a877d81fc4f5,https://app.mode.com/editor/ecooltra706/reports/a877d81fc4f5,MNC_Flota,Query 1,2026-03-05T16:33:34.145Z,100,ecooltra706,no
ZEUS - PRO,40151,si,Flota_ubicación_Venus_v2,d11624b6ac82,https://app.mode.com/editor/ecooltra706/reports/d11624b6ac82,MNC_Flota,Flota_ubicación,2026-06-12T15:10:14.159Z,1,ecooltra706,no
ZEUS - PRO,40151,si,Flota_ubicación_Venus_v2,d11624b6ac82,https://app.mode.com/editor/ecooltra706/reports/d11624b6ac82,MNC_Flota,Query 2,2026-06-12T15:10:14.159Z,1,ecooltra706,no
ZEUS - PRO,40151,si,Top_Market,e3f4e19be2e5,https://app.mode.com/editor/ecooltra706/reports/e3f4e19be2e5,MNC_Partners_solo_web,Reservas solo SP_TOPM_ Y_ EXCL_ Cod_dto TTOO,2025-04-20T22:16:44.942Z,419,ecooltra706,no
ZEUS - PRO,40151,si,Report_AENA_MNC,c3dd6e1e6af3,https://app.mode.com/editor/ecooltra706/reports/c3dd6e1e6af3,MNC_Reports,Report Aena parámetro día siguiente,2026-06-14T06:05:24.241Z,0,ecooltra706,no
ZEUS - PRO,40151,si,Report_AENA_MNC,c3dd6e1e6af3,https://app.mode.com/editor/ecooltra706/reports/c3dd6e1e6af3,MNC_Reports,Report RecordGo,2026-06-14T06:05:24.241Z,0,ecooltra706,no
ZEUS - PRO,40151,si,Report_AENA_MNC,c3dd6e1e6af3,https://app.mode.com/editor/ecooltra706/reports/c3dd6e1e6af3,MNC_Reports,Report_AENA,2026-06-14T06:05:24.241Z,0,ecooltra706,no
ZEUS - PRO,40151,si,Report_AENA_MNC,c3dd6e1e6af3,https://app.mode.com/editor/ecooltra706/reports/c3dd6e1e6af3,MNC_Reports,Report Aena parámetro día actual,2026-06-14T06:05:24.241Z,0,ecooltra706,no
ZEUS - PRO,40151,si,MNC_Ocupación,3df67dafa6c6,https://app.mode.com/editor/ecooltra706/reports/3df67dafa6c6,MNC_Reports,Ocupació ok,2025-09-22T10:29:29.646Z,265,ecooltra706,no
ZEUS - PRO,40151,si,Seguimiento de reservas 25 vs 24 v2,fe53bb2e6aef,https://app.mode.com/editor/ecooltra706/reports/fe53bb2e6aef,MNC_Reports,Query 3,2026-02-02T08:05:47.168Z,132,ecooltra706,no
ZEUS - PRO,40151,si,Seguimiento de reservas 25 vs 24 v2,fe53bb2e6aef,https://app.mode.com/editor/ecooltra706/reports/fe53bb2e6aef,MNC_Reports,Evolución de reservas por fecha de creación,2026-02-02T08:05:47.168Z,132,ecooltra706,no
ZEUS - PRO,40151,si,Facturación Menorca,a7d37e0a23b8,https://app.mode.com/editor/ecooltra706/reports/a7d37e0a23b8,MNC_Reports,Comparativa importe interanual,2025-09-19T05:21:27.139Z,268,ecooltra706,no
ZEUS - PRO,40151,si,Flota_ubicación_Venus,139bd9774aaa,https://app.mode.com/editor/ecooltra706/reports/139bd9774aaa,MNC_Reports,Flota_ubicación,2025-08-24T05:24:43.688Z,294,ecooltra706,no
ZEUS - PRO,40151,si,Flota_ubicación_Venus,139bd9774aaa,https://app.mode.com/editor/ecooltra706/reports/139bd9774aaa,MNC_Reports,Query 2,2025-08-24T05:24:43.688Z,294,ecooltra706,no
ZEUS - PRO,40151,si,MNC_Ocupación_por_SP (Logística),411da1d4efc3,https://app.mode.com/editor/ecooltra706/reports/411da1d4efc3,MNC_Reports,BBDD_Reservas_OK,2025-08-06T07:53:03.105Z,312,ecooltra706,no
ZEUS - PRO,40151,si,MNC_Ocupación_por_SP (Logística),411da1d4efc3,https://app.mode.com/editor/ecooltra706/reports/411da1d4efc3,MNC_Reports,Query 1,2025-08-06T07:53:03.105Z,312,ecooltra706,no
ZEUS - PRO,40151,si,MNC_Ocupación_por_SP (Logística),411da1d4efc3,https://app.mode.com/editor/ecooltra706/reports/411da1d4efc3,MNC_Reports,Listado de reservas,2025-08-06T07:53:03.105Z,312,ecooltra706,no
ZEUS - PRO,40151,si,MNC_Ocupación_por_SP (Logística),411da1d4efc3,https://app.mode.com/editor/ecooltra706/reports/411da1d4efc3,MNC_Reports,2024_Contratos DP_OK,2025-08-06T07:53:03.105Z,312,ecooltra706,no
ZEUS - PRO,40151,si,MNC_Ocupación_por_SP (Logística),411da1d4efc3,https://app.mode.com/editor/ecooltra706/reports/411da1d4efc3,MNC_Reports,Test_Listado_matriculas_con_contrato_activo,2025-08-06T07:53:03.105Z,312,ecooltra706,no
ZEUS - PRO,40151,si,MNC_Ocupación_por_SP (Logística),411da1d4efc3,https://app.mode.com/editor/ecooltra706/reports/411da1d4efc3,MNC_Reports,Contratos DP_OK,2025-08-06T07:53:03.105Z,312,ecooltra706,no
ZEUS - PRO,40151,si,Segmento de clientes,a76d057a44d8,https://app.mode.com/editor/ecooltra706/reports/a76d057a44d8,MNC_Reports,Segmento de clientes,2025-07-21T15:35:35.680Z,327,ecooltra706,no
ZEUS - PRO,40151,si,MNC_BBDD_IA,15d2a484506c,https://app.mode.com/editor/ecooltra706/reports/15d2a484506c,MNC_Reports,bbdd_Test_extras+otros,2025-08-13T13:15:10.038Z,304,ecooltra706,no
ZEUS - PRO,40151,si,MNC_BBDD_IA,15d2a484506c,https://app.mode.com/editor/ecooltra706/reports/15d2a484506c,MNC_Reports,Query 1,2025-08-13T13:15:10.038Z,304,ecooltra706,no
ZEUS - PRO,40151,si,MNC_BBDD_IA,15d2a484506c,https://app.mode.com/editor/ecooltra706/reports/15d2a484506c,MNC_Reports,BBDD,2025-08-13T13:15:10.038Z,304,ecooltra706,no
ZEUS - PRO,40151,si,Daños_cobrados_MNC,ef68ce17261a,https://app.mode.com/editor/ecooltra706/reports/ef68ce17261a,MNC_Reports,Daños cobrados_mnc,2025-09-22T10:30:21.319Z,265,ecooltra706,no
ZEUS - PRO,40151,si,Comparación:reservas por día,eef15faf7c1a,https://app.mode.com/editor/ecooltra706/reports/eef15faf7c1a,MNC_Reports,Tabla calendario,2025-07-26T06:17:01.836Z,323,ecooltra706,no
ZEUS - PRO,40151,si,Comparación:reservas por día,eef15faf7c1a,https://app.mode.com/editor/ecooltra706/reports/eef15faf7c1a,MNC_Reports,Cant_de_reservas_acumuladas 25 vs 24,2025-07-26T06:17:01.836Z,323,ecooltra706,no
ZEUS - PRO,40151,si,SB_Análisis_códigos_descuento,bd97768d7a19,https://app.mode.com/editor/ecooltra706/reports/bd97768d7a19,MNC_Reports,BBDD_clientes que usaron código descuento,2025-05-31T16:05:45.880Z,378,ecooltra706,no
ZEUS - PRO,40151,si,SB_Análisis_códigos_descuento,bd97768d7a19,https://app.mode.com/editor/ecooltra706/reports/bd97768d7a19,MNC_Reports,BBDD_Reservas_sin_uso_de_Codigo_dto,2025-05-31T16:05:45.880Z,378,ecooltra706,no
ZEUS - PRO,40151,si,SB_Análisis_códigos_descuento,bd97768d7a19,https://app.mode.com/editor/ecooltra706/reports/bd97768d7a19,MNC_Reports,BBDD_Código_descuento,2025-05-31T16:05:45.880Z,378,ecooltra706,no
ZEUS - PRO,40151,si,MNC_Shops_Data,78438f1bb694,https://app.mode.com/editor/ecooltra706/reports/78438f1bb694,MNC_Reports,Versión_Test_ of MNC_Shops_Data,2026-01-20T16:43:25.743Z,144,ecooltra706,no
ZEUS - PRO,40151,si,MNC_Shops_Data,78438f1bb694,https://app.mode.com/editor/ecooltra706/reports/78438f1bb694,MNC_Reports,MNC_Shops_Data,2026-01-20T16:43:25.743Z,144,ecooltra706,no
ZEUS - PRO,40151,si,Comparación de reservas 25 vs 24,e85a746b89d5,https://app.mode.com/editor/ecooltra706/reports/e85a746b89d5,MNC_Reports,Evolución de reservas por fecha de creación,2025-07-08T03:20:03.330Z,341,ecooltra706,no
ZEUS - PRO,40151,si,Comparación de reservas 25 vs 24,e85a746b89d5,https://app.mode.com/editor/ecooltra706/reports/e85a746b89d5,MNC_Reports,Query 3,2025-07-08T03:20:03.330Z,341,ecooltra706,no
ZEUS - PRO,40151,si,Comparación de reservas 25 vs 24,e85a746b89d5,https://app.mode.com/editor/ecooltra706/reports/e85a746b89d5,MNC_Reports,Análisis por día,2025-07-08T03:20:03.330Z,341,ecooltra706,no
ZEUS - PRO,40151,si,MNC_Datos_de_cobro,da8eadce9ce3,https://app.mode.com/editor/ecooltra706/reports/da8eadce9ce3,MNC_Reports,Query 1,2025-05-15T05:03:52.099Z,395,ecooltra706,no
ZEUS - PRO,40151,si,Report_Stop_Sales,6f1164e22737,https://app.mode.com/editor/ecooltra706/reports/6f1164e22737,MNC_Reports,BBDD_Stop_Sales,2025-10-03T05:03:12.292Z,254,ecooltra706,no
ZEUS - PRO,40151,si,MNC_Price_List,c91ff0cee9f4,https://app.mode.com/editor/ecooltra706/reports/c91ff0cee9f4,MNC_Reports,MNC_Price_List,2026-01-20T12:32:04.324Z,145,ecooltra706,no
ZEUS - PRO,40151,si,Rebalancing-Git,0f0f6dcfbf17,https://app.mode.com/editor/ecooltra706/reports/0f0f6dcfbf17,rebalancing,supply_now,2026-06-13T11:35:52.486Z,1,ecooltra706,no
ZEUS - PRO,40151,si,RecordGo,54f77e77e279,https://app.mode.com/editor/ecooltra706/reports/54f77e77e279,RecordGo,Contratos/Ventas,2026-06-14T02:05:27.988Z,0,ecooltra706,no
ZEUS - PRO,40151,si,,1b1c001a5676,https://app.mode.com/editor/ecooltra706/reports/1b1c001a5676,Personal,Query 3,2023-10-10T15:07:19.138Z,977,ecooltra706,no
ZEUS - PRO,40151,si,,1b1c001a5676,https://app.mode.com/editor/ecooltra706/reports/1b1c001a5676,Personal,[VEHICLE_BONUS],2023-10-10T15:07:19.138Z,977,ecooltra706,no
ZEUS - PRO,40151,si,Data Check - Invoiced Amount,c959c9deef5f,https://app.mode.com/editor/ecooltra706/reports/c959c9deef5f,Personal,Query 3,2023-08-09T16:23:12.336Z,1039,ecooltra706,no
ZEUS - PRO,40151,si,Data Check - Invoiced Amount,c959c9deef5f,https://app.mode.com/editor/ecooltra706/reports/c959c9deef5f,Personal,Query 2,2023-08-09T16:23:12.336Z,1039,ecooltra706,no
ZEUS - PRO,40151,si,Clone of Users with expired driver license,41cdf2471172,https://app.mode.com/editor/ecooltra706/reports/41cdf2471172,Personal,z_params,2023-07-13T16:22:56.231Z,1066,ecooltra706,no
ZEUS - PRO,40151,si,Queries Validation,8931b03686e3,https://app.mode.com/editor/ecooltra706/reports/8931b03686e3,Personal,payments,2023-07-13T16:25:59.680Z,1066,ecooltra706,no
ZEUS - PRO,40151,si,Queries Validation,8931b03686e3,https://app.mode.com/editor/ecooltra706/reports/8931b03686e3,Personal,pricing packs,2023-07-13T16:25:59.680Z,1066,ecooltra706,no
ZEUS - PRO,40151,si,Queries Validation,8931b03686e3,https://app.mode.com/editor/ecooltra706/reports/8931b03686e3,Personal,[FLEET] Locations,2023-07-13T16:25:59.680Z,1066,ecooltra706,no
ZEUS - PRO,40151,si,Queries Validation,8931b03686e3,https://app.mode.com/editor/ecooltra706/reports/8931b03686e3,Personal,rental passes,2023-07-13T16:25:59.680Z,1066,ecooltra706,no
ZEUS - PRO,40151,si,Queries Validation,8931b03686e3,https://app.mode.com/editor/ecooltra706/reports/8931b03686e3,Personal,unlinked,2023-07-13T16:25:59.680Z,1066,ecooltra706,no
ZEUS - PRO,40151,si,Queries Validation,8931b03686e3,https://app.mode.com/editor/ecooltra706/reports/8931b03686e3,Personal,rentals without model,2023-07-13T16:25:59.680Z,1066,ecooltra706,no
ZEUS - PRO,40151,si,Queries Validation,8931b03686e3,https://app.mode.com/editor/ecooltra706/reports/8931b03686e3,Personal,fct_subscription_promotions,2023-07-13T16:25:59.680Z,1066,ecooltra706,no
ZEUS - PRO,40151,si,Queries Validation,8931b03686e3,https://app.mode.com/editor/ecooltra706/reports/8931b03686e3,Personal,orderline etendo,2023-07-13T16:25:59.680Z,1066,ecooltra706,no
ZEUS - PRO,40151,si,Queries Validation,8931b03686e3,https://app.mode.com/editor/ecooltra706/reports/8931b03686e3,Personal,rotation lisboa,2023-07-13T16:25:59.680Z,1066,ecooltra706,no
ZEUS - PRO,40151,si,Reserves Validation,04d62e3bd9f8,https://app.mode.com/editor/ecooltra706/reports/04d62e3bd9f8,Personal,Query 3,2023-05-12T11:23:52.545Z,1129,ecooltra706,no
ZEUS - PRO,40151,si,Clone of [ZEUS] [OPS] Automatized KPIs,e9d5e010cfd0,https://app.mode.com/editor/ecooltra706/reports/e9d5e010cfd0,Personal,z params - 01 Dates and Fleets,2023-05-08T07:17:22.389Z,1133,ecooltra706,no
ZEUS - PRO,40151,si,Clone of [ZEUS] [OPS] Automatized KPIs,e9d5e010cfd0,https://app.mode.com/editor/ecooltra706/reports/e9d5e010cfd0,Personal,z params - 03 ZEUS roles,2023-05-08T07:17:22.389Z,1133,ecooltra706,no
ZEUS - PRO,40151,si,Clone of [ZEUS] [OPS] Automatized KPIs,e9d5e010cfd0,https://app.mode.com/editor/ecooltra706/reports/e9d5e010cfd0,Personal,05 DAILY ROTATION - 06 TOTAL RENTALS,2023-05-08T07:17:22.389Z,1133,ecooltra706,no
ZEUS - PRO,40151,si,Clone of [ZEUS] [OPS] Automatized KPIs,e9d5e010cfd0,https://app.mode.com/editor/ecooltra706/reports/e9d5e010cfd0,Personal,10.1 VEHICLES USED DAILY,2023-05-08T07:17:22.389Z,1133,ecooltra706,no
ZEUS - PRO,40151,si,Clone of [ZEUS] [OPS] Automatized KPIs,e9d5e010cfd0,https://app.mode.com/editor/ecooltra706/reports/e9d5e010cfd0,Personal,11 OCCUPANCY,2023-05-08T07:17:22.389Z,1133,ecooltra706,no
ZEUS - PRO,40151,si,Clone of [ZEUS] [OPS] Automatized KPIs,e9d5e010cfd0,https://app.mode.com/editor/ecooltra706/reports/e9d5e010cfd0,Personal,15 KMS PER TEAM,2023-05-08T07:17:22.389Z,1133,ecooltra706,no
ZEUS - PRO,40151,si,Clone of [ZEUS] [OPS] Automatized KPIs,e9d5e010cfd0,https://app.mode.com/editor/ecooltra706/reports/e9d5e010cfd0,Personal,17 REAL PRICE PER MINUTE,2023-05-08T07:17:22.389Z,1133,ecooltra706,no
ZEUS - PRO,40151,si,Clone of [ZEUS] [OPS] Automatized KPIs,e9d5e010cfd0,https://app.mode.com/editor/ecooltra706/reports/e9d5e010cfd0,Personal,08 AVG DISTANCE - 09 DURATION,2023-05-08T07:17:22.389Z,1133,ecooltra706,no
ZEUS - PRO,40151,si,Clone of [ZEUS] [OPS] Automatized KPIs,e9d5e010cfd0,https://app.mode.com/editor/ecooltra706/reports/e9d5e010cfd0,Personal,21 AVG UNAVAILABILITY TIME,2023-05-08T07:17:22.389Z,1133,ecooltra706,no
ZEUS - PRO,40151,si,Clone of [ZEUS] [OPS] Automatized KPIs,e9d5e010cfd0,https://app.mode.com/editor/ecooltra706/reports/e9d5e010cfd0,Personal,24 TOTAL SWAPS - 29 AVG TIME PER SWAP,2023-05-08T07:17:22.389Z,1133,ecooltra706,no
ZEUS - PRO,40151,si,Clone of [ZEUS] [OPS] Automatized KPIs,e9d5e010cfd0,https://app.mode.com/editor/ecooltra706/reports/e9d5e010cfd0,Personal,28 AVG ENERGY ADDED PER SWAP,2023-05-08T07:17:22.389Z,1133,ecooltra706,no
ZEUS - PRO,40151,si,Clone of [ZEUS] [OPS] Automatized KPIs,e9d5e010cfd0,https://app.mode.com/editor/ecooltra706/reports/e9d5e010cfd0,Personal,30 WORK UNITS TIME PER SHIFTS TIME,2023-05-08T07:17:22.389Z,1133,ecooltra706,no
ZEUS - PRO,40151,si,Clone of [ZEUS] [OPS] Automatized KPIs,e9d5e010cfd0,https://app.mode.com/editor/ecooltra706/reports/e9d5e010cfd0,Personal,31 AVG HOURS PER SHIFT,2023-05-08T07:17:22.389Z,1133,ecooltra706,no
ZEUS - PRO,40151,si,Clone of [ZEUS] [OPS] Automatized KPIs,e9d5e010cfd0,https://app.mode.com/editor/ecooltra706/reports/e9d5e010cfd0,Personal,33 KMS PER SWAPPING TEAM,2023-05-08T07:17:22.389Z,1133,ecooltra706,no
ZEUS - PRO,40151,si,Clone of [ZEUS] [OPS] Automatized KPIs,e9d5e010cfd0,https://app.mode.com/editor/ecooltra706/reports/e9d5e010cfd0,Personal,39 FLEET UNAVAILABILITY,2023-05-08T07:17:22.389Z,1133,ecooltra706,no
ZEUS - PRO,40151,si,Clone of [ZEUS] [OPS] Automatized KPIs,e9d5e010cfd0,https://app.mode.com/editor/ecooltra706/reports/e9d5e010cfd0,Personal,43 BLOCKING TASKS,2023-05-08T07:17:22.389Z,1133,ecooltra706,no
ZEUS - PRO,40151,si,Clone of [ZEUS] [OPS] Automatized KPIs,e9d5e010cfd0,https://app.mode.com/editor/ecooltra706/reports/e9d5e010cfd0,Personal,z params - 05 ZEUS locations,2023-05-08T07:17:22.389Z,1133,ecooltra706,no
ZEUS - PRO,40151,si,Clone of [ZEUS] [OPS] Automatized KPIs,e9d5e010cfd0,https://app.mode.com/editor/ecooltra706/reports/e9d5e010cfd0,Personal,10 VEHICLES USED,2023-05-08T07:17:22.389Z,1133,ecooltra706,no
ZEUS - PRO,40151,si,Clone of [ZEUS] [OPS] Automatized KPIs,e9d5e010cfd0,https://app.mode.com/editor/ecooltra706/reports/e9d5e010cfd0,Personal,25 TOTAL SHIFT HOURS - 27 AVG SWAPS PER SHIFT HOUR OLD,2023-05-08T07:17:22.389Z,1133,ecooltra706,no
ZEUS - PRO,40151,si,Clone of [ZEUS] [OPS] Automatized KPIs,e9d5e010cfd0,https://app.mode.com/editor/ecooltra706/reports/e9d5e010cfd0,Personal,Query 29,2023-05-08T07:17:22.389Z,1133,ecooltra706,no
ZEUS - PRO,40151,si,Clone of [ZEUS] [OPS] Automatized KPIs,e9d5e010cfd0,https://app.mode.com/editor/ecooltra706/reports/e9d5e010cfd0,Personal,03 FLEET - 04 AVAILABILITY,2023-05-08T07:17:22.389Z,1133,ecooltra706,no
ZEUS - PRO,40151,si,Clone of [ZEUS] [OPS] Automatized KPIs,e9d5e010cfd0,https://app.mode.com/editor/ecooltra706/reports/e9d5e010cfd0,Personal,12 KMS PER SWAP,2023-05-08T07:17:22.389Z,1133,ecooltra706,no
ZEUS - PRO,40151,si,Clone of [ZEUS] [OPS] Automatized KPIs,e9d5e010cfd0,https://app.mode.com/editor/ecooltra706/reports/e9d5e010cfd0,Personal,13 PICKUP TIME,2023-05-08T07:17:22.389Z,1133,ecooltra706,no
ZEUS - PRO,40151,si,Clone of [ZEUS] [OPS] Automatized KPIs,e9d5e010cfd0,https://app.mode.com/editor/ecooltra706/reports/e9d5e010cfd0,Personal,20 SWAPPING UNAVAILABILITY,2023-05-08T07:17:22.389Z,1133,ecooltra706,no
ZEUS - PRO,40151,si,Clone of [ZEUS] [OPS] Automatized KPIs,e9d5e010cfd0,https://app.mode.com/editor/ecooltra706/reports/e9d5e010cfd0,Personal,25 TOTAL SHIFT HOURS - 27 AVG SWAPS PER SHIFT HOUR,2023-05-08T07:17:22.389Z,1133,ecooltra706,no
ZEUS - PRO,40151,si,Clone of [ZEUS] [OPS] Automatized KPIs,e9d5e010cfd0,https://app.mode.com/editor/ecooltra706/reports/e9d5e010cfd0,Personal,34 MINUTES RENTED PER SWAP,2023-05-08T07:17:22.389Z,1133,ecooltra706,no
ZEUS - PRO,40151,si,Clone of [ZEUS] [OPS] Automatized KPIs,e9d5e010cfd0,https://app.mode.com/editor/ecooltra706/reports/e9d5e010cfd0,Personal,40 AVG UNAVAILABILITY TIME,2023-05-08T07:17:22.389Z,1133,ecooltra706,no
ZEUS - PRO,40151,si,Clone of [ZEUS] [OPS] Automatized KPIs,e9d5e010cfd0,https://app.mode.com/editor/ecooltra706/reports/e9d5e010cfd0,Personal,41 UNSERVICED VEHICLES,2023-05-08T07:17:22.389Z,1133,ecooltra706,no
ZEUS - PRO,40151,si,Clone of [ZEUS] [OPS] Automatized KPIs,e9d5e010cfd0,https://app.mode.com/editor/ecooltra706/reports/e9d5e010cfd0,Personal,z params - 04 ZEUS Vehicle kind,2023-05-08T07:17:22.389Z,1133,ecooltra706,no
ZEUS - PRO,40151,si,[WORK] UNPAID INVOICES,94df3dfa9289,https://app.mode.com/editor/ecooltra706/reports/94df3dfa9289,Personal,unpaid_invoices,2023-03-24T13:25:04.827Z,1177,ecooltra706,no
ZEUS - PRO,40151,si,[TEST] INFORMATION_SCHEMA,29d882a5da91,https://app.mode.com/editor/ecooltra706/reports/29d882a5da91,Personal,Query 1,2023-04-13T10:59:41.951Z,1158,ecooltra706,no
ZEUS - PRO,40151,si,[TEST] RFM_SEGMENT,7635e5ead5db,https://app.mode.com/editor/ecooltra706/reports/7635e5ead5db,Personal,Query 2,2023-03-22T17:38:47.704Z,1179,ecooltra706,no
ZEUS - PRO,40151,si,[TEST] CLAUSES,d110e310ae9a,https://app.mode.com/editor/ecooltra706/reports/d110e310ae9a,Personal,FILTER,2023-03-22T14:49:30.313Z,1179,ecooltra706,no
ZEUS - PRO,40151,si,[TEST] CLAUSES,d110e310ae9a,https://app.mode.com/editor/ecooltra706/reports/d110e310ae9a,Personal,ARREGLO UTC TIMEZONE,2023-03-22T14:49:30.313Z,1179,ecooltra706,no
ZEUS - PRO,40151,si,[TEST] CLAUSES,d110e310ae9a,https://app.mode.com/editor/ecooltra706/reports/d110e310ae9a,Personal,EPOCH,2023-03-22T14:49:30.313Z,1179,ecooltra706,no
ZEUS - PRO,40151,si,[TEST] RETENTION_ANALYSIS,5c038bea8c40,https://app.mode.com/editor/ecooltra706/reports/5c038bea8c40,Personal,Query 2,2023-03-22T12:44:24.749Z,1179,ecooltra706,no
ZEUS - PRO,40151,si,[TEST] PARAMETERS,7e33c487c35b,https://app.mode.com/editor/ecooltra706/reports/7e33c487c35b,Personal,Query 2,2023-03-16T15:35:08.320Z,1185,ecooltra706,no
ZEUS - PRO,40151,si,[TEST] PARAMETERS,7e33c487c35b,https://app.mode.com/editor/ecooltra706/reports/7e33c487c35b,Personal,Z parameters,2023-03-16T15:35:08.320Z,1185,ecooltra706,no
ZEUS - PRO,40151,si,[TEST] GENERATE_SERIES,f7029b0a7d28,https://app.mode.com/editor/ecooltra706/reports/f7029b0a7d28,Personal,Query 4,2023-03-20T12:43:17.999Z,1181,ecooltra706,no
ZEUS - PRO,40151,si,[DBT] PERFORMANCE CTES VS SELECT,fbf127ee3364,https://app.mode.com/editor/ecooltra706/reports/fbf127ee3364,Personal,SELECT,2023-03-18T15:30:02.228Z,1183,ecooltra706,no
ZEUS - PRO,40151,si,[DBT] PERFORMANCE CTES VS SELECT,fbf127ee3364,https://app.mode.com/editor/ecooltra706/reports/fbf127ee3364,Personal,CTE,2023-03-18T15:30:02.228Z,1183,ecooltra706,no
ZEUS - PRO,40151,si,[TEST] NOTEBOOK,9ce04356afda,https://app.mode.com/editor/ecooltra706/reports/9ce04356afda,Personal,tabla_ejemplo_2,2023-03-16T14:34:42.059Z,1185,ecooltra706,no
ZEUS - PRO,40151,si,[TEST] NOTEBOOK,9ce04356afda,https://app.mode.com/editor/ecooltra706/reports/9ce04356afda,Personal,tabla_ejemplo,2023-03-16T14:34:42.059Z,1185,ecooltra706,no
ZEUS - PRO,40151,si,Rentals errors,cec2f6b479ea,https://app.mode.com/editor/ecooltra706/reports/cec2f6b479ea,Personal,Errores a nivel de usuario,2026-02-20T08:23:42.731Z,114,ecooltra706,no
ZEUS - PRO,40151,si,Insert data,c0ba2bfe0b61,https://app.mode.com/editor/ecooltra706/reports/c0ba2bfe0b61,Personal,Query 1,2025-05-27T09:46:07.617Z,383,ecooltra706,no
ZEUS - PRO,40151,si,,85c2bb3a3b21,https://app.mode.com/editor/ecooltra706/reports/85c2bb3a3b21,Personal,Query 1,2025-05-07T09:15:17.389Z,403,ecooltra706,no
ZEUS - PRO,40151,si,,8b966665b21b,https://app.mode.com/editor/ecooltra706/reports/8b966665b21b,Personal,Query 1,2025-04-29T11:03:38.608Z,411,ecooltra706,no
ZEUS - PRO,40151,si,,0498f657fd23,https://app.mode.com/editor/ecooltra706/reports/0498f657fd23,Personal,Query 1,2025-04-28T09:07:05.285Z,412,ecooltra706,no
ZEUS - PRO,40151,si,,e02937ea2ae4,https://app.mode.com/editor/ecooltra706/reports/e02937ea2ae4,Personal,Query 1,2025-04-25T09:30:51.054Z,415,ecooltra706,no
ZEUS - PRO,40151,si,,7e4d8efb4c00,https://app.mode.com/editor/ecooltra706/reports/7e4d8efb4c00,Personal,Query 1,2025-04-22T13:24:57.210Z,417,ecooltra706,no
ZEUS - PRO,40151,si,,dff2ab3c3a55,https://app.mode.com/editor/ecooltra706/reports/dff2ab3c3a55,Personal,Query 1,2025-04-15T15:25:45.713Z,424,ecooltra706,no
ZEUS - PRO,40151,si,,32c7a4dbc875,https://app.mode.com/editor/ecooltra706/reports/32c7a4dbc875,Personal,Query 2,2025-04-14T09:47:33.638Z,426,ecooltra706,no
ZEUS - PRO,40151,si,,6fe7bda4991e,https://app.mode.com/editor/ecooltra706/reports/6fe7bda4991e,Personal,Query 1,2025-04-08T13:38:18.855Z,431,ecooltra706,no
ZEUS - PRO,40151,si,,b113e7f36810,https://app.mode.com/editor/ecooltra706/reports/b113e7f36810,Personal,Query 1,2025-04-07T15:21:20.039Z,432,ecooltra706,no
ZEUS - PRO,40151,si,,72a8d768b9e0,https://app.mode.com/editor/ecooltra706/reports/72a8d768b9e0,Personal,Query 1,2025-03-18T13:00:13.723Z,452,ecooltra706,no
ZEUS - PRO,40151,si,,5ef098c0d4db,https://app.mode.com/editor/ecooltra706/reports/5ef098c0d4db,Personal,Query 1,2025-03-13T15:33:48.387Z,457,ecooltra706,no
ZEUS - PRO,40151,si,,cdb3c20f6f3c,https://app.mode.com/editor/ecooltra706/reports/cdb3c20f6f3c,Personal,Query 1,2025-03-05T15:22:19.562Z,465,ecooltra706,no
ZEUS - PRO,40151,si,Alertas superset,367cc6b3cc10,https://app.mode.com/editor/ecooltra706/reports/367cc6b3cc10,Personal,Query 1,2025-02-28T13:57:37.845Z,470,ecooltra706,no
ZEUS - PRO,40151,si,Monthly subscriptions  promos pre_contract redeemed,d4e970baa656,https://app.mode.com/editor/ecooltra706/reports/d4e970baa656,Personal,Query 1,2026-06-11T10:19:47.219Z,3,ecooltra706,no
ZEUS - PRO,40151,si,Monthly subscriptions  promos pre_contract redeemed,d4e970baa656,https://app.mode.com/editor/ecooltra706/reports/d4e970baa656,Personal,Monthly subscriptions  promos pre_contract redeemed,2026-06-11T10:19:47.219Z,3,ecooltra706,no
ZEUS - PRO,40151,si,Monthly subscriptions  promos pre_contract redeemed,d4e970baa656,https://app.mode.com/editor/ecooltra706/reports/d4e970baa656,Personal,z-parameters,2026-06-11T10:19:47.219Z,3,ecooltra706,no
ZEUS - PRO,40151,si,,ea219e0c1ba4,https://app.mode.com/editor/ecooltra706/reports/ea219e0c1ba4,Personal,Query 1,2026-03-16T09:54:08.754Z,90,ecooltra706,no
ZEUS - PRO,40151,si,,492386f1c288,https://app.mode.com/editor/ecooltra706/reports/492386f1c288,Personal,Query 1,2025-11-20T11:40:33.236Z,206,ecooltra706,no
ZEUS - PRO,40151,si,,492386f1c288,https://app.mode.com/editor/ecooltra706/reports/492386f1c288,Personal,Query 2,2025-11-20T11:40:33.236Z,206,ecooltra706,no
ZEUS - PRO,40151,si,,1e009c40d437,https://app.mode.com/editor/ecooltra706/reports/1e009c40d437,Personal,Query 1,2025-11-03T11:54:51.192Z,223,ecooltra706,no
ZEUS - PRO,40151,si,Nova VLT Gurusup i Stripe accounts,79fda29f056c,https://app.mode.com/editor/ecooltra706/reports/79fda29f056c,Personal,Nova VLT Gurusup,2026-06-12T06:56:24.013Z,2,ecooltra706,no
ZEUS - PRO,40151,si,Nova VLT Gurusup i Stripe accounts,79fda29f056c,https://app.mode.com/editor/ecooltra706/reports/79fda29f056c,Personal,Nova VLT Gurusup comprimida,2026-06-12T06:56:24.013Z,2,ecooltra706,no
ZEUS - PRO,40151,si,,a54e0e92349b,https://app.mode.com/editor/ecooltra706/reports/a54e0e92349b,Personal,Query 1,2026-06-01T21:34:34.535Z,12,ecooltra706,no
ZEUS - PRO,40151,si,,7f06f537f2ba,https://app.mode.com/editor/ecooltra706/reports/7f06f537f2ba,Personal,Query 1,2026-06-01T17:59:25.597Z,12,ecooltra706,no
ZEUS - PRO,40151,si,ENTORN de reciclatge Oriol,da8b0cfd2512,https://app.mode.com/editor/ecooltra706/reports/da8b0cfd2512,Personal,Query 24,2026-05-26T12:04:24.202Z,19,ecooltra706,no
ZEUS - PRO,40151,si,ENTORN de reciclatge Oriol,da8b0cfd2512,https://app.mode.com/editor/ecooltra706/reports/da8b0cfd2512,Personal,Tarifes amb rang de minuts gratis diferent a 0,2026-05-26T12:04:24.202Z,19,ecooltra706,no
ZEUS - PRO,40151,si,ENTORN de reciclatge Oriol,da8b0cfd2512,https://app.mode.com/editor/ecooltra706/reports/da8b0cfd2512,Personal,Query 18,2026-05-26T12:04:24.202Z,19,ecooltra706,no
ZEUS - PRO,40151,si,ENTORN de reciclatge Oriol,da8b0cfd2512,https://app.mode.com/editor/ecooltra706/reports/da8b0cfd2512,Personal,Netejar HS de users,2026-05-26T12:04:24.202Z,19,ecooltra706,no
ZEUS - PRO,40151,si,ENTORN de reciclatge Oriol,da8b0cfd2512,https://app.mode.com/editor/ecooltra706/reports/da8b0cfd2512,Personal,Query 21,2026-05-26T12:04:24.202Z,19,ecooltra706,no
ZEUS - PRO,40151,si,ENTORN de reciclatge Oriol,da8b0cfd2512,https://app.mode.com/editor/ecooltra706/reports/da8b0cfd2512,Personal,Taula experiment pay per ride,2026-05-26T12:04:24.202Z,19,ecooltra706,no
ZEUS - PRO,40151,si,,6c1c5b7486d5,https://app.mode.com/editor/ecooltra706/reports/6c1c5b7486d5,Personal,Query 1,2026-05-13T11:56:14.864Z,32,ecooltra706,no
ZEUS - PRO,40151,si,PACK PASS STRIPE seguiment,ba4a61962862,https://app.mode.com/editor/ecooltra706/reports/ba4a61962862,Personal,Query 2,2026-05-08T19:04:17.507Z,36,ecooltra706,no
ZEUS - PRO,40151,si,[CS] Zoho_Integration Compensations Analysis - selection dates,bb8bee13d7a6,https://app.mode.com/editor/ecooltra706/reports/bb8bee13d7a6,Personal,z_param,2026-03-10T14:10:29.124Z,95,ecooltra706,no
ZEUS - PRO,40151,si,Rollout New app Cooltra monitoring,bd9f6914481b,https://app.mode.com/editor/ecooltra706/reports/bd9f6914481b,Personal,Query 1,2026-01-14T19:14:55.726Z,150,ecooltra706,no
ZEUS - PRO,40151,si,Rollout New app Cooltra monitoring,bd9f6914481b,https://app.mode.com/editor/ecooltra706/reports/bd9f6914481b,Personal,Query 2,2026-01-14T19:14:55.726Z,150,ecooltra706,no
ZEUS - PRO,40151,si,% de rentals Closed / Completed por telemática y ciudad,ce9f776ac9cd,https://app.mode.com/editor/ecooltra706/reports/ce9f776ac9cd,Personal,Query 1,2025-12-15T11:45:56.787Z,181,ecooltra706,no
ZEUS - PRO,40151,si,New App Payment analysis,cc9e238a1498,https://app.mode.com/editor/ecooltra706/reports/cc9e238a1498,Personal,Query 1,2025-12-05T11:14:56.892Z,191,ecooltra706,no
ZEUS - PRO,40151,si,New App Payment analysis,cc9e238a1498,https://app.mode.com/editor/ecooltra706/reports/cc9e238a1498,Personal,Query 4,2025-12-05T11:14:56.892Z,191,ecooltra706,no
ZEUS - PRO,40151,si,New App Payment analysis,cc9e238a1498,https://app.mode.com/editor/ecooltra706/reports/cc9e238a1498,Personal,Query 5,2025-12-05T11:14:56.892Z,191,ecooltra706,no
ZEUS - PRO,40151,si,New App Payment analysis,cc9e238a1498,https://app.mode.com/editor/ecooltra706/reports/cc9e238a1498,Personal,New app renters,2025-12-05T11:14:56.892Z,191,ecooltra706,no
ZEUS - PRO,40151,si,New App Payment analysis,cc9e238a1498,https://app.mode.com/editor/ecooltra706/reports/cc9e238a1498,Personal,Payment_Events,2025-12-05T11:14:56.892Z,191,ecooltra706,no
ZEUS - PRO,40151,si,New App Payment analysis,cc9e238a1498,https://app.mode.com/editor/ecooltra706/reports/cc9e238a1498,Personal,Invoice data,2025-12-05T11:14:56.892Z,191,ecooltra706,no
ZEUS - PRO,40151,si,Packs Black November 2025,b22dad75cb81,https://app.mode.com/editor/ecooltra706/reports/b22dad75cb81,Personal,Follow up Cooltra,2026-01-23T07:52:46.136Z,142,ecooltra706,no
ZEUS - PRO,40151,si,Packs Black November 2025,b22dad75cb81,https://app.mode.com/editor/ecooltra706/reports/b22dad75cb81,Personal,Early felyx,2026-01-23T07:52:46.136Z,142,ecooltra706,no
ZEUS - PRO,40151,si,Packs Black November 2025,b22dad75cb81,https://app.mode.com/editor/ecooltra706/reports/b22dad75cb81,Personal,Early Cooltra,2026-01-23T07:52:46.136Z,142,ecooltra706,no
ZEUS - PRO,40151,si,Packs Black November 2025,b22dad75cb81,https://app.mode.com/editor/ecooltra706/reports/b22dad75cb81,Personal,Follow up felyx,2026-01-23T07:52:46.136Z,142,ecooltra706,no
ZEUS - PRO,40151,si,New App - Análisis permisos fuera EEE,243effdf4526,https://app.mode.com/editor/ecooltra706/reports/243effdf4526,Personal,Copy of Countries with 5 coincidences,2025-10-24T05:43:06.873Z,233,ecooltra706,no
ZEUS - PRO,40151,si,New App - Análisis permisos fuera EEE,243effdf4526,https://app.mode.com/editor/ecooltra706/reports/243effdf4526,Personal,Countries with 5 coincidences,2025-10-24T05:43:06.873Z,233,ecooltra706,no
ZEUS - PRO,40151,si,New App - Análisis permisos fuera EEE,243effdf4526,https://app.mode.com/editor/ecooltra706/reports/243effdf4526,Personal,Query 2,2025-10-24T05:43:06.873Z,233,ecooltra706,no
ZEUS - PRO,40151,si,New App - Análisis permisos fuera EEE,243effdf4526,https://app.mode.com/editor/ecooltra706/reports/243effdf4526,Personal,Query 1,2025-10-24T05:43:06.873Z,233,ecooltra706,no
ZEUS - PRO,40151,si,New App - Análisis permisos fuera EEE,243effdf4526,https://app.mode.com/editor/ecooltra706/reports/243effdf4526,Personal,Query 4,2025-10-24T05:43:06.873Z,233,ecooltra706,no
ZEUS - PRO,40151,si,New App - Análisis permisos fuera EEE,243effdf4526,https://app.mode.com/editor/ecooltra706/reports/243effdf4526,Personal,Query 3,2025-10-24T05:43:06.873Z,233,ecooltra706,no
ZEUS - PRO,40151,si,PACKS since 25/11/2024,204578b17e5f,https://app.mode.com/editor/ecooltra706/reports/204578b17e5f,Personal,Query 2,2025-01-20T08:13:37.164Z,510,ecooltra706,no
ZEUS - PRO,40151,si,PACKS since 25/11/2024,204578b17e5f,https://app.mode.com/editor/ecooltra706/reports/204578b17e5f,Personal,Query 2,2025-01-20T08:13:37.164Z,510,ecooltra706,no
ZEUS - PRO,40151,si,PACKS since 25/11/2024,204578b17e5f,https://app.mode.com/editor/ecooltra706/reports/204578b17e5f,Personal,Query 3,2025-01-20T08:13:37.164Z,510,ecooltra706,no
ZEUS - PRO,40151,si,,e34f0185af1b,https://app.mode.com/editor/ecooltra706/reports/e34f0185af1b,Personal,Query 1,2024-03-27T08:47:11.830Z,809,ecooltra706,no
ZEUS - PRO,40151,si,Clone of Maps of rentals from 7:00 to 9:30,52d30c104b88,https://app.mode.com/editor/ecooltra706/reports/52d30c104b88,Personal,01 Rentals,2024-03-21T09:32:51.745Z,815,ecooltra706,no
ZEUS - PRO,40151,si,Clone of Maps of rentals from 7:00 to 9:30,52d30c104b88,https://app.mode.com/editor/ecooltra706/reports/52d30c104b88,Personal,02 Rentals,2024-03-21T09:32:51.745Z,815,ecooltra706,no
ZEUS - PRO,40151,si,Clone of Maps of rentals from 7:00 to 9:30,52d30c104b88,https://app.mode.com/editor/ecooltra706/reports/52d30c104b88,Personal,z_params,2024-03-21T09:32:51.745Z,815,ecooltra706,no
ZEUS - PRO,40151,si,Clone of Maps of rentals from 7:00 to 9:30,52d30c104b88,https://app.mode.com/editor/ecooltra706/reports/52d30c104b88,Personal,05 geo_fences,2024-03-21T09:32:51.745Z,815,ecooltra706,no
ZEUS - PRO,40151,si,,7dfa32a1cfce,https://app.mode.com/editor/ecooltra706/reports/7dfa32a1cfce,Personal,Copy of Query 1,2024-03-15T08:16:26.783Z,821,ecooltra706,no
ZEUS - PRO,40151,si,,7dfa32a1cfce,https://app.mode.com/editor/ecooltra706/reports/7dfa32a1cfce,Personal,Query 8,2024-03-15T08:16:26.783Z,821,ecooltra706,no
ZEUS - PRO,40151,si,,7dfa32a1cfce,https://app.mode.com/editor/ecooltra706/reports/7dfa32a1cfce,Personal,Query 2,2024-03-15T08:16:26.783Z,821,ecooltra706,no
ZEUS - PRO,40151,si,,7dfa32a1cfce,https://app.mode.com/editor/ecooltra706/reports/7dfa32a1cfce,Personal,Query 1,2024-03-15T08:16:26.783Z,821,ecooltra706,no
ZEUS - PRO,40151,si,,7dfa32a1cfce,https://app.mode.com/editor/ecooltra706/reports/7dfa32a1cfce,Personal,Query 5,2024-03-15T08:16:26.783Z,821,ecooltra706,no
ZEUS - PRO,40151,si,,7dfa32a1cfce,https://app.mode.com/editor/ecooltra706/reports/7dfa32a1cfce,Personal,Copy of Query 1,2024-03-15T08:16:26.783Z,821,ecooltra706,no
ZEUS - PRO,40151,si,,7dfa32a1cfce,https://app.mode.com/editor/ecooltra706/reports/7dfa32a1cfce,Personal,Copy of Copy of Query 1,2024-03-15T08:16:26.783Z,821,ecooltra706,no
ZEUS - PRO,40151,si,Rentals per minute,b7df4c03e3ff,https://app.mode.com/editor/ecooltra706/reports/b7df4c03e3ff,Personal,Query 1,2024-03-08T08:54:41.905Z,828,ecooltra706,no
ZEUS - PRO,40151,si,Rentals per minute,b7df4c03e3ff,https://app.mode.com/editor/ecooltra706/reports/b7df4c03e3ff,Personal,Query 3,2024-03-08T08:54:41.905Z,828,ecooltra706,no
ZEUS - PRO,40151,si,Rentals per minute,b7df4c03e3ff,https://app.mode.com/editor/ecooltra706/reports/b7df4c03e3ff,Personal,Query 2,2024-03-08T08:54:41.905Z,828,ecooltra706,no
ZEUS - PRO,40151,si,Rentals per minute,b7df4c03e3ff,https://app.mode.com/editor/ecooltra706/reports/b7df4c03e3ff,Personal,z params,2024-03-08T08:54:41.905Z,828,ecooltra706,no
ZEUS - PRO,40151,si,Rentals per minute,b7df4c03e3ff,https://app.mode.com/editor/ecooltra706/reports/b7df4c03e3ff,Personal,Query 5,2024-03-08T08:54:41.905Z,828,ecooltra706,no
ZEUS - PRO,40151,si,,0936dc888d82,https://app.mode.com/editor/ecooltra706/reports/0936dc888d82,Personal,Query 1,2024-02-21T08:07:55.064Z,844,ecooltra706,no
ZEUS - PRO,40151,si,,8afbb275a90e,https://app.mode.com/editor/ecooltra706/reports/8afbb275a90e,Personal,Query 1,2024-02-19T14:46:36.841Z,845,ecooltra706,no
ZEUS - PRO,40151,si,,213c25ea9ba4,https://app.mode.com/editor/ecooltra706/reports/213c25ea9ba4,Personal,Query 1,2024-02-18T09:34:44.269Z,847,ecooltra706,no
ZEUS - PRO,40151,si,H3 maps,5d2da0651bcd,https://app.mode.com/editor/ecooltra706/reports/5d2da0651bcd,Personal,02 City center,2024-02-15T12:47:34.976Z,849,ecooltra706,no
ZEUS - PRO,40151,si,H3 maps,5d2da0651bcd,https://app.mode.com/editor/ecooltra706/reports/5d2da0651bcd,Personal,01 Rentals,2024-02-15T12:47:34.976Z,849,ecooltra706,no
ZEUS - PRO,40151,si,H3 maps,5d2da0651bcd,https://app.mode.com/editor/ecooltra706/reports/5d2da0651bcd,Personal,z params,2024-02-15T12:47:34.976Z,849,ecooltra706,no
ZEUS - PRO,40151,si,H3 maps,5d2da0651bcd,https://app.mode.com/editor/ecooltra706/reports/5d2da0651bcd,Personal,03 Swaps,2024-02-15T12:47:34.976Z,849,ecooltra706,no
ZEUS - PRO,40151,si,Dormant analysis,69fc2f3c54ed,https://app.mode.com/editor/ecooltra706/reports/69fc2f3c54ed,Personal,Copy of Copy of Query 5,2024-01-11T13:19:17.220Z,884,ecooltra706,no
ZEUS - PRO,40151,si,Dormant analysis,69fc2f3c54ed,https://app.mode.com/editor/ecooltra706/reports/69fc2f3c54ed,Personal,Query 5,2024-01-11T13:19:17.220Z,884,ecooltra706,no
ZEUS - PRO,40151,si,Dormant analysis,69fc2f3c54ed,https://app.mode.com/editor/ecooltra706/reports/69fc2f3c54ed,Personal,Copy of Query 5,2024-01-11T13:19:17.220Z,884,ecooltra706,no
ZEUS - PRO,40151,si,Dormant analysis,69fc2f3c54ed,https://app.mode.com/editor/ecooltra706/reports/69fc2f3c54ed,Personal,01 Dormants,2024-01-11T13:19:17.220Z,884,ecooltra706,no
ZEUS - PRO,40151,si,,40ef6940824e,https://app.mode.com/editor/ecooltra706/reports/40ef6940824e,Personal,Copy of Query 1,2023-10-18T10:00:11.951Z,970,ecooltra706,no
ZEUS - PRO,40151,si,,40ef6940824e,https://app.mode.com/editor/ecooltra706/reports/40ef6940824e,Personal,Query 1,2023-10-18T10:00:11.951Z,970,ecooltra706,no
ZEUS - PRO,40151,si,Miguel Angel,ce87a5f8bb79,https://app.mode.com/editor/ecooltra706/reports/ce87a5f8bb79,Personal,Query 1,2026-06-12T08:02:00.095Z,2,ecooltra706,no
ZEUS - PRO,40151,si,Miguel Angel,ce87a5f8bb79,https://app.mode.com/editor/ecooltra706/reports/ce87a5f8bb79,Personal,Query 6,2026-06-12T08:02:00.095Z,2,ecooltra706,no
ZEUS - PRO,40151,si,Miguel Angel,ce87a5f8bb79,https://app.mode.com/editor/ecooltra706/reports/ce87a5f8bb79,Personal,Query 5,2026-06-12T08:02:00.095Z,2,ecooltra706,no
ZEUS - PRO,40151,si,Miguel Angel,ce87a5f8bb79,https://app.mode.com/editor/ecooltra706/reports/ce87a5f8bb79,Personal,Query 2,2026-06-12T08:02:00.095Z,2,ecooltra706,no
ZEUS - PRO,40151,si,Miguel Angel,ce87a5f8bb79,https://app.mode.com/editor/ecooltra706/reports/ce87a5f8bb79,Personal,Query 3,2026-06-12T08:02:00.095Z,2,ecooltra706,no
ZEUS - PRO,40151,si,Miguel Angel,ce87a5f8bb79,https://app.mode.com/editor/ecooltra706/reports/ce87a5f8bb79,Personal,Query 4,2026-06-12T08:02:00.095Z,2,ecooltra706,no
ZEUS - PRO,40151,si,Copy of [ZEUS] Shifts,d5d571679d19,https://app.mode.com/editor/ecooltra706/reports/d5d571679d19,Personal,01 Work units and shifts,2026-04-17T09:51:37.000Z,58,ecooltra706,no
ZEUS - PRO,40151,si,Copy of [ZEUS] Shifts,d5d571679d19,https://app.mode.com/editor/ecooltra706/reports/d5d571679d19,Personal,z params,2026-04-17T09:51:37.000Z,58,ecooltra706,no
ZEUS - PRO,40151,si,Test - 27/06/2023,943e5b45d515,https://app.mode.com/editor/ecooltra706/reports/943e5b45d515,Personal,test1.1,2023-06-27T08:07:35.663Z,1083,ecooltra706,no
ZEUS - PRO,40151,si,,15795b55adfc,https://app.mode.com/editor/ecooltra706/reports/15795b55adfc,Personal,Query 1,2024-11-12T11:49:47.615Z,579,ecooltra706,no
ZEUS - PRO,40151,si,,1e0011f1dbcf,https://app.mode.com/editor/ecooltra706/reports/1e0011f1dbcf,Personal,Query 5,2024-11-07T12:17:58.166Z,584,ecooltra706,no
ZEUS - PRO,40151,si,,1e0011f1dbcf,https://app.mode.com/editor/ecooltra706/reports/1e0011f1dbcf,Personal,Query 2,2024-11-07T12:17:58.166Z,584,ecooltra706,no
ZEUS - PRO,40151,si,,1e0011f1dbcf,https://app.mode.com/editor/ecooltra706/reports/1e0011f1dbcf,Personal,Query 4,2024-11-07T12:17:58.166Z,584,ecooltra706,no
ZEUS - PRO,40151,si,,1e0011f1dbcf,https://app.mode.com/editor/ecooltra706/reports/1e0011f1dbcf,Personal,Query 6,2024-11-07T12:17:58.166Z,584,ecooltra706,no
ZEUS - PRO,40151,si,,1e0011f1dbcf,https://app.mode.com/editor/ecooltra706/reports/1e0011f1dbcf,Personal,Query 3,2024-11-07T12:17:58.166Z,584,ecooltra706,no
ZEUS - PRO,40151,si,,1e0011f1dbcf,https://app.mode.com/editor/ecooltra706/reports/1e0011f1dbcf,Personal,Query 7,2024-11-07T12:17:58.166Z,584,ecooltra706,no
ZEUS - PRO,40151,si,,1e0011f1dbcf,https://app.mode.com/editor/ecooltra706/reports/1e0011f1dbcf,Personal,Query 1,2024-11-07T12:17:58.166Z,584,ecooltra706,no
ZEUS - PRO,40151,si,,d8d789e7ff88,https://app.mode.com/editor/ecooltra706/reports/d8d789e7ff88,Personal,Query 1,2024-10-22T15:51:33.007Z,599,ecooltra706,no
ZEUS - PRO,40151,si,,167339597265,https://app.mode.com/editor/ecooltra706/reports/167339597265,Personal,Query 1,2024-10-18T15:00:21.670Z,603,ecooltra706,no
ZEUS - PRO,40151,si,,167339597265,https://app.mode.com/editor/ecooltra706/reports/167339597265,Personal,Query 2,2024-10-18T15:00:21.670Z,603,ecooltra706,no
ZEUS - PRO,40151,si,,8893255b9fb2,https://app.mode.com/editor/ecooltra706/reports/8893255b9fb2,Personal,Query 6,2024-10-16T07:26:08.947Z,606,ecooltra706,no
ZEUS - PRO,40151,si,,8893255b9fb2,https://app.mode.com/editor/ecooltra706/reports/8893255b9fb2,Personal,Query 2,2024-10-16T07:26:08.947Z,606,ecooltra706,no
ZEUS - PRO,40151,si,,8893255b9fb2,https://app.mode.com/editor/ecooltra706/reports/8893255b9fb2,Personal,Query 5,2024-10-16T07:26:08.947Z,606,ecooltra706,no
ZEUS - PRO,40151,si,,8893255b9fb2,https://app.mode.com/editor/ecooltra706/reports/8893255b9fb2,Personal,Query 4,2024-10-16T07:26:08.947Z,606,ecooltra706,no
ZEUS - PRO,40151,si,,8893255b9fb2,https://app.mode.com/editor/ecooltra706/reports/8893255b9fb2,Personal,Query 1,2024-10-16T07:26:08.947Z,606,ecooltra706,no
ZEUS - PRO,40151,si,,8893255b9fb2,https://app.mode.com/editor/ecooltra706/reports/8893255b9fb2,Personal,Query 3,2024-10-16T07:26:08.947Z,606,ecooltra706,no
ZEUS - PRO,40151,si,,562fe7f68edf,https://app.mode.com/editor/ecooltra706/reports/562fe7f68edf,Personal,Query 2,2024-10-14T10:12:54.915Z,608,ecooltra706,no
ZEUS - PRO,40151,si,,562fe7f68edf,https://app.mode.com/editor/ecooltra706/reports/562fe7f68edf,Personal,Query 1,2024-10-14T10:12:54.915Z,608,ecooltra706,no
ZEUS - PRO,40151,si,,cf9d93894c87,https://app.mode.com/editor/ecooltra706/reports/cf9d93894c87,Personal,Query 1,2024-10-09T10:42:34.634Z,613,ecooltra706,no
ZEUS - PRO,40151,si,,cf9d93894c87,https://app.mode.com/editor/ecooltra706/reports/cf9d93894c87,Personal,Query 2,2024-10-09T10:42:34.634Z,613,ecooltra706,no
ZEUS - PRO,40151,si,,6dc0291507fb,https://app.mode.com/editor/ecooltra706/reports/6dc0291507fb,Personal,Query 1,2024-09-19T13:15:16.604Z,632,ecooltra706,no
ZEUS - PRO,40151,si,,ef15361b4c76,https://app.mode.com/editor/ecooltra706/reports/ef15361b4c76,Personal,Query 1,2024-09-13T11:23:04.987Z,639,ecooltra706,no
ZEUS - PRO,40151,si,,2824fe5ed40b,https://app.mode.com/editor/ecooltra706/reports/2824fe5ed40b,Personal,Query 1,2024-09-09T13:50:40.004Z,642,ecooltra706,no
ZEUS - PRO,40151,si,,337eec2650b9,https://app.mode.com/editor/ecooltra706/reports/337eec2650b9,Personal,Query 1,2024-08-26T14:29:15.010Z,656,ecooltra706,no
ZEUS - PRO,40151,si,,337eec2650b9,https://app.mode.com/editor/ecooltra706/reports/337eec2650b9,Personal,Query 2,2024-08-26T14:29:15.010Z,656,ecooltra706,no
ZEUS - PRO,40151,si,,f42f72b035ed,https://app.mode.com/editor/ecooltra706/reports/f42f72b035ed,Personal,Query 2,2024-08-26T12:07:31.088Z,657,ecooltra706,no
ZEUS - PRO,40151,si,,f42f72b035ed,https://app.mode.com/editor/ecooltra706/reports/f42f72b035ed,Personal,Query 1,2024-08-26T12:07:31.088Z,657,ecooltra706,no
ZEUS - PRO,40151,si,,f42f72b035ed,https://app.mode.com/editor/ecooltra706/reports/f42f72b035ed,Personal,Query 12,2024-08-26T12:07:31.088Z,657,ecooltra706,no
ZEUS - PRO,40151,si,,f42f72b035ed,https://app.mode.com/editor/ecooltra706/reports/f42f72b035ed,Personal,Query 3,2024-08-26T12:07:31.088Z,657,ecooltra706,no
ZEUS - PRO,40151,si,,f42f72b035ed,https://app.mode.com/editor/ecooltra706/reports/f42f72b035ed,Personal,Query 6,2024-08-26T12:07:31.088Z,657,ecooltra706,no
ZEUS - PRO,40151,si,,f42f72b035ed,https://app.mode.com/editor/ecooltra706/reports/f42f72b035ed,Personal,Query 4,2024-08-26T12:07:31.088Z,657,ecooltra706,no
ZEUS - PRO,40151,si,,f42f72b035ed,https://app.mode.com/editor/ecooltra706/reports/f42f72b035ed,Personal,Query 9,2024-08-26T12:07:31.088Z,657,ecooltra706,no
ZEUS - PRO,40151,si,,f42f72b035ed,https://app.mode.com/editor/ecooltra706/reports/f42f72b035ed,Personal,Query 10,2024-08-26T12:07:31.088Z,657,ecooltra706,no
ZEUS - PRO,40151,si,,f42f72b035ed,https://app.mode.com/editor/ecooltra706/reports/f42f72b035ed,Personal,Query 11,2024-08-26T12:07:31.088Z,657,ecooltra706,no
ZEUS - PRO,40151,si,,f42f72b035ed,https://app.mode.com/editor/ecooltra706/reports/f42f72b035ed,Personal,Query 7,2024-08-26T12:07:31.088Z,657,ecooltra706,no
ZEUS - PRO,40151,si,,f42f72b035ed,https://app.mode.com/editor/ecooltra706/reports/f42f72b035ed,Personal,Query 5,2024-08-26T12:07:31.088Z,657,ecooltra706,no
ZEUS - PRO,40151,si,,f42f72b035ed,https://app.mode.com/editor/ecooltra706/reports/f42f72b035ed,Personal,Query 8,2024-08-26T12:07:31.088Z,657,ecooltra706,no
ZEUS - PRO,40151,si,,5e8d3178baee,https://app.mode.com/editor/ecooltra706/reports/5e8d3178baee,Personal,Query 1,2024-08-23T13:48:36.888Z,659,ecooltra706,no
ZEUS - PRO,40151,si,,5e8d3178baee,https://app.mode.com/editor/ecooltra706/reports/5e8d3178baee,Personal,Query 2,2024-08-23T13:48:36.888Z,659,ecooltra706,no
ZEUS - PRO,40151,si,,e28d8ae27cdb,https://app.mode.com/editor/ecooltra706/reports/e28d8ae27cdb,Personal,Query 1,2024-08-14T09:28:54.848Z,669,ecooltra706,no
ZEUS - PRO,40151,si,,28e128d752a5,https://app.mode.com/editor/ecooltra706/reports/28e128d752a5,Personal,Query 7,2024-08-13T09:47:19.060Z,670,ecooltra706,no
ZEUS - PRO,40151,si,,28e128d752a5,https://app.mode.com/editor/ecooltra706/reports/28e128d752a5,Personal,Query 8,2024-08-13T09:47:19.060Z,670,ecooltra706,no
ZEUS - PRO,40151,si,,28e128d752a5,https://app.mode.com/editor/ecooltra706/reports/28e128d752a5,Personal,Query 11,2024-08-13T09:47:19.060Z,670,ecooltra706,no
ZEUS - PRO,40151,si,,28e128d752a5,https://app.mode.com/editor/ecooltra706/reports/28e128d752a5,Personal,Query 9,2024-08-13T09:47:19.060Z,670,ecooltra706,no
ZEUS - PRO,40151,si,,28e128d752a5,https://app.mode.com/editor/ecooltra706/reports/28e128d752a5,Personal,Query 10,2024-08-13T09:47:19.060Z,670,ecooltra706,no
ZEUS - PRO,40151,si,,28e128d752a5,https://app.mode.com/editor/ecooltra706/reports/28e128d752a5,Personal,Query 1,2024-08-13T09:47:19.060Z,670,ecooltra706,no
ZEUS - PRO,40151,si,,28e128d752a5,https://app.mode.com/editor/ecooltra706/reports/28e128d752a5,Personal,Query 5,2024-08-13T09:47:19.060Z,670,ecooltra706,no
ZEUS - PRO,40151,si,,28e128d752a5,https://app.mode.com/editor/ecooltra706/reports/28e128d752a5,Personal,Query 6,2024-08-13T09:47:19.060Z,670,ecooltra706,no
ZEUS - PRO,40151,si,,28e128d752a5,https://app.mode.com/editor/ecooltra706/reports/28e128d752a5,Personal,Query 2,2024-08-13T09:47:19.060Z,670,ecooltra706,no
ZEUS - PRO,40151,si,,28e128d752a5,https://app.mode.com/editor/ecooltra706/reports/28e128d752a5,Personal,Query 3,2024-08-13T09:47:19.060Z,670,ecooltra706,no
ZEUS - PRO,40151,si,,28e128d752a5,https://app.mode.com/editor/ecooltra706/reports/28e128d752a5,Personal,Query 4,2024-08-13T09:47:19.060Z,670,ecooltra706,no
ZEUS - PRO,40151,si,,8fda600d2eb2,https://app.mode.com/editor/ecooltra706/reports/8fda600d2eb2,Personal,Query 1,2024-08-08T14:53:35.966Z,674,ecooltra706,no
ZEUS - PRO,40151,si,,eec6d378f46f,https://app.mode.com/editor/ecooltra706/reports/eec6d378f46f,Personal,Query 1,2024-08-08T07:30:12.902Z,675,ecooltra706,no
ZEUS - PRO,40151,si,,c16d25185168,https://app.mode.com/editor/ecooltra706/reports/c16d25185168,Personal,Query 2,2024-07-11T11:33:12.961Z,703,ecooltra706,no
ZEUS - PRO,40151,si,,c16d25185168,https://app.mode.com/editor/ecooltra706/reports/c16d25185168,Personal,Query 1,2024-07-11T11:33:12.961Z,703,ecooltra706,no
ZEUS - PRO,40151,si,,93998eb338d4,https://app.mode.com/editor/ecooltra706/reports/93998eb338d4,Personal,Query 1,2024-06-14T13:14:32.540Z,729,ecooltra706,no
ZEUS - PRO,40151,si,,93998eb338d4,https://app.mode.com/editor/ecooltra706/reports/93998eb338d4,Personal,Copy of Query 1,2024-06-14T13:14:32.540Z,729,ecooltra706,no
ZEUS - PRO,40151,si,,93998eb338d4,https://app.mode.com/editor/ecooltra706/reports/93998eb338d4,Personal,Query 3,2024-06-14T13:14:32.540Z,729,ecooltra706,no
ZEUS - PRO,40151,si,,93998eb338d4,https://app.mode.com/editor/ecooltra706/reports/93998eb338d4,Personal,Query 4,2024-06-14T13:14:32.540Z,729,ecooltra706,no
ZEUS - PRO,40151,si,,4ec20b4caee3,https://app.mode.com/editor/ecooltra706/reports/4ec20b4caee3,Personal,Query 2,2024-05-16T11:35:39.713Z,759,ecooltra706,no
ZEUS - PRO,40151,si,,4ec20b4caee3,https://app.mode.com/editor/ecooltra706/reports/4ec20b4caee3,Personal,Query 1,2024-05-16T11:35:39.713Z,759,ecooltra706,no
ZEUS - PRO,40151,si,Templates,b20639141db7,https://app.mode.com/editor/ecooltra706/reports/b20639141db7,Personal,Task Incidents Templates,2024-03-26T14:15:38.735Z,809,ecooltra706,no
ZEUS - PRO,40151,si,,fe9f08ac24d7,https://app.mode.com/editor/ecooltra706/reports/fe9f08ac24d7,Personal,Query 1,2024-02-23T15:45:20.808Z,841,ecooltra706,no
ZEUS - PRO,40151,si,,fe9f08ac24d7,https://app.mode.com/editor/ecooltra706/reports/fe9f08ac24d7,Personal,Query 2,2024-02-23T15:45:20.808Z,841,ecooltra706,no
ZEUS - PRO,40151,si,,42253151633e,https://app.mode.com/editor/ecooltra706/reports/42253151633e,Personal,Query 1,2024-01-26T10:23:42.045Z,870,ecooltra706,no
ZEUS - PRO,40151,si,,42253151633e,https://app.mode.com/editor/ecooltra706/reports/42253151633e,Personal,Query 2,2024-01-26T10:23:42.045Z,870,ecooltra706,no
ZEUS - PRO,40151,si,[WEEKLY DASHB] [ZEUS] [OFFICIAL] PROBLEM REPORTS,34370bb675e4,https://app.mode.com/editor/ecooltra706/reports/34370bb675e4,Personal,06 Operators,2024-11-10T13:44:14.425Z,580,ecooltra706,no
ZEUS - PRO,40151,si,[WEEKLY DASHB] [ZEUS] [OFFICIAL] PROBLEM REPORTS,34370bb675e4,https://app.mode.com/editor/ecooltra706/reports/34370bb675e4,Personal,z params,2024-11-10T13:44:14.425Z,580,ecooltra706,no
ZEUS - PRO,40151,si,[WEEKLY DASHB] [ZEUS] [OFFICIAL] PROBLEM REPORTS,34370bb675e4,https://app.mode.com/editor/ecooltra706/reports/34370bb675e4,Personal,02 AVG processing duration,2024-11-10T13:44:14.425Z,580,ecooltra706,no
ZEUS - PRO,40151,si,[WEEKLY DASHB] [ZEUS] [OFFICIAL] PROBLEM REPORTS,34370bb675e4,https://app.mode.com/editor/ecooltra706/reports/34370bb675e4,Personal,03 DR per tag and city,2024-11-10T13:44:14.425Z,580,ecooltra706,no
ZEUS - PRO,40151,si,[WEEKLY DASHB] [ZEUS] [OFFICIAL] PROBLEM REPORTS,34370bb675e4,https://app.mode.com/editor/ecooltra706/reports/34370bb675e4,Personal,07 City,2024-11-10T13:44:14.425Z,580,ecooltra706,no
ZEUS - PRO,40151,si,[WEEKLY DASHB] [ZEUS] [OFFICIAL] PROBLEM REPORTS,34370bb675e4,https://app.mode.com/editor/ecooltra706/reports/34370bb675e4,Personal,01 Damage per city and day,2024-11-10T13:44:14.425Z,580,ecooltra706,no
ZEUS - PRO,40151,si,,15ce99827fe9,https://app.mode.com/editor/ecooltra706/reports/15ce99827fe9,Personal,Query 3,2023-12-01T14:27:51.046Z,925,ecooltra706,no
ZEUS - PRO,40151,si,,15ce99827fe9,https://app.mode.com/editor/ecooltra706/reports/15ce99827fe9,Personal,Query 1,2023-12-01T14:27:51.046Z,925,ecooltra706,no
ZEUS - PRO,40151,si,,15ce99827fe9,https://app.mode.com/editor/ecooltra706/reports/15ce99827fe9,Personal,Query 2,2023-12-01T14:27:51.046Z,925,ecooltra706,no
ZEUS - PRO,40151,si,,15ce99827fe9,https://app.mode.com/editor/ecooltra706/reports/15ce99827fe9,Personal,Query 5,2023-12-01T14:27:51.046Z,925,ecooltra706,no
ZEUS - PRO,40151,si,,15ce99827fe9,https://app.mode.com/editor/ecooltra706/reports/15ce99827fe9,Personal,Query 5,2023-12-01T14:27:51.046Z,925,ecooltra706,no
ZEUS - PRO,40151,si,,15ce99827fe9,https://app.mode.com/editor/ecooltra706/reports/15ce99827fe9,Personal,Query 4,2023-12-01T14:27:51.046Z,925,ecooltra706,no
ZEUS - PRO,40151,si,,aaa89b76630d,https://app.mode.com/editor/ecooltra706/reports/aaa89b76630d,Personal,Query 5,2023-11-14T12:45:12.924Z,942,ecooltra706,no
ZEUS - PRO,40151,si,,aaa89b76630d,https://app.mode.com/editor/ecooltra706/reports/aaa89b76630d,Personal,Query 7,2023-11-14T12:45:12.924Z,942,ecooltra706,no
ZEUS - PRO,40151,si,,aaa89b76630d,https://app.mode.com/editor/ecooltra706/reports/aaa89b76630d,Personal,Query 20,2023-11-14T12:45:12.924Z,942,ecooltra706,no
ZEUS - PRO,40151,si,,aaa89b76630d,https://app.mode.com/editor/ecooltra706/reports/aaa89b76630d,Personal,Query 4,2023-11-14T12:45:12.924Z,942,ecooltra706,no
ZEUS - PRO,40151,si,,aaa89b76630d,https://app.mode.com/editor/ecooltra706/reports/aaa89b76630d,Personal,Query 3,2023-11-14T12:45:12.924Z,942,ecooltra706,no
ZEUS - PRO,40151,si,,aaa89b76630d,https://app.mode.com/editor/ecooltra706/reports/aaa89b76630d,Personal,Query 19,2023-11-14T12:45:12.924Z,942,ecooltra706,no
ZEUS - PRO,40151,si,,aaa89b76630d,https://app.mode.com/editor/ecooltra706/reports/aaa89b76630d,Personal,Query 6,2023-11-14T12:45:12.924Z,942,ecooltra706,no
ZEUS - PRO,40151,si,,aaa89b76630d,https://app.mode.com/editor/ecooltra706/reports/aaa89b76630d,Personal,Query 14,2023-11-14T12:45:12.924Z,942,ecooltra706,no
ZEUS - PRO,40151,si,,aaa89b76630d,https://app.mode.com/editor/ecooltra706/reports/aaa89b76630d,Personal,Query 13,2023-11-14T12:45:12.924Z,942,ecooltra706,no
ZEUS - PRO,40151,si,,aaa89b76630d,https://app.mode.com/editor/ecooltra706/reports/aaa89b76630d,Personal,Query 17,2023-11-14T12:45:12.924Z,942,ecooltra706,no
ZEUS - PRO,40151,si,,aaa89b76630d,https://app.mode.com/editor/ecooltra706/reports/aaa89b76630d,Personal,Query 8,2023-11-14T12:45:12.924Z,942,ecooltra706,no
ZEUS - PRO,40151,si,,aaa89b76630d,https://app.mode.com/editor/ecooltra706/reports/aaa89b76630d,Personal,PROMO CREDIT,2023-11-14T12:45:12.924Z,942,ecooltra706,no
ZEUS - PRO,40151,si,,aaa89b76630d,https://app.mode.com/editor/ecooltra706/reports/aaa89b76630d,Personal,Query 2,2023-11-14T12:45:12.924Z,942,ecooltra706,no
ZEUS - PRO,40151,si,,aaa89b76630d,https://app.mode.com/editor/ecooltra706/reports/aaa89b76630d,Personal,Query 1,2023-11-14T12:45:12.924Z,942,ecooltra706,no
ZEUS - PRO,40151,si,,aaa89b76630d,https://app.mode.com/editor/ecooltra706/reports/aaa89b76630d,Personal,PROMO DISCOUNT (USED OR NOT),2023-11-14T12:45:12.924Z,942,ecooltra706,no
ZEUS - PRO,40151,si,,aaa89b76630d,https://app.mode.com/editor/ecooltra706/reports/aaa89b76630d,Personal,Query 18,2023-11-14T12:45:12.924Z,942,ecooltra706,no
ZEUS - PRO,40151,si,,aaa89b76630d,https://app.mode.com/editor/ecooltra706/reports/aaa89b76630d,Personal,PROMO DISCOUNT,2023-11-14T12:45:12.924Z,942,ecooltra706,no
ZEUS - PRO,40151,si,,aaa89b76630d,https://app.mode.com/editor/ecooltra706/reports/aaa89b76630d,Personal,Query 15,2023-11-14T12:45:12.924Z,942,ecooltra706,no
ZEUS - PRO,40151,si,,aaa89b76630d,https://app.mode.com/editor/ecooltra706/reports/aaa89b76630d,Personal,PROMO SUBSCRIPTION,2023-11-14T12:45:12.924Z,942,ecooltra706,no
ZEUS - PRO,40151,si,,aaa89b76630d,https://app.mode.com/editor/ecooltra706/reports/aaa89b76630d,Personal,Query 16,2023-11-14T12:45:12.924Z,942,ecooltra706,no
ZEUS - PRO,40151,si,,aaa89b76630d,https://app.mode.com/editor/ecooltra706/reports/aaa89b76630d,Personal,Query 22,2023-11-14T12:45:12.924Z,942,ecooltra706,no
ZEUS - PRO,40151,si,,aaa89b76630d,https://app.mode.com/editor/ecooltra706/reports/aaa89b76630d,Personal,Query 21,2023-11-14T12:45:12.924Z,942,ecooltra706,no
ZEUS - PRO,40151,si,,b516c6b7d04c,https://app.mode.com/editor/ecooltra706/reports/b516c6b7d04c,Personal,Query 18,2023-10-09T08:58:11.575Z,979,ecooltra706,no
ZEUS - PRO,40151,si,,b516c6b7d04c,https://app.mode.com/editor/ecooltra706/reports/b516c6b7d04c,Personal,Query 4,2023-10-09T08:58:11.575Z,979,ecooltra706,no
ZEUS - PRO,40151,si,,b516c6b7d04c,https://app.mode.com/editor/ecooltra706/reports/b516c6b7d04c,Personal,Query 1,2023-10-09T08:58:11.575Z,979,ecooltra706,no
ZEUS - PRO,40151,si,,b516c6b7d04c,https://app.mode.com/editor/ecooltra706/reports/b516c6b7d04c,Personal,Query 13,2023-10-09T08:58:11.575Z,979,ecooltra706,no
ZEUS - PRO,40151,si,,b516c6b7d04c,https://app.mode.com/editor/ecooltra706/reports/b516c6b7d04c,Personal,Query 5,2023-10-09T08:58:11.575Z,979,ecooltra706,no
ZEUS - PRO,40151,si,,b516c6b7d04c,https://app.mode.com/editor/ecooltra706/reports/b516c6b7d04c,Personal,Query 10,2023-10-09T08:58:11.575Z,979,ecooltra706,no
ZEUS - PRO,40151,si,,b516c6b7d04c,https://app.mode.com/editor/ecooltra706/reports/b516c6b7d04c,Personal,Query 12,2023-10-09T08:58:11.575Z,979,ecooltra706,no
ZEUS - PRO,40151,si,,b516c6b7d04c,https://app.mode.com/editor/ecooltra706/reports/b516c6b7d04c,Personal,Query 16,2023-10-09T08:58:11.575Z,979,ecooltra706,no
ZEUS - PRO,40151,si,,b516c6b7d04c,https://app.mode.com/editor/ecooltra706/reports/b516c6b7d04c,Personal,Query 11,2023-10-09T08:58:11.575Z,979,ecooltra706,no
ZEUS - PRO,40151,si,,b516c6b7d04c,https://app.mode.com/editor/ecooltra706/reports/b516c6b7d04c,Personal,Query 2,2023-10-09T08:58:11.575Z,979,ecooltra706,no
ZEUS - PRO,40151,si,,b516c6b7d04c,https://app.mode.com/editor/ecooltra706/reports/b516c6b7d04c,Personal,Query 8,2023-10-09T08:58:11.575Z,979,ecooltra706,no
ZEUS - PRO,40151,si,,b516c6b7d04c,https://app.mode.com/editor/ecooltra706/reports/b516c6b7d04c,Personal,Query 3,2023-10-09T08:58:11.575Z,979,ecooltra706,no
ZEUS - PRO,40151,si,,b516c6b7d04c,https://app.mode.com/editor/ecooltra706/reports/b516c6b7d04c,Personal,Query 6,2023-10-09T08:58:11.575Z,979,ecooltra706,no
ZEUS - PRO,40151,si,,b516c6b7d04c,https://app.mode.com/editor/ecooltra706/reports/b516c6b7d04c,Personal,Query 7,2023-10-09T08:58:11.575Z,979,ecooltra706,no
ZEUS - PRO,40151,si,,b516c6b7d04c,https://app.mode.com/editor/ecooltra706/reports/b516c6b7d04c,Personal,Query 15,2023-10-09T08:58:11.575Z,979,ecooltra706,no
ZEUS - PRO,40151,si,,b516c6b7d04c,https://app.mode.com/editor/ecooltra706/reports/b516c6b7d04c,Personal,Query 9,2023-10-09T08:58:11.575Z,979,ecooltra706,no
ZEUS - PRO,40151,si,,b516c6b7d04c,https://app.mode.com/editor/ecooltra706/reports/b516c6b7d04c,Personal,Query 14,2023-10-09T08:58:11.575Z,979,ecooltra706,no
ZEUS - PRO,40151,si,,b516c6b7d04c,https://app.mode.com/editor/ecooltra706/reports/b516c6b7d04c,Personal,Query 17,2023-10-09T08:58:11.575Z,979,ecooltra706,no
ZEUS - PRO,40151,si,,3140a06551e0,https://app.mode.com/editor/ecooltra706/reports/3140a06551e0,Personal,Query 1,2023-07-28T12:18:40.415Z,1052,ecooltra706,no
ZEUS - PRO,40151,si,Bloomreach Dani,c623acf154d9,https://app.mode.com/editor/ecooltra706/reports/c623acf154d9,Personal,Query 3,2023-07-26T11:43:37.581Z,1054,ecooltra706,no
ZEUS - PRO,40151,si,Bloomreach Dani,c623acf154d9,https://app.mode.com/editor/ecooltra706/reports/c623acf154d9,Personal,Query 4,2023-07-26T11:43:37.581Z,1054,ecooltra706,no
ZEUS - PRO,40151,si,Bloomreach Dani,c623acf154d9,https://app.mode.com/editor/ecooltra706/reports/c623acf154d9,Personal,Query 5,2023-07-26T11:43:37.581Z,1054,ecooltra706,no
ZEUS - PRO,40151,si,Bloomreach Dani,c623acf154d9,https://app.mode.com/editor/ecooltra706/reports/c623acf154d9,Personal,user credit,2023-07-26T11:43:37.581Z,1054,ecooltra706,no
ZEUS - PRO,40151,si,Bloomreach Dani,c623acf154d9,https://app.mode.com/editor/ecooltra706/reports/c623acf154d9,Personal,Query 8,2023-07-26T11:43:37.581Z,1054,ecooltra706,no
ZEUS - PRO,40151,si,Bloomreach Dani,c623acf154d9,https://app.mode.com/editor/ecooltra706/reports/c623acf154d9,Personal,Query 10,2023-07-26T11:43:37.581Z,1054,ecooltra706,no
ZEUS - PRO,40151,si,Bloomreach Dani,c623acf154d9,https://app.mode.com/editor/ecooltra706/reports/c623acf154d9,Personal,Query 11,2023-07-26T11:43:37.581Z,1054,ecooltra706,no
ZEUS - PRO,40151,si,Bloomreach Dani,c623acf154d9,https://app.mode.com/editor/ecooltra706/reports/c623acf154d9,Personal,Query 13,2023-07-26T11:43:37.581Z,1054,ecooltra706,no
ZEUS - PRO,40151,si,Bloomreach Dani,c623acf154d9,https://app.mode.com/editor/ecooltra706/reports/c623acf154d9,Personal,Query 14,2023-07-26T11:43:37.581Z,1054,ecooltra706,no
ZEUS - PRO,40151,si,Bloomreach Dani,c623acf154d9,https://app.mode.com/editor/ecooltra706/reports/c623acf154d9,Personal,Query 9,2023-07-26T11:43:37.581Z,1054,ecooltra706,no
ZEUS - PRO,40151,si,Bloomreach Dani,c623acf154d9,https://app.mode.com/editor/ecooltra706/reports/c623acf154d9,Personal,Query 17,2023-07-26T11:43:37.581Z,1054,ecooltra706,no
ZEUS - PRO,40151,si,Bloomreach Dani,c623acf154d9,https://app.mode.com/editor/ecooltra706/reports/c623acf154d9,Personal,rental price,2023-07-26T11:43:37.581Z,1054,ecooltra706,no
ZEUS - PRO,40151,si,Bloomreach Dani,c623acf154d9,https://app.mode.com/editor/ecooltra706/reports/c623acf154d9,Personal,Query 18,2023-07-26T11:43:37.581Z,1054,ecooltra706,no
ZEUS - PRO,40151,si,Bloomreach Dani,c623acf154d9,https://app.mode.com/editor/ecooltra706/reports/c623acf154d9,Personal,Query 15,2023-07-26T11:43:37.581Z,1054,ecooltra706,no
ZEUS - PRO,40151,si,Bloomreach Dani,c623acf154d9,https://app.mode.com/editor/ecooltra706/reports/c623acf154d9,Personal,Query 12,2023-07-26T11:43:37.581Z,1054,ecooltra706,no
ZEUS - PRO,40151,si,Bloomreach Dani,c623acf154d9,https://app.mode.com/editor/ecooltra706/reports/c623acf154d9,Personal,Query 16,2023-07-26T11:43:37.581Z,1054,ecooltra706,no
ZEUS - PRO,40151,si,Bloomreach Dani,c623acf154d9,https://app.mode.com/editor/ecooltra706/reports/c623acf154d9,Personal,Query 2,2023-07-26T11:43:37.581Z,1054,ecooltra706,no
ZEUS - PRO,40151,si,Bloomreach Dani,c623acf154d9,https://app.mode.com/editor/ecooltra706/reports/c623acf154d9,Personal,Query 1,2023-07-26T11:43:37.581Z,1054,ecooltra706,no
ZEUS - PRO,40151,si,,61f995cd7fe9,https://app.mode.com/editor/ecooltra706/reports/61f995cd7fe9,Personal,first_activation_update,2023-07-25T16:32:54.769Z,1054,ecooltra706,no
ZEUS - PRO,40151,si,,61f995cd7fe9,https://app.mode.com/editor/ecooltra706/reports/61f995cd7fe9,Personal,Query 17,2023-07-25T16:32:54.769Z,1054,ecooltra706,no
ZEUS - PRO,40151,si,,61f995cd7fe9,https://app.mode.com/editor/ecooltra706/reports/61f995cd7fe9,Personal,rental Update,2023-07-25T16:32:54.769Z,1054,ecooltra706,no
ZEUS - PRO,40151,si,,61f995cd7fe9,https://app.mode.com/editor/ecooltra706/reports/61f995cd7fe9,Personal,subs_update,2023-07-25T16:32:54.769Z,1054,ecooltra706,no
ZEUS - PRO,40151,si,,61f995cd7fe9,https://app.mode.com/editor/ecooltra706/reports/61f995cd7fe9,Personal,subs_import,2023-07-25T16:32:54.769Z,1054,ecooltra706,no
ZEUS - PRO,40151,si,,61f995cd7fe9,https://app.mode.com/editor/ecooltra706/reports/61f995cd7fe9,Personal,Query 8,2023-07-25T16:32:54.769Z,1054,ecooltra706,no
ZEUS - PRO,40151,si,,61f995cd7fe9,https://app.mode.com/editor/ecooltra706/reports/61f995cd7fe9,Personal,Query 10,2023-07-25T16:32:54.769Z,1054,ecooltra706,no
ZEUS - PRO,40151,si,,61f995cd7fe9,https://app.mode.com/editor/ecooltra706/reports/61f995cd7fe9,Personal,redeemed promos,2023-07-25T16:32:54.769Z,1054,ecooltra706,no
ZEUS - PRO,40151,si,,61f995cd7fe9,https://app.mode.com/editor/ecooltra706/reports/61f995cd7fe9,Personal,Query 12,2023-07-25T16:32:54.769Z,1054,ecooltra706,no
ZEUS - PRO,40151,si,,61f995cd7fe9,https://app.mode.com/editor/ecooltra706/reports/61f995cd7fe9,Personal,Query 16,2023-07-25T16:32:54.769Z,1054,ecooltra706,no
ZEUS - PRO,40151,si,,61f995cd7fe9,https://app.mode.com/editor/ecooltra706/reports/61f995cd7fe9,Personal,status_import,2023-07-25T16:32:54.769Z,1054,ecooltra706,no
ZEUS - PRO,40151,si,,61f995cd7fe9,https://app.mode.com/editor/ecooltra706/reports/61f995cd7fe9,Personal,Query 7,2023-07-25T16:32:54.769Z,1054,ecooltra706,no
ZEUS - PRO,40151,si,,61f995cd7fe9,https://app.mode.com/editor/ecooltra706/reports/61f995cd7fe9,Personal,users_import,2023-07-25T16:32:54.769Z,1054,ecooltra706,no
ZEUS - PRO,40151,si,,61f995cd7fe9,https://app.mode.com/editor/ecooltra706/reports/61f995cd7fe9,Personal,Query 13,2023-07-25T16:32:54.769Z,1054,ecooltra706,no
ZEUS - PRO,40151,si,,61f995cd7fe9,https://app.mode.com/editor/ecooltra706/reports/61f995cd7fe9,Personal,Query 13,2023-07-25T16:32:54.769Z,1054,ecooltra706,no
ZEUS - PRO,40151,si,,61f995cd7fe9,https://app.mode.com/editor/ecooltra706/reports/61f995cd7fe9,Personal,Query 14,2023-07-25T16:32:54.769Z,1054,ecooltra706,no
ZEUS - PRO,40151,si,,61f995cd7fe9,https://app.mode.com/editor/ecooltra706/reports/61f995cd7fe9,Personal,Query 15,2023-07-25T16:32:54.769Z,1054,ecooltra706,no
ZEUS - PRO,40151,si,,61f995cd7fe9,https://app.mode.com/editor/ecooltra706/reports/61f995cd7fe9,Personal,Query 18,2023-07-25T16:32:54.769Z,1054,ecooltra706,no
